# Original editable reactor graybox. One unit = one Minecraft block.
mtllib reactor-graybox.mtl
o joint_0_0_0
usemtl graphite
v 0.125000 0.125000 0.125000
v 0.125000 0.125000 0.875000
v 0.125000 0.875000 0.875000
f 1 2 3
v 0.125000 0.875000 0.125000
f 1 3 4
v 0.875000 0.125000 0.875000
v 0.875000 0.125000 0.125000
v 0.875000 0.875000 0.125000
f 5 6 7
v 0.875000 0.875000 0.875000
f 5 7 8
f 2 1 6
f 2 6 5
f 4 3 8
f 4 8 7
f 6 1 4
f 6 4 7
f 2 5 8
f 2 8 3
usemtl armor
v 0.000000 0.125000 0.687500
v 0.000000 0.125000 0.875000
v 0.000000 0.875000 0.875000
f 9 10 11
v 0.000000 0.875000 0.687500
f 9 11 12
v 0.125000 0.125000 0.687500
v 0.125000 0.875000 0.687500
f 2 13 14
f 2 14 3
f 10 9 13
f 10 13 2
f 12 11 3
f 12 3 14
f 13 9 12
f 13 12 14
f 10 2 3
f 10 3 11
v 0.000000 0.125000 0.125000
v 0.000000 0.125000 0.312500
v 0.000000 0.875000 0.312500
f 15 16 17
v 0.000000 0.875000 0.125000
f 15 17 18
v 0.125000 0.125000 0.312500
f 19 1 4
v 0.125000 0.875000 0.312500
f 19 4 20
f 16 15 1
f 16 1 19
f 18 17 20
f 18 20 4
f 1 15 18
f 1 18 4
f 16 19 20
f 16 20 17
v 0.000000 0.312500 0.687500
f 16 9 21
v 0.000000 0.312500 0.312500
f 16 21 22
v 0.125000 0.312500 0.312500
f 13 19 23
v 0.125000 0.312500 0.687500
f 13 23 24
f 9 16 19
f 9 19 13
f 22 21 24
f 22 24 23
f 19 16 22
f 19 22 23
f 9 13 24
f 9 24 21
v 0.000000 0.687500 0.312500
v 0.000000 0.687500 0.687500
f 25 26 12
f 25 12 17
v 0.125000 0.687500 0.687500
v 0.125000 0.687500 0.312500
f 27 28 20
f 27 20 14
f 26 25 28
f 26 28 27
f 17 12 14
f 17 14 20
f 28 25 17
f 28 17 20
f 26 27 14
f 26 14 12
usemtl recess
v 0.093750 0.312500 0.312500
v 0.093750 0.312500 0.687500
v 0.093750 0.687500 0.687500
f 29 30 31
v 0.093750 0.687500 0.312500
f 29 31 32
f 24 23 28
f 24 28 27
f 30 29 23
f 30 23 24
f 32 31 27
f 32 27 28
f 23 29 32
f 23 32 28
f 30 24 27
f 30 27 31
usemtl armor
v 0.875000 0.125000 0.312500
v 0.875000 0.875000 0.312500
f 6 33 34
f 6 34 7
v 1.000000 0.125000 0.312500
v 1.000000 0.125000 0.125000
v 1.000000 0.875000 0.125000
f 35 36 37
v 1.000000 0.875000 0.312500
f 35 37 38
f 33 6 36
f 33 36 35
f 7 34 38
f 7 38 37
f 36 6 7
f 36 7 37
f 33 35 38
f 33 38 34
v 0.875000 0.125000 0.687500
f 39 5 8
v 0.875000 0.875000 0.687500
f 39 8 40
v 1.000000 0.125000 0.875000
v 1.000000 0.125000 0.687500
v 1.000000 0.875000 0.687500
f 41 42 43
v 1.000000 0.875000 0.875000
f 41 43 44
f 5 39 42
f 5 42 41
f 40 8 44
f 40 44 43
f 42 39 40
f 42 40 43
f 5 41 44
f 5 44 8
v 0.875000 0.312500 0.687500
f 33 39 45
v 0.875000 0.312500 0.312500
f 33 45 46
v 1.000000 0.312500 0.312500
f 42 35 47
v 1.000000 0.312500 0.687500
f 42 47 48
f 39 33 35
f 39 35 42
f 46 45 48
f 46 48 47
f 35 33 46
f 35 46 47
f 39 42 48
f 39 48 45
v 0.875000 0.687500 0.312500
v 0.875000 0.687500 0.687500
f 49 50 40
f 49 40 34
v 1.000000 0.687500 0.687500
v 1.000000 0.687500 0.312500
f 51 52 38
f 51 38 43
f 50 49 52
f 50 52 51
f 34 40 43
f 34 43 38
f 52 49 34
f 52 34 38
f 50 51 43
f 50 43 40
usemtl recess
f 46 45 50
f 46 50 49
v 0.906250 0.312500 0.687500
v 0.906250 0.312500 0.312500
v 0.906250 0.687500 0.312500
f 53 54 55
v 0.906250 0.687500 0.687500
f 53 55 56
f 45 46 54
f 45 54 53
f 49 50 56
f 49 56 55
f 54 46 49
f 54 49 55
f 45 53 56
f 45 56 50
usemtl armor
v 0.125000 0.000000 0.125000
v 0.125000 0.000000 0.875000
f 57 58 2
f 57 2 1
v 0.312500 0.000000 0.875000
v 0.312500 0.000000 0.125000
v 0.312500 0.125000 0.125000
f 59 60 61
v 0.312500 0.125000 0.875000
f 59 61 62
f 58 57 60
f 58 60 59
f 1 2 62
f 1 62 61
f 60 57 1
f 60 1 61
f 58 59 62
f 58 62 2
v 0.687500 0.000000 0.125000
v 0.687500 0.000000 0.875000
v 0.687500 0.125000 0.875000
f 63 64 65
v 0.687500 0.125000 0.125000
f 63 65 66
v 0.875000 0.000000 0.875000
v 0.875000 0.000000 0.125000
f 67 68 6
f 67 6 5
f 64 63 68
f 64 68 67
f 66 65 5
f 66 5 6
f 68 63 66
f 68 66 6
f 64 67 5
f 64 5 65
v 0.312500 0.000000 0.687500
f 69 59 62
v 0.312500 0.125000 0.687500
f 69 62 70
v 0.687500 0.000000 0.687500
v 0.687500 0.125000 0.687500
f 64 71 72
f 64 72 65
f 59 69 71
f 59 71 64
f 70 62 65
f 70 65 72
f 71 69 70
f 71 70 72
f 59 64 65
f 59 65 62
v 0.312500 0.000000 0.312500
v 0.312500 0.125000 0.312500
f 60 73 74
f 60 74 61
v 0.687500 0.000000 0.312500
f 75 63 66
v 0.687500 0.125000 0.312500
f 75 66 76
f 73 60 63
f 73 63 75
f 61 74 76
f 61 76 66
f 63 60 61
f 63 61 66
f 73 75 76
f 73 76 74
usemtl recess
v 0.312500 0.093750 0.312500
v 0.312500 0.093750 0.687500
f 77 78 70
f 77 70 74
v 0.687500 0.093750 0.687500
v 0.687500 0.093750 0.312500
f 79 80 76
f 79 76 72
f 78 77 80
f 78 80 79
f 74 70 72
f 74 72 76
f 80 77 74
f 80 74 76
f 78 79 72
f 78 72 70
usemtl armor
v 0.125000 1.000000 0.875000
f 4 3 81
v 0.125000 1.000000 0.125000
f 4 81 82
v 0.312500 0.875000 0.875000
v 0.312500 0.875000 0.125000
v 0.312500 1.000000 0.125000
f 83 84 85
v 0.312500 1.000000 0.875000
f 83 85 86
f 3 4 84
f 3 84 83
f 82 81 86
f 82 86 85
f 84 4 82
f 84 82 85
f 3 83 86
f 3 86 81
v 0.687500 0.875000 0.125000
v 0.687500 0.875000 0.875000
v 0.687500 1.000000 0.875000
f 87 88 89
v 0.687500 1.000000 0.125000
f 87 89 90
v 0.875000 1.000000 0.125000
f 8 7 91
v 0.875000 1.000000 0.875000
f 8 91 92
f 88 87 7
f 88 7 8
f 90 89 92
f 90 92 91
f 7 87 90
f 7 90 91
f 88 8 92
f 88 92 89
v 0.312500 0.875000 0.312500
v 0.312500 1.000000 0.312500
f 84 93 94
f 84 94 85
v 0.687500 0.875000 0.312500
f 95 87 90
v 0.687500 1.000000 0.312500
f 95 90 96
f 93 84 87
f 93 87 95
f 85 94 96
f 85 96 90
f 87 84 85
f 87 85 90
f 93 95 96
f 93 96 94
v 0.312500 0.875000 0.687500
f 97 83 86
v 0.312500 1.000000 0.687500
f 97 86 98
v 0.687500 0.875000 0.687500
v 0.687500 1.000000 0.687500
f 88 99 100
f 88 100 89
f 83 97 99
f 83 99 88
f 98 86 89
f 98 89 100
f 99 97 98
f 99 98 100
f 83 88 89
f 83 89 86
usemtl recess
v 0.312500 0.906250 0.687500
f 93 97 101
v 0.312500 0.906250 0.312500
f 93 101 102
v 0.687500 0.906250 0.312500
f 99 95 103
v 0.687500 0.906250 0.687500
f 99 103 104
f 97 93 95
f 97 95 99
f 102 101 104
f 102 104 103
f 95 93 102
f 95 102 103
f 97 99 104
f 97 104 101
usemtl armor
v 0.125000 0.125000 0.000000
f 105 1 4
v 0.125000 0.875000 0.000000
f 105 4 106
v 0.312500 0.125000 0.000000
v 0.312500 0.875000 0.000000
f 61 107 108
f 61 108 84
f 1 105 107
f 1 107 61
f 106 4 84
f 106 84 108
f 107 105 106
f 107 106 108
f 1 61 84
f 1 84 4
v 0.687500 0.125000 0.000000
f 109 66 87
v 0.687500 0.875000 0.000000
f 109 87 110
v 0.875000 0.125000 0.000000
v 0.875000 0.875000 0.000000
f 6 111 112
f 6 112 7
f 66 109 111
f 66 111 6
f 110 87 7
f 110 7 112
f 111 109 110
f 111 110 112
f 66 6 7
f 66 7 87
v 0.312500 0.312500 0.125000
f 107 61 113
v 0.312500 0.312500 0.000000
f 107 113 114
v 0.687500 0.312500 0.000000
f 66 109 115
v 0.687500 0.312500 0.125000
f 66 115 116
f 61 107 109
f 61 109 66
f 114 113 116
f 114 116 115
f 109 107 114
f 109 114 115
f 61 66 116
f 61 116 113
v 0.312500 0.687500 0.000000
v 0.312500 0.687500 0.125000
f 117 118 84
f 117 84 108
v 0.687500 0.687500 0.125000
v 0.687500 0.687500 0.000000
f 119 120 110
f 119 110 87
f 118 117 120
f 118 120 119
f 108 84 87
f 108 87 110
f 120 117 108
f 120 108 110
f 118 119 87
f 118 87 84
usemtl recess
v 0.312500 0.312500 0.093750
f 121 113 118
v 0.312500 0.687500 0.093750
f 121 118 122
v 0.687500 0.312500 0.093750
v 0.687500 0.687500 0.093750
f 116 123 124
f 116 124 119
f 113 121 123
f 113 123 116
f 122 118 119
f 122 119 124
f 123 121 122
f 123 122 124
f 113 116 119
f 113 119 118
usemtl armor
v 0.687500 0.125000 1.000000
v 0.687500 0.875000 1.000000
f 65 125 126
f 65 126 88
v 0.875000 0.125000 1.000000
f 127 5 8
v 0.875000 0.875000 1.000000
f 127 8 128
f 125 65 5
f 125 5 127
f 88 126 128
f 88 128 8
f 5 65 88
f 5 88 8
f 125 127 128
f 125 128 126
v 0.125000 0.125000 1.000000
v 0.125000 0.875000 1.000000
f 2 129 130
f 2 130 3
v 0.312500 0.125000 1.000000
f 131 62 83
v 0.312500 0.875000 1.000000
f 131 83 132
f 129 2 62
f 129 62 131
f 3 130 132
f 3 132 83
f 62 2 3
f 62 3 83
f 129 131 132
f 129 132 130
v 0.312500 0.312500 1.000000
f 62 131 133
v 0.312500 0.312500 0.875000
f 62 133 134
v 0.687500 0.312500 0.875000
f 125 65 135
v 0.687500 0.312500 1.000000
f 125 135 136
f 131 62 65
f 131 65 125
f 134 133 136
f 134 136 135
f 65 62 134
f 65 134 135
f 131 125 136
f 131 136 133
v 0.312500 0.687500 0.875000
v 0.312500 0.687500 1.000000
f 137 138 132
f 137 132 83
v 0.687500 0.687500 1.000000
v 0.687500 0.687500 0.875000
f 139 140 88
f 139 88 126
f 138 137 140
f 138 140 139
f 83 132 126
f 83 126 88
f 140 137 83
f 140 83 88
f 138 139 126
f 138 126 132
usemtl recess
v 0.312500 0.312500 0.906250
v 0.312500 0.687500 0.906250
f 134 141 142
f 134 142 137
v 0.687500 0.312500 0.906250
f 143 135 140
v 0.687500 0.687500 0.906250
f 143 140 144
f 141 134 135
f 141 135 143
f 137 142 144
f 137 144 140
f 135 134 137
f 135 137 140
f 141 143 144
f 141 144 142
o frame_0_0_1
usemtl armor
v 0.187500 0.187500 1.000000
v 0.187500 0.187500 2.000000
v 0.187500 0.812500 2.000000
f 145 146 147
v 0.187500 0.812500 1.000000
f 145 147 148
v 0.812500 0.187500 2.000000
v 0.812500 0.187500 1.000000
v 0.812500 0.812500 1.000000
f 149 150 151
v 0.812500 0.812500 2.000000
f 149 151 152
f 146 145 150
f 146 150 149
f 148 147 152
f 148 152 151
f 150 145 148
f 150 148 151
f 146 149 152
f 146 152 147
usemtl steel
v 0.000000 0.812500 1.000000
v 0.000000 0.812500 2.000000
v 0.000000 1.000000 2.000000
f 153 154 155
v 0.000000 1.000000 1.000000
f 153 155 156
v 0.187500 1.000000 1.000000
f 147 148 157
v 0.187500 1.000000 2.000000
f 147 157 158
f 154 153 148
f 154 148 147
f 156 155 158
f 156 158 157
f 148 153 156
f 148 156 157
f 154 147 158
f 154 158 155
v 0.000000 0.000000 1.000000
v 0.000000 0.000000 2.000000
v 0.000000 0.187500 2.000000
f 159 160 161
v 0.000000 0.187500 1.000000
f 159 161 162
v 0.187500 0.000000 2.000000
v 0.187500 0.000000 1.000000
f 163 164 145
f 163 145 146
f 160 159 164
f 160 164 163
f 162 161 146
f 162 146 145
f 164 159 162
f 164 162 145
f 160 163 146
f 160 146 161
v 0.812500 1.000000 2.000000
f 151 152 165
v 0.812500 1.000000 1.000000
f 151 165 166
v 1.000000 0.812500 2.000000
v 1.000000 0.812500 1.000000
v 1.000000 1.000000 1.000000
f 167 168 169
v 1.000000 1.000000 2.000000
f 167 169 170
f 152 151 168
f 152 168 167
f 166 165 170
f 166 170 169
f 168 151 166
f 168 166 169
f 152 167 170
f 152 170 165
v 0.812500 0.000000 1.000000
v 0.812500 0.000000 2.000000
f 171 172 149
f 171 149 150
v 1.000000 0.000000 2.000000
v 1.000000 0.000000 1.000000
v 1.000000 0.187500 1.000000
f 173 174 175
v 1.000000 0.187500 2.000000
f 173 175 176
f 172 171 174
f 172 174 173
f 150 149 176
f 150 176 175
f 174 171 150
f 174 150 175
f 172 173 176
f 172 176 149
usemtl edge
v 0.250000 0.812500 1.000000
v 0.250000 0.812500 2.000000
v 0.250000 0.937500 2.000000
f 177 178 179
v 0.250000 0.937500 1.000000
f 177 179 180
v 0.750000 0.812500 2.000000
v 0.750000 0.812500 1.000000
v 0.750000 0.937500 1.000000
f 181 182 183
v 0.750000 0.937500 2.000000
f 181 183 184
f 178 177 182
f 178 182 181
f 180 179 184
f 180 184 183
f 182 177 180
f 182 180 183
f 178 181 184
f 178 184 179
v 0.250000 0.062500 1.000000
v 0.250000 0.062500 2.000000
v 0.250000 0.187500 2.000000
f 185 186 187
v 0.250000 0.187500 1.000000
f 185 187 188
v 0.750000 0.062500 2.000000
v 0.750000 0.062500 1.000000
v 0.750000 0.187500 1.000000
f 189 190 191
v 0.750000 0.187500 2.000000
f 189 191 192
f 186 185 190
f 186 190 189
f 188 187 192
f 188 192 191
f 190 185 188
f 190 188 191
f 186 189 192
f 186 192 187
v 0.062500 0.250000 1.000000
v 0.062500 0.250000 2.000000
v 0.062500 0.750000 2.000000
f 193 194 195
v 0.062500 0.750000 1.000000
f 193 195 196
v 0.187500 0.250000 2.000000
v 0.187500 0.250000 1.000000
v 0.187500 0.750000 1.000000
f 197 198 199
v 0.187500 0.750000 2.000000
f 197 199 200
f 194 193 198
f 194 198 197
f 196 195 200
f 196 200 199
f 198 193 196
f 198 196 199
f 194 197 200
f 194 200 195
v 0.812500 0.250000 1.000000
v 0.812500 0.250000 2.000000
v 0.812500 0.750000 2.000000
f 201 202 203
v 0.812500 0.750000 1.000000
f 201 203 204
v 0.937500 0.250000 2.000000
v 0.937500 0.250000 1.000000
v 0.937500 0.750000 1.000000
f 205 206 207
v 0.937500 0.750000 2.000000
f 205 207 208
f 202 201 206
f 202 206 205
f 204 203 208
f 204 208 207
f 206 201 204
f 206 204 207
f 202 205 208
f 202 208 203
o frame_0_0_2
usemtl armor
v 0.187500 0.187500 2.000000
v 0.187500 0.187500 3.000000
v 0.187500 0.812500 3.000000
f 209 210 211
v 0.187500 0.812500 2.000000
f 209 211 212
v 0.812500 0.187500 3.000000
v 0.812500 0.187500 2.000000
v 0.812500 0.812500 2.000000
f 213 214 215
v 0.812500 0.812500 3.000000
f 213 215 216
f 210 209 214
f 210 214 213
f 212 211 216
f 212 216 215
f 214 209 212
f 214 212 215
f 210 213 216
f 210 216 211
usemtl steel
v 0.000000 0.812500 2.000000
v 0.000000 0.812500 3.000000
v 0.000000 1.000000 3.000000
f 217 218 219
v 0.000000 1.000000 2.000000
f 217 219 220
v 0.187500 1.000000 2.000000
f 211 212 221
v 0.187500 1.000000 3.000000
f 211 221 222
f 218 217 212
f 218 212 211
f 220 219 222
f 220 222 221
f 212 217 220
f 212 220 221
f 218 211 222
f 218 222 219
v 0.000000 0.000000 2.000000
v 0.000000 0.000000 3.000000
v 0.000000 0.187500 3.000000
f 223 224 225
v 0.000000 0.187500 2.000000
f 223 225 226
v 0.187500 0.000000 3.000000
v 0.187500 0.000000 2.000000
f 227 228 209
f 227 209 210
f 224 223 228
f 224 228 227
f 226 225 210
f 226 210 209
f 228 223 226
f 228 226 209
f 224 227 210
f 224 210 225
v 0.812500 1.000000 3.000000
f 215 216 229
v 0.812500 1.000000 2.000000
f 215 229 230
v 1.000000 0.812500 3.000000
v 1.000000 0.812500 2.000000
v 1.000000 1.000000 2.000000
f 231 232 233
v 1.000000 1.000000 3.000000
f 231 233 234
f 216 215 232
f 216 232 231
f 230 229 234
f 230 234 233
f 232 215 230
f 232 230 233
f 216 231 234
f 216 234 229
v 0.812500 0.000000 2.000000
v 0.812500 0.000000 3.000000
f 235 236 213
f 235 213 214
v 1.000000 0.000000 3.000000
v 1.000000 0.000000 2.000000
v 1.000000 0.187500 2.000000
f 237 238 239
v 1.000000 0.187500 3.000000
f 237 239 240
f 236 235 238
f 236 238 237
f 214 213 240
f 214 240 239
f 238 235 214
f 238 214 239
f 236 237 240
f 236 240 213
usemtl edge
v 0.250000 0.812500 2.000000
v 0.250000 0.812500 3.000000
v 0.250000 0.937500 3.000000
f 241 242 243
v 0.250000 0.937500 2.000000
f 241 243 244
v 0.750000 0.812500 3.000000
v 0.750000 0.812500 2.000000
v 0.750000 0.937500 2.000000
f 245 246 247
v 0.750000 0.937500 3.000000
f 245 247 248
f 242 241 246
f 242 246 245
f 244 243 248
f 244 248 247
f 246 241 244
f 246 244 247
f 242 245 248
f 242 248 243
v 0.250000 0.062500 2.000000
v 0.250000 0.062500 3.000000
v 0.250000 0.187500 3.000000
f 249 250 251
v 0.250000 0.187500 2.000000
f 249 251 252
v 0.750000 0.062500 3.000000
v 0.750000 0.062500 2.000000
v 0.750000 0.187500 2.000000
f 253 254 255
v 0.750000 0.187500 3.000000
f 253 255 256
f 250 249 254
f 250 254 253
f 252 251 256
f 252 256 255
f 254 249 252
f 254 252 255
f 250 253 256
f 250 256 251
v 0.062500 0.250000 2.000000
v 0.062500 0.250000 3.000000
v 0.062500 0.750000 3.000000
f 257 258 259
v 0.062500 0.750000 2.000000
f 257 259 260
v 0.187500 0.250000 3.000000
v 0.187500 0.250000 2.000000
v 0.187500 0.750000 2.000000
f 261 262 263
v 0.187500 0.750000 3.000000
f 261 263 264
f 258 257 262
f 258 262 261
f 260 259 264
f 260 264 263
f 262 257 260
f 262 260 263
f 258 261 264
f 258 264 259
v 0.812500 0.250000 2.000000
v 0.812500 0.250000 3.000000
v 0.812500 0.750000 3.000000
f 265 266 267
v 0.812500 0.750000 2.000000
f 265 267 268
v 0.937500 0.250000 3.000000
v 0.937500 0.250000 2.000000
v 0.937500 0.750000 2.000000
f 269 270 271
v 0.937500 0.750000 3.000000
f 269 271 272
f 266 265 270
f 266 270 269
f 268 267 272
f 268 272 271
f 270 265 268
f 270 268 271
f 266 269 272
f 266 272 267
o frame_0_0_3
usemtl armor
v 0.187500 0.187500 3.000000
v 0.187500 0.187500 4.000000
v 0.187500 0.812500 4.000000
f 273 274 275
v 0.187500 0.812500 3.000000
f 273 275 276
v 0.812500 0.187500 4.000000
v 0.812500 0.187500 3.000000
v 0.812500 0.812500 3.000000
f 277 278 279
v 0.812500 0.812500 4.000000
f 277 279 280
f 274 273 278
f 274 278 277
f 276 275 280
f 276 280 279
f 278 273 276
f 278 276 279
f 274 277 280
f 274 280 275
usemtl steel
v 0.000000 0.812500 3.000000
v 0.000000 0.812500 4.000000
v 0.000000 1.000000 4.000000
f 281 282 283
v 0.000000 1.000000 3.000000
f 281 283 284
v 0.187500 1.000000 3.000000
f 275 276 285
v 0.187500 1.000000 4.000000
f 275 285 286
f 282 281 276
f 282 276 275
f 284 283 286
f 284 286 285
f 276 281 284
f 276 284 285
f 282 275 286
f 282 286 283
v 0.000000 0.000000 3.000000
v 0.000000 0.000000 4.000000
v 0.000000 0.187500 4.000000
f 287 288 289
v 0.000000 0.187500 3.000000
f 287 289 290
v 0.187500 0.000000 4.000000
v 0.187500 0.000000 3.000000
f 291 292 273
f 291 273 274
f 288 287 292
f 288 292 291
f 290 289 274
f 290 274 273
f 292 287 290
f 292 290 273
f 288 291 274
f 288 274 289
v 0.812500 1.000000 4.000000
f 279 280 293
v 0.812500 1.000000 3.000000
f 279 293 294
v 1.000000 0.812500 4.000000
v 1.000000 0.812500 3.000000
v 1.000000 1.000000 3.000000
f 295 296 297
v 1.000000 1.000000 4.000000
f 295 297 298
f 280 279 296
f 280 296 295
f 294 293 298
f 294 298 297
f 296 279 294
f 296 294 297
f 280 295 298
f 280 298 293
v 0.812500 0.000000 3.000000
v 0.812500 0.000000 4.000000
f 299 300 277
f 299 277 278
v 1.000000 0.000000 4.000000
v 1.000000 0.000000 3.000000
v 1.000000 0.187500 3.000000
f 301 302 303
v 1.000000 0.187500 4.000000
f 301 303 304
f 300 299 302
f 300 302 301
f 278 277 304
f 278 304 303
f 302 299 278
f 302 278 303
f 300 301 304
f 300 304 277
usemtl edge
v 0.250000 0.812500 3.000000
v 0.250000 0.812500 4.000000
v 0.250000 0.937500 4.000000
f 305 306 307
v 0.250000 0.937500 3.000000
f 305 307 308
v 0.750000 0.812500 4.000000
v 0.750000 0.812500 3.000000
v 0.750000 0.937500 3.000000
f 309 310 311
v 0.750000 0.937500 4.000000
f 309 311 312
f 306 305 310
f 306 310 309
f 308 307 312
f 308 312 311
f 310 305 308
f 310 308 311
f 306 309 312
f 306 312 307
v 0.250000 0.062500 3.000000
v 0.250000 0.062500 4.000000
v 0.250000 0.187500 4.000000
f 313 314 315
v 0.250000 0.187500 3.000000
f 313 315 316
v 0.750000 0.062500 4.000000
v 0.750000 0.062500 3.000000
v 0.750000 0.187500 3.000000
f 317 318 319
v 0.750000 0.187500 4.000000
f 317 319 320
f 314 313 318
f 314 318 317
f 316 315 320
f 316 320 319
f 318 313 316
f 318 316 319
f 314 317 320
f 314 320 315
v 0.062500 0.250000 3.000000
v 0.062500 0.250000 4.000000
v 0.062500 0.750000 4.000000
f 321 322 323
v 0.062500 0.750000 3.000000
f 321 323 324
v 0.187500 0.250000 4.000000
v 0.187500 0.250000 3.000000
v 0.187500 0.750000 3.000000
f 325 326 327
v 0.187500 0.750000 4.000000
f 325 327 328
f 322 321 326
f 322 326 325
f 324 323 328
f 324 328 327
f 326 321 324
f 326 324 327
f 322 325 328
f 322 328 323
v 0.812500 0.250000 3.000000
v 0.812500 0.250000 4.000000
v 0.812500 0.750000 4.000000
f 329 330 331
v 0.812500 0.750000 3.000000
f 329 331 332
v 0.937500 0.250000 4.000000
v 0.937500 0.250000 3.000000
v 0.937500 0.750000 3.000000
f 333 334 335
v 0.937500 0.750000 4.000000
f 333 335 336
f 330 329 334
f 330 334 333
f 332 331 336
f 332 336 335
f 334 329 332
f 334 332 335
f 330 333 336
f 330 336 331
o frame_0_0_4
usemtl armor
v 0.187500 0.187500 4.000000
v 0.187500 0.187500 5.000000
v 0.187500 0.812500 5.000000
f 337 338 339
v 0.187500 0.812500 4.000000
f 337 339 340
v 0.812500 0.187500 5.000000
v 0.812500 0.187500 4.000000
v 0.812500 0.812500 4.000000
f 341 342 343
v 0.812500 0.812500 5.000000
f 341 343 344
f 338 337 342
f 338 342 341
f 340 339 344
f 340 344 343
f 342 337 340
f 342 340 343
f 338 341 344
f 338 344 339
usemtl steel
v 0.000000 0.812500 4.000000
v 0.000000 0.812500 5.000000
v 0.000000 1.000000 5.000000
f 345 346 347
v 0.000000 1.000000 4.000000
f 345 347 348
v 0.187500 1.000000 4.000000
f 339 340 349
v 0.187500 1.000000 5.000000
f 339 349 350
f 346 345 340
f 346 340 339
f 348 347 350
f 348 350 349
f 340 345 348
f 340 348 349
f 346 339 350
f 346 350 347
v 0.000000 0.000000 4.000000
v 0.000000 0.000000 5.000000
v 0.000000 0.187500 5.000000
f 351 352 353
v 0.000000 0.187500 4.000000
f 351 353 354
v 0.187500 0.000000 5.000000
v 0.187500 0.000000 4.000000
f 355 356 337
f 355 337 338
f 352 351 356
f 352 356 355
f 354 353 338
f 354 338 337
f 356 351 354
f 356 354 337
f 352 355 338
f 352 338 353
v 0.812500 1.000000 5.000000
f 343 344 357
v 0.812500 1.000000 4.000000
f 343 357 358
v 1.000000 0.812500 5.000000
v 1.000000 0.812500 4.000000
v 1.000000 1.000000 4.000000
f 359 360 361
v 1.000000 1.000000 5.000000
f 359 361 362
f 344 343 360
f 344 360 359
f 358 357 362
f 358 362 361
f 360 343 358
f 360 358 361
f 344 359 362
f 344 362 357
v 0.812500 0.000000 4.000000
v 0.812500 0.000000 5.000000
f 363 364 341
f 363 341 342
v 1.000000 0.000000 5.000000
v 1.000000 0.000000 4.000000
v 1.000000 0.187500 4.000000
f 365 366 367
v 1.000000 0.187500 5.000000
f 365 367 368
f 364 363 366
f 364 366 365
f 342 341 368
f 342 368 367
f 366 363 342
f 366 342 367
f 364 365 368
f 364 368 341
usemtl edge
v 0.250000 0.812500 4.000000
v 0.250000 0.812500 5.000000
v 0.250000 0.937500 5.000000
f 369 370 371
v 0.250000 0.937500 4.000000
f 369 371 372
v 0.750000 0.812500 5.000000
v 0.750000 0.812500 4.000000
v 0.750000 0.937500 4.000000
f 373 374 375
v 0.750000 0.937500 5.000000
f 373 375 376
f 370 369 374
f 370 374 373
f 372 371 376
f 372 376 375
f 374 369 372
f 374 372 375
f 370 373 376
f 370 376 371
v 0.250000 0.062500 4.000000
v 0.250000 0.062500 5.000000
v 0.250000 0.187500 5.000000
f 377 378 379
v 0.250000 0.187500 4.000000
f 377 379 380
v 0.750000 0.062500 5.000000
v 0.750000 0.062500 4.000000
v 0.750000 0.187500 4.000000
f 381 382 383
v 0.750000 0.187500 5.000000
f 381 383 384
f 378 377 382
f 378 382 381
f 380 379 384
f 380 384 383
f 382 377 380
f 382 380 383
f 378 381 384
f 378 384 379
v 0.062500 0.250000 4.000000
v 0.062500 0.250000 5.000000
v 0.062500 0.750000 5.000000
f 385 386 387
v 0.062500 0.750000 4.000000
f 385 387 388
v 0.187500 0.250000 5.000000
v 0.187500 0.250000 4.000000
v 0.187500 0.750000 4.000000
f 389 390 391
v 0.187500 0.750000 5.000000
f 389 391 392
f 386 385 390
f 386 390 389
f 388 387 392
f 388 392 391
f 390 385 388
f 390 388 391
f 386 389 392
f 386 392 387
v 0.812500 0.250000 4.000000
v 0.812500 0.250000 5.000000
v 0.812500 0.750000 5.000000
f 393 394 395
v 0.812500 0.750000 4.000000
f 393 395 396
v 0.937500 0.250000 5.000000
v 0.937500 0.250000 4.000000
v 0.937500 0.750000 4.000000
f 397 398 399
v 0.937500 0.750000 5.000000
f 397 399 400
f 394 393 398
f 394 398 397
f 396 395 400
f 396 400 399
f 398 393 396
f 398 396 399
f 394 397 400
f 394 400 395
o frame_0_0_5
usemtl armor
v 0.187500 0.187500 5.000000
v 0.187500 0.187500 6.000000
v 0.187500 0.812500 6.000000
f 401 402 403
v 0.187500 0.812500 5.000000
f 401 403 404
v 0.812500 0.187500 6.000000
v 0.812500 0.187500 5.000000
v 0.812500 0.812500 5.000000
f 405 406 407
v 0.812500 0.812500 6.000000
f 405 407 408
f 402 401 406
f 402 406 405
f 404 403 408
f 404 408 407
f 406 401 404
f 406 404 407
f 402 405 408
f 402 408 403
usemtl steel
v 0.000000 0.812500 5.000000
v 0.000000 0.812500 6.000000
v 0.000000 1.000000 6.000000
f 409 410 411
v 0.000000 1.000000 5.000000
f 409 411 412
v 0.187500 1.000000 5.000000
f 403 404 413
v 0.187500 1.000000 6.000000
f 403 413 414
f 410 409 404
f 410 404 403
f 412 411 414
f 412 414 413
f 404 409 412
f 404 412 413
f 410 403 414
f 410 414 411
v 0.000000 0.000000 5.000000
v 0.000000 0.000000 6.000000
v 0.000000 0.187500 6.000000
f 415 416 417
v 0.000000 0.187500 5.000000
f 415 417 418
v 0.187500 0.000000 6.000000
v 0.187500 0.000000 5.000000
f 419 420 401
f 419 401 402
f 416 415 420
f 416 420 419
f 418 417 402
f 418 402 401
f 420 415 418
f 420 418 401
f 416 419 402
f 416 402 417
v 0.812500 1.000000 6.000000
f 407 408 421
v 0.812500 1.000000 5.000000
f 407 421 422
v 1.000000 0.812500 6.000000
v 1.000000 0.812500 5.000000
v 1.000000 1.000000 5.000000
f 423 424 425
v 1.000000 1.000000 6.000000
f 423 425 426
f 408 407 424
f 408 424 423
f 422 421 426
f 422 426 425
f 424 407 422
f 424 422 425
f 408 423 426
f 408 426 421
v 0.812500 0.000000 5.000000
v 0.812500 0.000000 6.000000
f 427 428 405
f 427 405 406
v 1.000000 0.000000 6.000000
v 1.000000 0.000000 5.000000
v 1.000000 0.187500 5.000000
f 429 430 431
v 1.000000 0.187500 6.000000
f 429 431 432
f 428 427 430
f 428 430 429
f 406 405 432
f 406 432 431
f 430 427 406
f 430 406 431
f 428 429 432
f 428 432 405
usemtl edge
v 0.250000 0.812500 5.000000
v 0.250000 0.812500 6.000000
v 0.250000 0.937500 6.000000
f 433 434 435
v 0.250000 0.937500 5.000000
f 433 435 436
v 0.750000 0.812500 6.000000
v 0.750000 0.812500 5.000000
v 0.750000 0.937500 5.000000
f 437 438 439
v 0.750000 0.937500 6.000000
f 437 439 440
f 434 433 438
f 434 438 437
f 436 435 440
f 436 440 439
f 438 433 436
f 438 436 439
f 434 437 440
f 434 440 435
v 0.250000 0.062500 5.000000
v 0.250000 0.062500 6.000000
v 0.250000 0.187500 6.000000
f 441 442 443
v 0.250000 0.187500 5.000000
f 441 443 444
v 0.750000 0.062500 6.000000
v 0.750000 0.062500 5.000000
v 0.750000 0.187500 5.000000
f 445 446 447
v 0.750000 0.187500 6.000000
f 445 447 448
f 442 441 446
f 442 446 445
f 444 443 448
f 444 448 447
f 446 441 444
f 446 444 447
f 442 445 448
f 442 448 443
v 0.062500 0.250000 5.000000
v 0.062500 0.250000 6.000000
v 0.062500 0.750000 6.000000
f 449 450 451
v 0.062500 0.750000 5.000000
f 449 451 452
v 0.187500 0.250000 6.000000
v 0.187500 0.250000 5.000000
v 0.187500 0.750000 5.000000
f 453 454 455
v 0.187500 0.750000 6.000000
f 453 455 456
f 450 449 454
f 450 454 453
f 452 451 456
f 452 456 455
f 454 449 452
f 454 452 455
f 450 453 456
f 450 456 451
v 0.812500 0.250000 5.000000
v 0.812500 0.250000 6.000000
v 0.812500 0.750000 6.000000
f 457 458 459
v 0.812500 0.750000 5.000000
f 457 459 460
v 0.937500 0.250000 6.000000
v 0.937500 0.250000 5.000000
v 0.937500 0.750000 5.000000
f 461 462 463
v 0.937500 0.750000 6.000000
f 461 463 464
f 458 457 462
f 458 462 461
f 460 459 464
f 460 464 463
f 462 457 460
f 462 460 463
f 458 461 464
f 458 464 459
o joint_0_0_6
usemtl graphite
v 0.125000 0.125000 6.125000
v 0.125000 0.125000 6.875000
v 0.125000 0.875000 6.875000
f 465 466 467
v 0.125000 0.875000 6.125000
f 465 467 468
v 0.875000 0.125000 6.875000
v 0.875000 0.125000 6.125000
v 0.875000 0.875000 6.125000
f 469 470 471
v 0.875000 0.875000 6.875000
f 469 471 472
f 466 465 470
f 466 470 469
f 468 467 472
f 468 472 471
f 470 465 468
f 470 468 471
f 466 469 472
f 466 472 467
usemtl armor
v 0.000000 0.125000 6.687500
v 0.000000 0.125000 6.875000
v 0.000000 0.875000 6.875000
f 473 474 475
v 0.000000 0.875000 6.687500
f 473 475 476
v 0.125000 0.125000 6.687500
v 0.125000 0.875000 6.687500
f 466 477 478
f 466 478 467
f 474 473 477
f 474 477 466
f 476 475 467
f 476 467 478
f 477 473 476
f 477 476 478
f 474 466 467
f 474 467 475
v 0.000000 0.125000 6.125000
v 0.000000 0.125000 6.312500
v 0.000000 0.875000 6.312500
f 479 480 481
v 0.000000 0.875000 6.125000
f 479 481 482
v 0.125000 0.125000 6.312500
f 483 465 468
v 0.125000 0.875000 6.312500
f 483 468 484
f 480 479 465
f 480 465 483
f 482 481 484
f 482 484 468
f 465 479 482
f 465 482 468
f 480 483 484
f 480 484 481
v 0.000000 0.312500 6.687500
f 480 473 485
v 0.000000 0.312500 6.312500
f 480 485 486
v 0.125000 0.312500 6.312500
f 477 483 487
v 0.125000 0.312500 6.687500
f 477 487 488
f 473 480 483
f 473 483 477
f 486 485 488
f 486 488 487
f 483 480 486
f 483 486 487
f 473 477 488
f 473 488 485
v 0.000000 0.687500 6.312500
v 0.000000 0.687500 6.687500
f 489 490 476
f 489 476 481
v 0.125000 0.687500 6.687500
v 0.125000 0.687500 6.312500
f 491 492 484
f 491 484 478
f 490 489 492
f 490 492 491
f 481 476 478
f 481 478 484
f 492 489 481
f 492 481 484
f 490 491 478
f 490 478 476
usemtl recess
v 0.093750 0.312500 6.312500
v 0.093750 0.312500 6.687500
v 0.093750 0.687500 6.687500
f 493 494 495
v 0.093750 0.687500 6.312500
f 493 495 496
f 488 487 492
f 488 492 491
f 494 493 487
f 494 487 488
f 496 495 491
f 496 491 492
f 487 493 496
f 487 496 492
f 494 488 491
f 494 491 495
usemtl armor
v 0.875000 0.125000 6.312500
v 0.875000 0.875000 6.312500
f 470 497 498
f 470 498 471
v 1.000000 0.125000 6.312500
v 1.000000 0.125000 6.125000
v 1.000000 0.875000 6.125000
f 499 500 501
v 1.000000 0.875000 6.312500
f 499 501 502
f 497 470 500
f 497 500 499
f 471 498 502
f 471 502 501
f 500 470 471
f 500 471 501
f 497 499 502
f 497 502 498
v 0.875000 0.125000 6.687500
f 503 469 472
v 0.875000 0.875000 6.687500
f 503 472 504
v 1.000000 0.125000 6.875000
v 1.000000 0.125000 6.687500
v 1.000000 0.875000 6.687500
f 505 506 507
v 1.000000 0.875000 6.875000
f 505 507 508
f 469 503 506
f 469 506 505
f 504 472 508
f 504 508 507
f 506 503 504
f 506 504 507
f 469 505 508
f 469 508 472
v 0.875000 0.312500 6.687500
f 497 503 509
v 0.875000 0.312500 6.312500
f 497 509 510
v 1.000000 0.312500 6.312500
f 506 499 511
v 1.000000 0.312500 6.687500
f 506 511 512
f 503 497 499
f 503 499 506
f 510 509 512
f 510 512 511
f 499 497 510
f 499 510 511
f 503 506 512
f 503 512 509
v 0.875000 0.687500 6.312500
v 0.875000 0.687500 6.687500
f 513 514 504
f 513 504 498
v 1.000000 0.687500 6.687500
v 1.000000 0.687500 6.312500
f 515 516 502
f 515 502 507
f 514 513 516
f 514 516 515
f 498 504 507
f 498 507 502
f 516 513 498
f 516 498 502
f 514 515 507
f 514 507 504
usemtl recess
f 510 509 514
f 510 514 513
v 0.906250 0.312500 6.687500
v 0.906250 0.312500 6.312500
v 0.906250 0.687500 6.312500
f 517 518 519
v 0.906250 0.687500 6.687500
f 517 519 520
f 509 510 518
f 509 518 517
f 513 514 520
f 513 520 519
f 518 510 513
f 518 513 519
f 509 517 520
f 509 520 514
usemtl armor
v 0.125000 0.000000 6.125000
v 0.125000 0.000000 6.875000
f 521 522 466
f 521 466 465
v 0.312500 0.000000 6.875000
v 0.312500 0.000000 6.125000
v 0.312500 0.125000 6.125000
f 523 524 525
v 0.312500 0.125000 6.875000
f 523 525 526
f 522 521 524
f 522 524 523
f 465 466 526
f 465 526 525
f 524 521 465
f 524 465 525
f 522 523 526
f 522 526 466
v 0.687500 0.000000 6.125000
v 0.687500 0.000000 6.875000
v 0.687500 0.125000 6.875000
f 527 528 529
v 0.687500 0.125000 6.125000
f 527 529 530
v 0.875000 0.000000 6.875000
v 0.875000 0.000000 6.125000
f 531 532 470
f 531 470 469
f 528 527 532
f 528 532 531
f 530 529 469
f 530 469 470
f 532 527 530
f 532 530 470
f 528 531 469
f 528 469 529
v 0.312500 0.000000 6.687500
f 533 523 526
v 0.312500 0.125000 6.687500
f 533 526 534
v 0.687500 0.000000 6.687500
v 0.687500 0.125000 6.687500
f 528 535 536
f 528 536 529
f 523 533 535
f 523 535 528
f 534 526 529
f 534 529 536
f 535 533 534
f 535 534 536
f 523 528 529
f 523 529 526
v 0.312500 0.000000 6.312500
v 0.312500 0.125000 6.312500
f 524 537 538
f 524 538 525
v 0.687500 0.000000 6.312500
f 539 527 530
v 0.687500 0.125000 6.312500
f 539 530 540
f 537 524 527
f 537 527 539
f 525 538 540
f 525 540 530
f 527 524 525
f 527 525 530
f 537 539 540
f 537 540 538
usemtl recess
v 0.312500 0.093750 6.312500
v 0.312500 0.093750 6.687500
f 541 542 534
f 541 534 538
v 0.687500 0.093750 6.687500
v 0.687500 0.093750 6.312500
f 543 544 540
f 543 540 536
f 542 541 544
f 542 544 543
f 538 534 536
f 538 536 540
f 544 541 538
f 544 538 540
f 542 543 536
f 542 536 534
usemtl armor
v 0.125000 1.000000 6.875000
f 468 467 545
v 0.125000 1.000000 6.125000
f 468 545 546
v 0.312500 0.875000 6.875000
v 0.312500 0.875000 6.125000
v 0.312500 1.000000 6.125000
f 547 548 549
v 0.312500 1.000000 6.875000
f 547 549 550
f 467 468 548
f 467 548 547
f 546 545 550
f 546 550 549
f 548 468 546
f 548 546 549
f 467 547 550
f 467 550 545
v 0.687500 0.875000 6.125000
v 0.687500 0.875000 6.875000
v 0.687500 1.000000 6.875000
f 551 552 553
v 0.687500 1.000000 6.125000
f 551 553 554
v 0.875000 1.000000 6.125000
f 472 471 555
v 0.875000 1.000000 6.875000
f 472 555 556
f 552 551 471
f 552 471 472
f 554 553 556
f 554 556 555
f 471 551 554
f 471 554 555
f 552 472 556
f 552 556 553
v 0.312500 0.875000 6.312500
v 0.312500 1.000000 6.312500
f 548 557 558
f 548 558 549
v 0.687500 0.875000 6.312500
f 559 551 554
v 0.687500 1.000000 6.312500
f 559 554 560
f 557 548 551
f 557 551 559
f 549 558 560
f 549 560 554
f 551 548 549
f 551 549 554
f 557 559 560
f 557 560 558
v 0.312500 0.875000 6.687500
f 561 547 550
v 0.312500 1.000000 6.687500
f 561 550 562
v 0.687500 0.875000 6.687500
v 0.687500 1.000000 6.687500
f 552 563 564
f 552 564 553
f 547 561 563
f 547 563 552
f 562 550 553
f 562 553 564
f 563 561 562
f 563 562 564
f 547 552 553
f 547 553 550
usemtl recess
v 0.312500 0.906250 6.687500
f 557 561 565
v 0.312500 0.906250 6.312500
f 557 565 566
v 0.687500 0.906250 6.312500
f 563 559 567
v 0.687500 0.906250 6.687500
f 563 567 568
f 561 557 559
f 561 559 563
f 566 565 568
f 566 568 567
f 559 557 566
f 559 566 567
f 561 563 568
f 561 568 565
usemtl armor
v 0.125000 0.125000 6.000000
f 569 465 468
v 0.125000 0.875000 6.000000
f 569 468 570
v 0.312500 0.125000 6.000000
v 0.312500 0.875000 6.000000
f 525 571 572
f 525 572 548
f 465 569 571
f 465 571 525
f 570 468 548
f 570 548 572
f 571 569 570
f 571 570 572
f 465 525 548
f 465 548 468
v 0.687500 0.125000 6.000000
f 573 530 551
v 0.687500 0.875000 6.000000
f 573 551 574
v 0.875000 0.125000 6.000000
v 0.875000 0.875000 6.000000
f 470 575 576
f 470 576 471
f 530 573 575
f 530 575 470
f 574 551 471
f 574 471 576
f 575 573 574
f 575 574 576
f 530 470 471
f 530 471 551
v 0.312500 0.312500 6.125000
f 571 525 577
v 0.312500 0.312500 6.000000
f 571 577 578
v 0.687500 0.312500 6.000000
f 530 573 579
v 0.687500 0.312500 6.125000
f 530 579 580
f 525 571 573
f 525 573 530
f 578 577 580
f 578 580 579
f 573 571 578
f 573 578 579
f 525 530 580
f 525 580 577
v 0.312500 0.687500 6.000000
v 0.312500 0.687500 6.125000
f 581 582 548
f 581 548 572
v 0.687500 0.687500 6.125000
v 0.687500 0.687500 6.000000
f 583 584 574
f 583 574 551
f 582 581 584
f 582 584 583
f 572 548 551
f 572 551 574
f 584 581 572
f 584 572 574
f 582 583 551
f 582 551 548
usemtl recess
v 0.312500 0.312500 6.093750
f 585 577 582
v 0.312500 0.687500 6.093750
f 585 582 586
v 0.687500 0.312500 6.093750
v 0.687500 0.687500 6.093750
f 580 587 588
f 580 588 583
f 577 585 587
f 577 587 580
f 586 582 583
f 586 583 588
f 587 585 586
f 587 586 588
f 577 580 583
f 577 583 582
usemtl armor
v 0.687500 0.125000 7.000000
v 0.687500 0.875000 7.000000
f 529 589 590
f 529 590 552
v 0.875000 0.125000 7.000000
f 591 469 472
v 0.875000 0.875000 7.000000
f 591 472 592
f 589 529 469
f 589 469 591
f 552 590 592
f 552 592 472
f 469 529 552
f 469 552 472
f 589 591 592
f 589 592 590
v 0.125000 0.125000 7.000000
v 0.125000 0.875000 7.000000
f 466 593 594
f 466 594 467
v 0.312500 0.125000 7.000000
f 595 526 547
v 0.312500 0.875000 7.000000
f 595 547 596
f 593 466 526
f 593 526 595
f 467 594 596
f 467 596 547
f 526 466 467
f 526 467 547
f 593 595 596
f 593 596 594
v 0.312500 0.312500 7.000000
f 526 595 597
v 0.312500 0.312500 6.875000
f 526 597 598
v 0.687500 0.312500 6.875000
f 589 529 599
v 0.687500 0.312500 7.000000
f 589 599 600
f 595 526 529
f 595 529 589
f 598 597 600
f 598 600 599
f 529 526 598
f 529 598 599
f 595 589 600
f 595 600 597
v 0.312500 0.687500 6.875000
v 0.312500 0.687500 7.000000
f 601 602 596
f 601 596 547
v 0.687500 0.687500 7.000000
v 0.687500 0.687500 6.875000
f 603 604 552
f 603 552 590
f 602 601 604
f 602 604 603
f 547 596 590
f 547 590 552
f 604 601 547
f 604 547 552
f 602 603 590
f 602 590 596
usemtl recess
v 0.312500 0.312500 6.906250
v 0.312500 0.687500 6.906250
f 598 605 606
f 598 606 601
v 0.687500 0.312500 6.906250
f 607 599 604
v 0.687500 0.687500 6.906250
f 607 604 608
f 605 598 599
f 605 599 607
f 601 606 608
f 601 608 604
f 599 598 601
f 599 601 604
f 605 607 608
f 605 608 606
o frame_0_1_0
usemtl armor
v 0.187500 1.000000 0.187500
v 0.187500 1.000000 0.812500
v 0.187500 2.000000 0.812500
f 609 610 611
v 0.187500 2.000000 0.187500
f 609 611 612
v 0.812500 1.000000 0.812500
v 0.812500 1.000000 0.187500
v 0.812500 2.000000 0.187500
f 613 614 615
v 0.812500 2.000000 0.812500
f 613 615 616
f 610 609 614
f 610 614 613
f 612 611 616
f 612 616 615
f 614 609 612
f 614 612 615
f 610 613 616
f 610 616 611
usemtl steel
v 0.000000 1.000000 0.000000
v 0.000000 1.000000 0.187500
v 0.000000 2.000000 0.187500
f 617 618 619
v 0.000000 2.000000 0.000000
f 617 619 620
v 0.187500 1.000000 0.000000
v 0.187500 2.000000 0.000000
f 609 621 622
f 609 622 612
f 618 617 621
f 618 621 609
f 620 619 612
f 620 612 622
f 621 617 620
f 621 620 622
f 618 609 612
f 618 612 619
v 0.000000 1.000000 0.812500
v 0.000000 1.000000 1.000000
v 0.000000 2.000000 1.000000
f 623 624 625
v 0.000000 2.000000 0.812500
f 623 625 626
v 0.187500 1.000000 1.000000
f 627 610 611
v 0.187500 2.000000 1.000000
f 627 611 628
f 624 623 610
f 624 610 627
f 626 625 628
f 626 628 611
f 610 623 626
f 610 626 611
f 624 627 628
f 624 628 625
v 0.812500 1.000000 0.000000
f 629 614 615
v 0.812500 2.000000 0.000000
f 629 615 630
v 1.000000 1.000000 0.187500
v 1.000000 1.000000 0.000000
v 1.000000 2.000000 0.000000
f 631 632 633
v 1.000000 2.000000 0.187500
f 631 633 634
f 614 629 632
f 614 632 631
f 630 615 634
f 630 634 633
f 632 629 630
f 632 630 633
f 614 631 634
f 614 634 615
v 0.812500 1.000000 1.000000
v 0.812500 2.000000 1.000000
f 613 635 636
f 613 636 616
v 1.000000 1.000000 1.000000
v 1.000000 1.000000 0.812500
v 1.000000 2.000000 0.812500
f 637 638 639
v 1.000000 2.000000 1.000000
f 637 639 640
f 635 613 638
f 635 638 637
f 616 636 640
f 616 640 639
f 638 613 616
f 638 616 639
f 635 637 640
f 635 640 636
usemtl edge
v 0.250000 1.000000 0.062500
v 0.250000 1.000000 0.187500
v 0.250000 2.000000 0.187500
f 641 642 643
v 0.250000 2.000000 0.062500
f 641 643 644
v 0.750000 1.000000 0.187500
v 0.750000 1.000000 0.062500
v 0.750000 2.000000 0.062500
f 645 646 647
v 0.750000 2.000000 0.187500
f 645 647 648
f 642 641 646
f 642 646 645
f 644 643 648
f 644 648 647
f 646 641 644
f 646 644 647
f 642 645 648
f 642 648 643
v 0.250000 1.000000 0.812500
v 0.250000 1.000000 0.937500
v 0.250000 2.000000 0.937500
f 649 650 651
v 0.250000 2.000000 0.812500
f 649 651 652
v 0.750000 1.000000 0.937500
v 0.750000 1.000000 0.812500
v 0.750000 2.000000 0.812500
f 653 654 655
v 0.750000 2.000000 0.937500
f 653 655 656
f 650 649 654
f 650 654 653
f 652 651 656
f 652 656 655
f 654 649 652
f 654 652 655
f 650 653 656
f 650 656 651
v 0.062500 1.000000 0.250000
v 0.062500 1.000000 0.750000
v 0.062500 2.000000 0.750000
f 657 658 659
v 0.062500 2.000000 0.250000
f 657 659 660
v 0.187500 1.000000 0.750000
v 0.187500 1.000000 0.250000
v 0.187500 2.000000 0.250000
f 661 662 663
v 0.187500 2.000000 0.750000
f 661 663 664
f 658 657 662
f 658 662 661
f 660 659 664
f 660 664 663
f 662 657 660
f 662 660 663
f 658 661 664
f 658 664 659
v 0.812500 1.000000 0.250000
v 0.812500 1.000000 0.750000
v 0.812500 2.000000 0.750000
f 665 666 667
v 0.812500 2.000000 0.250000
f 665 667 668
v 0.937500 1.000000 0.750000
v 0.937500 1.000000 0.250000
v 0.937500 2.000000 0.250000
f 669 670 671
v 0.937500 2.000000 0.750000
f 669 671 672
f 666 665 670
f 666 670 669
f 668 667 672
f 668 672 671
f 670 665 668
f 670 668 671
f 666 669 672
f 666 672 667
o frame_0_1_6
usemtl armor
v 0.187500 1.000000 6.187500
v 0.187500 1.000000 6.812500
v 0.187500 2.000000 6.812500
f 673 674 675
v 0.187500 2.000000 6.187500
f 673 675 676
v 0.812500 1.000000 6.812500
v 0.812500 1.000000 6.187500
v 0.812500 2.000000 6.187500
f 677 678 679
v 0.812500 2.000000 6.812500
f 677 679 680
f 674 673 678
f 674 678 677
f 676 675 680
f 676 680 679
f 678 673 676
f 678 676 679
f 674 677 680
f 674 680 675
usemtl steel
v 0.000000 1.000000 6.000000
v 0.000000 1.000000 6.187500
v 0.000000 2.000000 6.187500
f 681 682 683
v 0.000000 2.000000 6.000000
f 681 683 684
v 0.187500 1.000000 6.000000
v 0.187500 2.000000 6.000000
f 673 685 686
f 673 686 676
f 682 681 685
f 682 685 673
f 684 683 676
f 684 676 686
f 685 681 684
f 685 684 686
f 682 673 676
f 682 676 683
v 0.000000 1.000000 6.812500
v 0.000000 1.000000 7.000000
v 0.000000 2.000000 7.000000
f 687 688 689
v 0.000000 2.000000 6.812500
f 687 689 690
v 0.187500 1.000000 7.000000
f 691 674 675
v 0.187500 2.000000 7.000000
f 691 675 692
f 688 687 674
f 688 674 691
f 690 689 692
f 690 692 675
f 674 687 690
f 674 690 675
f 688 691 692
f 688 692 689
v 0.812500 1.000000 6.000000
f 693 678 679
v 0.812500 2.000000 6.000000
f 693 679 694
v 1.000000 1.000000 6.187500
v 1.000000 1.000000 6.000000
v 1.000000 2.000000 6.000000
f 695 696 697
v 1.000000 2.000000 6.187500
f 695 697 698
f 678 693 696
f 678 696 695
f 694 679 698
f 694 698 697
f 696 693 694
f 696 694 697
f 678 695 698
f 678 698 679
v 0.812500 1.000000 7.000000
v 0.812500 2.000000 7.000000
f 677 699 700
f 677 700 680
v 1.000000 1.000000 7.000000
v 1.000000 1.000000 6.812500
v 1.000000 2.000000 6.812500
f 701 702 703
v 1.000000 2.000000 7.000000
f 701 703 704
f 699 677 702
f 699 702 701
f 680 700 704
f 680 704 703
f 702 677 680
f 702 680 703
f 699 701 704
f 699 704 700
usemtl edge
v 0.250000 1.000000 6.062500
v 0.250000 1.000000 6.187500
v 0.250000 2.000000 6.187500
f 705 706 707
v 0.250000 2.000000 6.062500
f 705 707 708
v 0.750000 1.000000 6.187500
v 0.750000 1.000000 6.062500
v 0.750000 2.000000 6.062500
f 709 710 711
v 0.750000 2.000000 6.187500
f 709 711 712
f 706 705 710
f 706 710 709
f 708 707 712
f 708 712 711
f 710 705 708
f 710 708 711
f 706 709 712
f 706 712 707
v 0.250000 1.000000 6.812500
v 0.250000 1.000000 6.937500
v 0.250000 2.000000 6.937500
f 713 714 715
v 0.250000 2.000000 6.812500
f 713 715 716
v 0.750000 1.000000 6.937500
v 0.750000 1.000000 6.812500
v 0.750000 2.000000 6.812500
f 717 718 719
v 0.750000 2.000000 6.937500
f 717 719 720
f 714 713 718
f 714 718 717
f 716 715 720
f 716 720 719
f 718 713 716
f 718 716 719
f 714 717 720
f 714 720 715
v 0.062500 1.000000 6.250000
v 0.062500 1.000000 6.750000
v 0.062500 2.000000 6.750000
f 721 722 723
v 0.062500 2.000000 6.250000
f 721 723 724
v 0.187500 1.000000 6.750000
v 0.187500 1.000000 6.250000
v 0.187500 2.000000 6.250000
f 725 726 727
v 0.187500 2.000000 6.750000
f 725 727 728
f 722 721 726
f 722 726 725
f 724 723 728
f 724 728 727
f 726 721 724
f 726 724 727
f 722 725 728
f 722 728 723
v 0.812500 1.000000 6.250000
v 0.812500 1.000000 6.750000
v 0.812500 2.000000 6.750000
f 729 730 731
v 0.812500 2.000000 6.250000
f 729 731 732
v 0.937500 1.000000 6.750000
v 0.937500 1.000000 6.250000
v 0.937500 2.000000 6.250000
f 733 734 735
v 0.937500 2.000000 6.750000
f 733 735 736
f 730 729 734
f 730 734 733
f 732 731 736
f 732 736 735
f 734 729 732
f 734 732 735
f 730 733 736
f 730 736 731
o frame_0_2_0
usemtl armor
v 0.187500 2.000000 0.187500
v 0.187500 2.000000 0.812500
v 0.187500 3.000000 0.812500
f 737 738 739
v 0.187500 3.000000 0.187500
f 737 739 740
v 0.812500 2.000000 0.812500
v 0.812500 2.000000 0.187500
v 0.812500 3.000000 0.187500
f 741 742 743
v 0.812500 3.000000 0.812500
f 741 743 744
f 738 737 742
f 738 742 741
f 740 739 744
f 740 744 743
f 742 737 740
f 742 740 743
f 738 741 744
f 738 744 739
usemtl steel
v 0.000000 2.000000 0.000000
v 0.000000 2.000000 0.187500
v 0.000000 3.000000 0.187500
f 745 746 747
v 0.000000 3.000000 0.000000
f 745 747 748
v 0.187500 2.000000 0.000000
v 0.187500 3.000000 0.000000
f 737 749 750
f 737 750 740
f 746 745 749
f 746 749 737
f 748 747 740
f 748 740 750
f 749 745 748
f 749 748 750
f 746 737 740
f 746 740 747
v 0.000000 2.000000 0.812500
v 0.000000 2.000000 1.000000
v 0.000000 3.000000 1.000000
f 751 752 753
v 0.000000 3.000000 0.812500
f 751 753 754
v 0.187500 2.000000 1.000000
f 755 738 739
v 0.187500 3.000000 1.000000
f 755 739 756
f 752 751 738
f 752 738 755
f 754 753 756
f 754 756 739
f 738 751 754
f 738 754 739
f 752 755 756
f 752 756 753
v 0.812500 2.000000 0.000000
f 757 742 743
v 0.812500 3.000000 0.000000
f 757 743 758
v 1.000000 2.000000 0.187500
v 1.000000 2.000000 0.000000
v 1.000000 3.000000 0.000000
f 759 760 761
v 1.000000 3.000000 0.187500
f 759 761 762
f 742 757 760
f 742 760 759
f 758 743 762
f 758 762 761
f 760 757 758
f 760 758 761
f 742 759 762
f 742 762 743
v 0.812500 2.000000 1.000000
v 0.812500 3.000000 1.000000
f 741 763 764
f 741 764 744
v 1.000000 2.000000 1.000000
v 1.000000 2.000000 0.812500
v 1.000000 3.000000 0.812500
f 765 766 767
v 1.000000 3.000000 1.000000
f 765 767 768
f 763 741 766
f 763 766 765
f 744 764 768
f 744 768 767
f 766 741 744
f 766 744 767
f 763 765 768
f 763 768 764
usemtl edge
v 0.250000 2.000000 0.062500
v 0.250000 2.000000 0.187500
v 0.250000 3.000000 0.187500
f 769 770 771
v 0.250000 3.000000 0.062500
f 769 771 772
v 0.750000 2.000000 0.187500
v 0.750000 2.000000 0.062500
v 0.750000 3.000000 0.062500
f 773 774 775
v 0.750000 3.000000 0.187500
f 773 775 776
f 770 769 774
f 770 774 773
f 772 771 776
f 772 776 775
f 774 769 772
f 774 772 775
f 770 773 776
f 770 776 771
v 0.250000 2.000000 0.812500
v 0.250000 2.000000 0.937500
v 0.250000 3.000000 0.937500
f 777 778 779
v 0.250000 3.000000 0.812500
f 777 779 780
v 0.750000 2.000000 0.937500
v 0.750000 2.000000 0.812500
v 0.750000 3.000000 0.812500
f 781 782 783
v 0.750000 3.000000 0.937500
f 781 783 784
f 778 777 782
f 778 782 781
f 780 779 784
f 780 784 783
f 782 777 780
f 782 780 783
f 778 781 784
f 778 784 779
v 0.062500 2.000000 0.250000
v 0.062500 2.000000 0.750000
v 0.062500 3.000000 0.750000
f 785 786 787
v 0.062500 3.000000 0.250000
f 785 787 788
v 0.187500 2.000000 0.750000
v 0.187500 2.000000 0.250000
v 0.187500 3.000000 0.250000
f 789 790 791
v 0.187500 3.000000 0.750000
f 789 791 792
f 786 785 790
f 786 790 789
f 788 787 792
f 788 792 791
f 790 785 788
f 790 788 791
f 786 789 792
f 786 792 787
v 0.812500 2.000000 0.250000
v 0.812500 2.000000 0.750000
v 0.812500 3.000000 0.750000
f 793 794 795
v 0.812500 3.000000 0.250000
f 793 795 796
v 0.937500 2.000000 0.750000
v 0.937500 2.000000 0.250000
v 0.937500 3.000000 0.250000
f 797 798 799
v 0.937500 3.000000 0.750000
f 797 799 800
f 794 793 798
f 794 798 797
f 796 795 800
f 796 800 799
f 798 793 796
f 798 796 799
f 794 797 800
f 794 800 795
o frame_0_2_6
usemtl armor
v 0.187500 2.000000 6.187500
v 0.187500 2.000000 6.812500
v 0.187500 3.000000 6.812500
f 801 802 803
v 0.187500 3.000000 6.187500
f 801 803 804
v 0.812500 2.000000 6.812500
v 0.812500 2.000000 6.187500
v 0.812500 3.000000 6.187500
f 805 806 807
v 0.812500 3.000000 6.812500
f 805 807 808
f 802 801 806
f 802 806 805
f 804 803 808
f 804 808 807
f 806 801 804
f 806 804 807
f 802 805 808
f 802 808 803
usemtl steel
v 0.000000 2.000000 6.000000
v 0.000000 2.000000 6.187500
v 0.000000 3.000000 6.187500
f 809 810 811
v 0.000000 3.000000 6.000000
f 809 811 812
v 0.187500 2.000000 6.000000
v 0.187500 3.000000 6.000000
f 801 813 814
f 801 814 804
f 810 809 813
f 810 813 801
f 812 811 804
f 812 804 814
f 813 809 812
f 813 812 814
f 810 801 804
f 810 804 811
v 0.000000 2.000000 6.812500
v 0.000000 2.000000 7.000000
v 0.000000 3.000000 7.000000
f 815 816 817
v 0.000000 3.000000 6.812500
f 815 817 818
v 0.187500 2.000000 7.000000
f 819 802 803
v 0.187500 3.000000 7.000000
f 819 803 820
f 816 815 802
f 816 802 819
f 818 817 820
f 818 820 803
f 802 815 818
f 802 818 803
f 816 819 820
f 816 820 817
v 0.812500 2.000000 6.000000
f 821 806 807
v 0.812500 3.000000 6.000000
f 821 807 822
v 1.000000 2.000000 6.187500
v 1.000000 2.000000 6.000000
v 1.000000 3.000000 6.000000
f 823 824 825
v 1.000000 3.000000 6.187500
f 823 825 826
f 806 821 824
f 806 824 823
f 822 807 826
f 822 826 825
f 824 821 822
f 824 822 825
f 806 823 826
f 806 826 807
v 0.812500 2.000000 7.000000
v 0.812500 3.000000 7.000000
f 805 827 828
f 805 828 808
v 1.000000 2.000000 7.000000
v 1.000000 2.000000 6.812500
v 1.000000 3.000000 6.812500
f 829 830 831
v 1.000000 3.000000 7.000000
f 829 831 832
f 827 805 830
f 827 830 829
f 808 828 832
f 808 832 831
f 830 805 808
f 830 808 831
f 827 829 832
f 827 832 828
usemtl edge
v 0.250000 2.000000 6.062500
v 0.250000 2.000000 6.187500
v 0.250000 3.000000 6.187500
f 833 834 835
v 0.250000 3.000000 6.062500
f 833 835 836
v 0.750000 2.000000 6.187500
v 0.750000 2.000000 6.062500
v 0.750000 3.000000 6.062500
f 837 838 839
v 0.750000 3.000000 6.187500
f 837 839 840
f 834 833 838
f 834 838 837
f 836 835 840
f 836 840 839
f 838 833 836
f 838 836 839
f 834 837 840
f 834 840 835
v 0.250000 2.000000 6.812500
v 0.250000 2.000000 6.937500
v 0.250000 3.000000 6.937500
f 841 842 843
v 0.250000 3.000000 6.812500
f 841 843 844
v 0.750000 2.000000 6.937500
v 0.750000 2.000000 6.812500
v 0.750000 3.000000 6.812500
f 845 846 847
v 0.750000 3.000000 6.937500
f 845 847 848
f 842 841 846
f 842 846 845
f 844 843 848
f 844 848 847
f 846 841 844
f 846 844 847
f 842 845 848
f 842 848 843
v 0.062500 2.000000 6.250000
v 0.062500 2.000000 6.750000
v 0.062500 3.000000 6.750000
f 849 850 851
v 0.062500 3.000000 6.250000
f 849 851 852
v 0.187500 2.000000 6.750000
v 0.187500 2.000000 6.250000
v 0.187500 3.000000 6.250000
f 853 854 855
v 0.187500 3.000000 6.750000
f 853 855 856
f 850 849 854
f 850 854 853
f 852 851 856
f 852 856 855
f 854 849 852
f 854 852 855
f 850 853 856
f 850 856 851
v 0.812500 2.000000 6.250000
v 0.812500 2.000000 6.750000
v 0.812500 3.000000 6.750000
f 857 858 859
v 0.812500 3.000000 6.250000
f 857 859 860
v 0.937500 2.000000 6.750000
v 0.937500 2.000000 6.250000
v 0.937500 3.000000 6.250000
f 861 862 863
v 0.937500 3.000000 6.750000
f 861 863 864
f 858 857 862
f 858 862 861
f 860 859 864
f 860 864 863
f 862 857 860
f 862 860 863
f 858 861 864
f 858 864 859
o frame_0_3_0
usemtl armor
v 0.187500 3.000000 0.187500
v 0.187500 3.000000 0.812500
v 0.187500 4.000000 0.812500
f 865 866 867
v 0.187500 4.000000 0.187500
f 865 867 868
v 0.812500 3.000000 0.812500
v 0.812500 3.000000 0.187500
v 0.812500 4.000000 0.187500
f 869 870 871
v 0.812500 4.000000 0.812500
f 869 871 872
f 866 865 870
f 866 870 869
f 868 867 872
f 868 872 871
f 870 865 868
f 870 868 871
f 866 869 872
f 866 872 867
usemtl steel
v 0.000000 3.000000 0.000000
v 0.000000 3.000000 0.187500
v 0.000000 4.000000 0.187500
f 873 874 875
v 0.000000 4.000000 0.000000
f 873 875 876
v 0.187500 3.000000 0.000000
v 0.187500 4.000000 0.000000
f 865 877 878
f 865 878 868
f 874 873 877
f 874 877 865
f 876 875 868
f 876 868 878
f 877 873 876
f 877 876 878
f 874 865 868
f 874 868 875
v 0.000000 3.000000 0.812500
v 0.000000 3.000000 1.000000
v 0.000000 4.000000 1.000000
f 879 880 881
v 0.000000 4.000000 0.812500
f 879 881 882
v 0.187500 3.000000 1.000000
f 883 866 867
v 0.187500 4.000000 1.000000
f 883 867 884
f 880 879 866
f 880 866 883
f 882 881 884
f 882 884 867
f 866 879 882
f 866 882 867
f 880 883 884
f 880 884 881
v 0.812500 3.000000 0.000000
f 885 870 871
v 0.812500 4.000000 0.000000
f 885 871 886
v 1.000000 3.000000 0.187500
v 1.000000 3.000000 0.000000
v 1.000000 4.000000 0.000000
f 887 888 889
v 1.000000 4.000000 0.187500
f 887 889 890
f 870 885 888
f 870 888 887
f 886 871 890
f 886 890 889
f 888 885 886
f 888 886 889
f 870 887 890
f 870 890 871
v 0.812500 3.000000 1.000000
v 0.812500 4.000000 1.000000
f 869 891 892
f 869 892 872
v 1.000000 3.000000 1.000000
v 1.000000 3.000000 0.812500
v 1.000000 4.000000 0.812500
f 893 894 895
v 1.000000 4.000000 1.000000
f 893 895 896
f 891 869 894
f 891 894 893
f 872 892 896
f 872 896 895
f 894 869 872
f 894 872 895
f 891 893 896
f 891 896 892
usemtl edge
v 0.250000 3.000000 0.062500
v 0.250000 3.000000 0.187500
v 0.250000 4.000000 0.187500
f 897 898 899
v 0.250000 4.000000 0.062500
f 897 899 900
v 0.750000 3.000000 0.187500
v 0.750000 3.000000 0.062500
v 0.750000 4.000000 0.062500
f 901 902 903
v 0.750000 4.000000 0.187500
f 901 903 904
f 898 897 902
f 898 902 901
f 900 899 904
f 900 904 903
f 902 897 900
f 902 900 903
f 898 901 904
f 898 904 899
v 0.250000 3.000000 0.812500
v 0.250000 3.000000 0.937500
v 0.250000 4.000000 0.937500
f 905 906 907
v 0.250000 4.000000 0.812500
f 905 907 908
v 0.750000 3.000000 0.937500
v 0.750000 3.000000 0.812500
v 0.750000 4.000000 0.812500
f 909 910 911
v 0.750000 4.000000 0.937500
f 909 911 912
f 906 905 910
f 906 910 909
f 908 907 912
f 908 912 911
f 910 905 908
f 910 908 911
f 906 909 912
f 906 912 907
v 0.062500 3.000000 0.250000
v 0.062500 3.000000 0.750000
v 0.062500 4.000000 0.750000
f 913 914 915
v 0.062500 4.000000 0.250000
f 913 915 916
v 0.187500 3.000000 0.750000
v 0.187500 3.000000 0.250000
v 0.187500 4.000000 0.250000
f 917 918 919
v 0.187500 4.000000 0.750000
f 917 919 920
f 914 913 918
f 914 918 917
f 916 915 920
f 916 920 919
f 918 913 916
f 918 916 919
f 914 917 920
f 914 920 915
v 0.812500 3.000000 0.250000
v 0.812500 3.000000 0.750000
v 0.812500 4.000000 0.750000
f 921 922 923
v 0.812500 4.000000 0.250000
f 921 923 924
v 0.937500 3.000000 0.750000
v 0.937500 3.000000 0.250000
v 0.937500 4.000000 0.250000
f 925 926 927
v 0.937500 4.000000 0.750000
f 925 927 928
f 922 921 926
f 922 926 925
f 924 923 928
f 924 928 927
f 926 921 924
f 926 924 927
f 922 925 928
f 922 928 923
o frame_0_3_6
usemtl armor
v 0.187500 3.000000 6.187500
v 0.187500 3.000000 6.812500
v 0.187500 4.000000 6.812500
f 929 930 931
v 0.187500 4.000000 6.187500
f 929 931 932
v 0.812500 3.000000 6.812500
v 0.812500 3.000000 6.187500
v 0.812500 4.000000 6.187500
f 933 934 935
v 0.812500 4.000000 6.812500
f 933 935 936
f 930 929 934
f 930 934 933
f 932 931 936
f 932 936 935
f 934 929 932
f 934 932 935
f 930 933 936
f 930 936 931
usemtl steel
v 0.000000 3.000000 6.000000
v 0.000000 3.000000 6.187500
v 0.000000 4.000000 6.187500
f 937 938 939
v 0.000000 4.000000 6.000000
f 937 939 940
v 0.187500 3.000000 6.000000
v 0.187500 4.000000 6.000000
f 929 941 942
f 929 942 932
f 938 937 941
f 938 941 929
f 940 939 932
f 940 932 942
f 941 937 940
f 941 940 942
f 938 929 932
f 938 932 939
v 0.000000 3.000000 6.812500
v 0.000000 3.000000 7.000000
v 0.000000 4.000000 7.000000
f 943 944 945
v 0.000000 4.000000 6.812500
f 943 945 946
v 0.187500 3.000000 7.000000
f 947 930 931
v 0.187500 4.000000 7.000000
f 947 931 948
f 944 943 930
f 944 930 947
f 946 945 948
f 946 948 931
f 930 943 946
f 930 946 931
f 944 947 948
f 944 948 945
v 0.812500 3.000000 6.000000
f 949 934 935
v 0.812500 4.000000 6.000000
f 949 935 950
v 1.000000 3.000000 6.187500
v 1.000000 3.000000 6.000000
v 1.000000 4.000000 6.000000
f 951 952 953
v 1.000000 4.000000 6.187500
f 951 953 954
f 934 949 952
f 934 952 951
f 950 935 954
f 950 954 953
f 952 949 950
f 952 950 953
f 934 951 954
f 934 954 935
v 0.812500 3.000000 7.000000
v 0.812500 4.000000 7.000000
f 933 955 956
f 933 956 936
v 1.000000 3.000000 7.000000
v 1.000000 3.000000 6.812500
v 1.000000 4.000000 6.812500
f 957 958 959
v 1.000000 4.000000 7.000000
f 957 959 960
f 955 933 958
f 955 958 957
f 936 956 960
f 936 960 959
f 958 933 936
f 958 936 959
f 955 957 960
f 955 960 956
usemtl edge
v 0.250000 3.000000 6.062500
v 0.250000 3.000000 6.187500
v 0.250000 4.000000 6.187500
f 961 962 963
v 0.250000 4.000000 6.062500
f 961 963 964
v 0.750000 3.000000 6.187500
v 0.750000 3.000000 6.062500
v 0.750000 4.000000 6.062500
f 965 966 967
v 0.750000 4.000000 6.187500
f 965 967 968
f 962 961 966
f 962 966 965
f 964 963 968
f 964 968 967
f 966 961 964
f 966 964 967
f 962 965 968
f 962 968 963
v 0.250000 3.000000 6.812500
v 0.250000 3.000000 6.937500
v 0.250000 4.000000 6.937500
f 969 970 971
v 0.250000 4.000000 6.812500
f 969 971 972
v 0.750000 3.000000 6.937500
v 0.750000 3.000000 6.812500
v 0.750000 4.000000 6.812500
f 973 974 975
v 0.750000 4.000000 6.937500
f 973 975 976
f 970 969 974
f 970 974 973
f 972 971 976
f 972 976 975
f 974 969 972
f 974 972 975
f 970 973 976
f 970 976 971
v 0.062500 3.000000 6.250000
v 0.062500 3.000000 6.750000
v 0.062500 4.000000 6.750000
f 977 978 979
v 0.062500 4.000000 6.250000
f 977 979 980
v 0.187500 3.000000 6.750000
v 0.187500 3.000000 6.250000
v 0.187500 4.000000 6.250000
f 981 982 983
v 0.187500 4.000000 6.750000
f 981 983 984
f 978 977 982
f 978 982 981
f 980 979 984
f 980 984 983
f 982 977 980
f 982 980 983
f 978 981 984
f 978 984 979
v 0.812500 3.000000 6.250000
v 0.812500 3.000000 6.750000
v 0.812500 4.000000 6.750000
f 985 986 987
v 0.812500 4.000000 6.250000
f 985 987 988
v 0.937500 3.000000 6.750000
v 0.937500 3.000000 6.250000
v 0.937500 4.000000 6.250000
f 989 990 991
v 0.937500 4.000000 6.750000
f 989 991 992
f 986 985 990
f 986 990 989
f 988 987 992
f 988 992 991
f 990 985 988
f 990 988 991
f 986 989 992
f 986 992 987
o frame_0_4_0
usemtl armor
v 0.187500 4.000000 0.187500
v 0.187500 4.000000 0.812500
v 0.187500 5.000000 0.812500
f 993 994 995
v 0.187500 5.000000 0.187500
f 993 995 996
v 0.812500 4.000000 0.812500
v 0.812500 4.000000 0.187500
v 0.812500 5.000000 0.187500
f 997 998 999
v 0.812500 5.000000 0.812500
f 997 999 1000
f 994 993 998
f 994 998 997
f 996 995 1000
f 996 1000 999
f 998 993 996
f 998 996 999
f 994 997 1000
f 994 1000 995
usemtl steel
v 0.000000 4.000000 0.000000
v 0.000000 4.000000 0.187500
v 0.000000 5.000000 0.187500
f 1001 1002 1003
v 0.000000 5.000000 0.000000
f 1001 1003 1004
v 0.187500 4.000000 0.000000
v 0.187500 5.000000 0.000000
f 993 1005 1006
f 993 1006 996
f 1002 1001 1005
f 1002 1005 993
f 1004 1003 996
f 1004 996 1006
f 1005 1001 1004
f 1005 1004 1006
f 1002 993 996
f 1002 996 1003
v 0.000000 4.000000 0.812500
v 0.000000 4.000000 1.000000
v 0.000000 5.000000 1.000000
f 1007 1008 1009
v 0.000000 5.000000 0.812500
f 1007 1009 1010
v 0.187500 4.000000 1.000000
f 1011 994 995
v 0.187500 5.000000 1.000000
f 1011 995 1012
f 1008 1007 994
f 1008 994 1011
f 1010 1009 1012
f 1010 1012 995
f 994 1007 1010
f 994 1010 995
f 1008 1011 1012
f 1008 1012 1009
v 0.812500 4.000000 0.000000
f 1013 998 999
v 0.812500 5.000000 0.000000
f 1013 999 1014
v 1.000000 4.000000 0.187500
v 1.000000 4.000000 0.000000
v 1.000000 5.000000 0.000000
f 1015 1016 1017
v 1.000000 5.000000 0.187500
f 1015 1017 1018
f 998 1013 1016
f 998 1016 1015
f 1014 999 1018
f 1014 1018 1017
f 1016 1013 1014
f 1016 1014 1017
f 998 1015 1018
f 998 1018 999
v 0.812500 4.000000 1.000000
v 0.812500 5.000000 1.000000
f 997 1019 1020
f 997 1020 1000
v 1.000000 4.000000 1.000000
v 1.000000 4.000000 0.812500
v 1.000000 5.000000 0.812500
f 1021 1022 1023
v 1.000000 5.000000 1.000000
f 1021 1023 1024
f 1019 997 1022
f 1019 1022 1021
f 1000 1020 1024
f 1000 1024 1023
f 1022 997 1000
f 1022 1000 1023
f 1019 1021 1024
f 1019 1024 1020
usemtl edge
v 0.250000 4.000000 0.062500
v 0.250000 4.000000 0.187500
v 0.250000 5.000000 0.187500
f 1025 1026 1027
v 0.250000 5.000000 0.062500
f 1025 1027 1028
v 0.750000 4.000000 0.187500
v 0.750000 4.000000 0.062500
v 0.750000 5.000000 0.062500
f 1029 1030 1031
v 0.750000 5.000000 0.187500
f 1029 1031 1032
f 1026 1025 1030
f 1026 1030 1029
f 1028 1027 1032
f 1028 1032 1031
f 1030 1025 1028
f 1030 1028 1031
f 1026 1029 1032
f 1026 1032 1027
v 0.250000 4.000000 0.812500
v 0.250000 4.000000 0.937500
v 0.250000 5.000000 0.937500
f 1033 1034 1035
v 0.250000 5.000000 0.812500
f 1033 1035 1036
v 0.750000 4.000000 0.937500
v 0.750000 4.000000 0.812500
v 0.750000 5.000000 0.812500
f 1037 1038 1039
v 0.750000 5.000000 0.937500
f 1037 1039 1040
f 1034 1033 1038
f 1034 1038 1037
f 1036 1035 1040
f 1036 1040 1039
f 1038 1033 1036
f 1038 1036 1039
f 1034 1037 1040
f 1034 1040 1035
v 0.062500 4.000000 0.250000
v 0.062500 4.000000 0.750000
v 0.062500 5.000000 0.750000
f 1041 1042 1043
v 0.062500 5.000000 0.250000
f 1041 1043 1044
v 0.187500 4.000000 0.750000
v 0.187500 4.000000 0.250000
v 0.187500 5.000000 0.250000
f 1045 1046 1047
v 0.187500 5.000000 0.750000
f 1045 1047 1048
f 1042 1041 1046
f 1042 1046 1045
f 1044 1043 1048
f 1044 1048 1047
f 1046 1041 1044
f 1046 1044 1047
f 1042 1045 1048
f 1042 1048 1043
v 0.812500 4.000000 0.250000
v 0.812500 4.000000 0.750000
v 0.812500 5.000000 0.750000
f 1049 1050 1051
v 0.812500 5.000000 0.250000
f 1049 1051 1052
v 0.937500 4.000000 0.750000
v 0.937500 4.000000 0.250000
v 0.937500 5.000000 0.250000
f 1053 1054 1055
v 0.937500 5.000000 0.750000
f 1053 1055 1056
f 1050 1049 1054
f 1050 1054 1053
f 1052 1051 1056
f 1052 1056 1055
f 1054 1049 1052
f 1054 1052 1055
f 1050 1053 1056
f 1050 1056 1051
o frame_0_4_6
usemtl armor
v 0.187500 4.000000 6.187500
v 0.187500 4.000000 6.812500
v 0.187500 5.000000 6.812500
f 1057 1058 1059
v 0.187500 5.000000 6.187500
f 1057 1059 1060
v 0.812500 4.000000 6.812500
v 0.812500 4.000000 6.187500
v 0.812500 5.000000 6.187500
f 1061 1062 1063
v 0.812500 5.000000 6.812500
f 1061 1063 1064
f 1058 1057 1062
f 1058 1062 1061
f 1060 1059 1064
f 1060 1064 1063
f 1062 1057 1060
f 1062 1060 1063
f 1058 1061 1064
f 1058 1064 1059
usemtl steel
v 0.000000 4.000000 6.000000
v 0.000000 4.000000 6.187500
v 0.000000 5.000000 6.187500
f 1065 1066 1067
v 0.000000 5.000000 6.000000
f 1065 1067 1068
v 0.187500 4.000000 6.000000
v 0.187500 5.000000 6.000000
f 1057 1069 1070
f 1057 1070 1060
f 1066 1065 1069
f 1066 1069 1057
f 1068 1067 1060
f 1068 1060 1070
f 1069 1065 1068
f 1069 1068 1070
f 1066 1057 1060
f 1066 1060 1067
v 0.000000 4.000000 6.812500
v 0.000000 4.000000 7.000000
v 0.000000 5.000000 7.000000
f 1071 1072 1073
v 0.000000 5.000000 6.812500
f 1071 1073 1074
v 0.187500 4.000000 7.000000
f 1075 1058 1059
v 0.187500 5.000000 7.000000
f 1075 1059 1076
f 1072 1071 1058
f 1072 1058 1075
f 1074 1073 1076
f 1074 1076 1059
f 1058 1071 1074
f 1058 1074 1059
f 1072 1075 1076
f 1072 1076 1073
v 0.812500 4.000000 6.000000
f 1077 1062 1063
v 0.812500 5.000000 6.000000
f 1077 1063 1078
v 1.000000 4.000000 6.187500
v 1.000000 4.000000 6.000000
v 1.000000 5.000000 6.000000
f 1079 1080 1081
v 1.000000 5.000000 6.187500
f 1079 1081 1082
f 1062 1077 1080
f 1062 1080 1079
f 1078 1063 1082
f 1078 1082 1081
f 1080 1077 1078
f 1080 1078 1081
f 1062 1079 1082
f 1062 1082 1063
v 0.812500 4.000000 7.000000
v 0.812500 5.000000 7.000000
f 1061 1083 1084
f 1061 1084 1064
v 1.000000 4.000000 7.000000
v 1.000000 4.000000 6.812500
v 1.000000 5.000000 6.812500
f 1085 1086 1087
v 1.000000 5.000000 7.000000
f 1085 1087 1088
f 1083 1061 1086
f 1083 1086 1085
f 1064 1084 1088
f 1064 1088 1087
f 1086 1061 1064
f 1086 1064 1087
f 1083 1085 1088
f 1083 1088 1084
usemtl edge
v 0.250000 4.000000 6.062500
v 0.250000 4.000000 6.187500
v 0.250000 5.000000 6.187500
f 1089 1090 1091
v 0.250000 5.000000 6.062500
f 1089 1091 1092
v 0.750000 4.000000 6.187500
v 0.750000 4.000000 6.062500
v 0.750000 5.000000 6.062500
f 1093 1094 1095
v 0.750000 5.000000 6.187500
f 1093 1095 1096
f 1090 1089 1094
f 1090 1094 1093
f 1092 1091 1096
f 1092 1096 1095
f 1094 1089 1092
f 1094 1092 1095
f 1090 1093 1096
f 1090 1096 1091
v 0.250000 4.000000 6.812500
v 0.250000 4.000000 6.937500
v 0.250000 5.000000 6.937500
f 1097 1098 1099
v 0.250000 5.000000 6.812500
f 1097 1099 1100
v 0.750000 4.000000 6.937500
v 0.750000 4.000000 6.812500
v 0.750000 5.000000 6.812500
f 1101 1102 1103
v 0.750000 5.000000 6.937500
f 1101 1103 1104
f 1098 1097 1102
f 1098 1102 1101
f 1100 1099 1104
f 1100 1104 1103
f 1102 1097 1100
f 1102 1100 1103
f 1098 1101 1104
f 1098 1104 1099
v 0.062500 4.000000 6.250000
v 0.062500 4.000000 6.750000
v 0.062500 5.000000 6.750000
f 1105 1106 1107
v 0.062500 5.000000 6.250000
f 1105 1107 1108
v 0.187500 4.000000 6.750000
v 0.187500 4.000000 6.250000
v 0.187500 5.000000 6.250000
f 1109 1110 1111
v 0.187500 5.000000 6.750000
f 1109 1111 1112
f 1106 1105 1110
f 1106 1110 1109
f 1108 1107 1112
f 1108 1112 1111
f 1110 1105 1108
f 1110 1108 1111
f 1106 1109 1112
f 1106 1112 1107
v 0.812500 4.000000 6.250000
v 0.812500 4.000000 6.750000
v 0.812500 5.000000 6.750000
f 1113 1114 1115
v 0.812500 5.000000 6.250000
f 1113 1115 1116
v 0.937500 4.000000 6.750000
v 0.937500 4.000000 6.250000
v 0.937500 5.000000 6.250000
f 1117 1118 1119
v 0.937500 5.000000 6.750000
f 1117 1119 1120
f 1114 1113 1118
f 1114 1118 1117
f 1116 1115 1120
f 1116 1120 1119
f 1118 1113 1116
f 1118 1116 1119
f 1114 1117 1120
f 1114 1120 1115
o frame_0_5_0
usemtl armor
v 0.187500 5.000000 0.187500
v 0.187500 5.000000 0.812500
v 0.187500 6.000000 0.812500
f 1121 1122 1123
v 0.187500 6.000000 0.187500
f 1121 1123 1124
v 0.812500 5.000000 0.812500
v 0.812500 5.000000 0.187500
v 0.812500 6.000000 0.187500
f 1125 1126 1127
v 0.812500 6.000000 0.812500
f 1125 1127 1128
f 1122 1121 1126
f 1122 1126 1125
f 1124 1123 1128
f 1124 1128 1127
f 1126 1121 1124
f 1126 1124 1127
f 1122 1125 1128
f 1122 1128 1123
usemtl steel
v 0.000000 5.000000 0.000000
v 0.000000 5.000000 0.187500
v 0.000000 6.000000 0.187500
f 1129 1130 1131
v 0.000000 6.000000 0.000000
f 1129 1131 1132
v 0.187500 5.000000 0.000000
v 0.187500 6.000000 0.000000
f 1121 1133 1134
f 1121 1134 1124
f 1130 1129 1133
f 1130 1133 1121
f 1132 1131 1124
f 1132 1124 1134
f 1133 1129 1132
f 1133 1132 1134
f 1130 1121 1124
f 1130 1124 1131
v 0.000000 5.000000 0.812500
v 0.000000 5.000000 1.000000
v 0.000000 6.000000 1.000000
f 1135 1136 1137
v 0.000000 6.000000 0.812500
f 1135 1137 1138
v 0.187500 5.000000 1.000000
f 1139 1122 1123
v 0.187500 6.000000 1.000000
f 1139 1123 1140
f 1136 1135 1122
f 1136 1122 1139
f 1138 1137 1140
f 1138 1140 1123
f 1122 1135 1138
f 1122 1138 1123
f 1136 1139 1140
f 1136 1140 1137
v 0.812500 5.000000 0.000000
f 1141 1126 1127
v 0.812500 6.000000 0.000000
f 1141 1127 1142
v 1.000000 5.000000 0.187500
v 1.000000 5.000000 0.000000
v 1.000000 6.000000 0.000000
f 1143 1144 1145
v 1.000000 6.000000 0.187500
f 1143 1145 1146
f 1126 1141 1144
f 1126 1144 1143
f 1142 1127 1146
f 1142 1146 1145
f 1144 1141 1142
f 1144 1142 1145
f 1126 1143 1146
f 1126 1146 1127
v 0.812500 5.000000 1.000000
v 0.812500 6.000000 1.000000
f 1125 1147 1148
f 1125 1148 1128
v 1.000000 5.000000 1.000000
v 1.000000 5.000000 0.812500
v 1.000000 6.000000 0.812500
f 1149 1150 1151
v 1.000000 6.000000 1.000000
f 1149 1151 1152
f 1147 1125 1150
f 1147 1150 1149
f 1128 1148 1152
f 1128 1152 1151
f 1150 1125 1128
f 1150 1128 1151
f 1147 1149 1152
f 1147 1152 1148
usemtl edge
v 0.250000 5.000000 0.062500
v 0.250000 5.000000 0.187500
v 0.250000 6.000000 0.187500
f 1153 1154 1155
v 0.250000 6.000000 0.062500
f 1153 1155 1156
v 0.750000 5.000000 0.187500
v 0.750000 5.000000 0.062500
v 0.750000 6.000000 0.062500
f 1157 1158 1159
v 0.750000 6.000000 0.187500
f 1157 1159 1160
f 1154 1153 1158
f 1154 1158 1157
f 1156 1155 1160
f 1156 1160 1159
f 1158 1153 1156
f 1158 1156 1159
f 1154 1157 1160
f 1154 1160 1155
v 0.250000 5.000000 0.812500
v 0.250000 5.000000 0.937500
v 0.250000 6.000000 0.937500
f 1161 1162 1163
v 0.250000 6.000000 0.812500
f 1161 1163 1164
v 0.750000 5.000000 0.937500
v 0.750000 5.000000 0.812500
v 0.750000 6.000000 0.812500
f 1165 1166 1167
v 0.750000 6.000000 0.937500
f 1165 1167 1168
f 1162 1161 1166
f 1162 1166 1165
f 1164 1163 1168
f 1164 1168 1167
f 1166 1161 1164
f 1166 1164 1167
f 1162 1165 1168
f 1162 1168 1163
v 0.062500 5.000000 0.250000
v 0.062500 5.000000 0.750000
v 0.062500 6.000000 0.750000
f 1169 1170 1171
v 0.062500 6.000000 0.250000
f 1169 1171 1172
v 0.187500 5.000000 0.750000
v 0.187500 5.000000 0.250000
v 0.187500 6.000000 0.250000
f 1173 1174 1175
v 0.187500 6.000000 0.750000
f 1173 1175 1176
f 1170 1169 1174
f 1170 1174 1173
f 1172 1171 1176
f 1172 1176 1175
f 1174 1169 1172
f 1174 1172 1175
f 1170 1173 1176
f 1170 1176 1171
v 0.812500 5.000000 0.250000
v 0.812500 5.000000 0.750000
v 0.812500 6.000000 0.750000
f 1177 1178 1179
v 0.812500 6.000000 0.250000
f 1177 1179 1180
v 0.937500 5.000000 0.750000
v 0.937500 5.000000 0.250000
v 0.937500 6.000000 0.250000
f 1181 1182 1183
v 0.937500 6.000000 0.750000
f 1181 1183 1184
f 1178 1177 1182
f 1178 1182 1181
f 1180 1179 1184
f 1180 1184 1183
f 1182 1177 1180
f 1182 1180 1183
f 1178 1181 1184
f 1178 1184 1179
o frame_0_5_6
usemtl armor
v 0.187500 5.000000 6.187500
v 0.187500 5.000000 6.812500
v 0.187500 6.000000 6.812500
f 1185 1186 1187
v 0.187500 6.000000 6.187500
f 1185 1187 1188
v 0.812500 5.000000 6.812500
v 0.812500 5.000000 6.187500
v 0.812500 6.000000 6.187500
f 1189 1190 1191
v 0.812500 6.000000 6.812500
f 1189 1191 1192
f 1186 1185 1190
f 1186 1190 1189
f 1188 1187 1192
f 1188 1192 1191
f 1190 1185 1188
f 1190 1188 1191
f 1186 1189 1192
f 1186 1192 1187
usemtl steel
v 0.000000 5.000000 6.000000
v 0.000000 5.000000 6.187500
v 0.000000 6.000000 6.187500
f 1193 1194 1195
v 0.000000 6.000000 6.000000
f 1193 1195 1196
v 0.187500 5.000000 6.000000
v 0.187500 6.000000 6.000000
f 1185 1197 1198
f 1185 1198 1188
f 1194 1193 1197
f 1194 1197 1185
f 1196 1195 1188
f 1196 1188 1198
f 1197 1193 1196
f 1197 1196 1198
f 1194 1185 1188
f 1194 1188 1195
v 0.000000 5.000000 6.812500
v 0.000000 5.000000 7.000000
v 0.000000 6.000000 7.000000
f 1199 1200 1201
v 0.000000 6.000000 6.812500
f 1199 1201 1202
v 0.187500 5.000000 7.000000
f 1203 1186 1187
v 0.187500 6.000000 7.000000
f 1203 1187 1204
f 1200 1199 1186
f 1200 1186 1203
f 1202 1201 1204
f 1202 1204 1187
f 1186 1199 1202
f 1186 1202 1187
f 1200 1203 1204
f 1200 1204 1201
v 0.812500 5.000000 6.000000
f 1205 1190 1191
v 0.812500 6.000000 6.000000
f 1205 1191 1206
v 1.000000 5.000000 6.187500
v 1.000000 5.000000 6.000000
v 1.000000 6.000000 6.000000
f 1207 1208 1209
v 1.000000 6.000000 6.187500
f 1207 1209 1210
f 1190 1205 1208
f 1190 1208 1207
f 1206 1191 1210
f 1206 1210 1209
f 1208 1205 1206
f 1208 1206 1209
f 1190 1207 1210
f 1190 1210 1191
v 0.812500 5.000000 7.000000
v 0.812500 6.000000 7.000000
f 1189 1211 1212
f 1189 1212 1192
v 1.000000 5.000000 7.000000
v 1.000000 5.000000 6.812500
v 1.000000 6.000000 6.812500
f 1213 1214 1215
v 1.000000 6.000000 7.000000
f 1213 1215 1216
f 1211 1189 1214
f 1211 1214 1213
f 1192 1212 1216
f 1192 1216 1215
f 1214 1189 1192
f 1214 1192 1215
f 1211 1213 1216
f 1211 1216 1212
usemtl edge
v 0.250000 5.000000 6.062500
v 0.250000 5.000000 6.187500
v 0.250000 6.000000 6.187500
f 1217 1218 1219
v 0.250000 6.000000 6.062500
f 1217 1219 1220
v 0.750000 5.000000 6.187500
v 0.750000 5.000000 6.062500
v 0.750000 6.000000 6.062500
f 1221 1222 1223
v 0.750000 6.000000 6.187500
f 1221 1223 1224
f 1218 1217 1222
f 1218 1222 1221
f 1220 1219 1224
f 1220 1224 1223
f 1222 1217 1220
f 1222 1220 1223
f 1218 1221 1224
f 1218 1224 1219
v 0.250000 5.000000 6.812500
v 0.250000 5.000000 6.937500
v 0.250000 6.000000 6.937500
f 1225 1226 1227
v 0.250000 6.000000 6.812500
f 1225 1227 1228
v 0.750000 5.000000 6.937500
v 0.750000 5.000000 6.812500
v 0.750000 6.000000 6.812500
f 1229 1230 1231
v 0.750000 6.000000 6.937500
f 1229 1231 1232
f 1226 1225 1230
f 1226 1230 1229
f 1228 1227 1232
f 1228 1232 1231
f 1230 1225 1228
f 1230 1228 1231
f 1226 1229 1232
f 1226 1232 1227
v 0.062500 5.000000 6.250000
v 0.062500 5.000000 6.750000
v 0.062500 6.000000 6.750000
f 1233 1234 1235
v 0.062500 6.000000 6.250000
f 1233 1235 1236
v 0.187500 5.000000 6.750000
v 0.187500 5.000000 6.250000
v 0.187500 6.000000 6.250000
f 1237 1238 1239
v 0.187500 6.000000 6.750000
f 1237 1239 1240
f 1234 1233 1238
f 1234 1238 1237
f 1236 1235 1240
f 1236 1240 1239
f 1238 1233 1236
f 1238 1236 1239
f 1234 1237 1240
f 1234 1240 1235
v 0.812500 5.000000 6.250000
v 0.812500 5.000000 6.750000
v 0.812500 6.000000 6.750000
f 1241 1242 1243
v 0.812500 6.000000 6.250000
f 1241 1243 1244
v 0.937500 5.000000 6.750000
v 0.937500 5.000000 6.250000
v 0.937500 6.000000 6.250000
f 1245 1246 1247
v 0.937500 6.000000 6.750000
f 1245 1247 1248
f 1242 1241 1246
f 1242 1246 1245
f 1244 1243 1248
f 1244 1248 1247
f 1246 1241 1244
f 1246 1244 1247
f 1242 1245 1248
f 1242 1248 1243
o joint_0_6_0
usemtl graphite
v 0.125000 6.125000 0.125000
v 0.125000 6.125000 0.875000
v 0.125000 6.875000 0.875000
f 1249 1250 1251
v 0.125000 6.875000 0.125000
f 1249 1251 1252
v 0.875000 6.125000 0.875000
v 0.875000 6.125000 0.125000
v 0.875000 6.875000 0.125000
f 1253 1254 1255
v 0.875000 6.875000 0.875000
f 1253 1255 1256
f 1250 1249 1254
f 1250 1254 1253
f 1252 1251 1256
f 1252 1256 1255
f 1254 1249 1252
f 1254 1252 1255
f 1250 1253 1256
f 1250 1256 1251
usemtl armor
v 0.000000 6.125000 0.687500
v 0.000000 6.125000 0.875000
v 0.000000 6.875000 0.875000
f 1257 1258 1259
v 0.000000 6.875000 0.687500
f 1257 1259 1260
v 0.125000 6.125000 0.687500
v 0.125000 6.875000 0.687500
f 1250 1261 1262
f 1250 1262 1251
f 1258 1257 1261
f 1258 1261 1250
f 1260 1259 1251
f 1260 1251 1262
f 1261 1257 1260
f 1261 1260 1262
f 1258 1250 1251
f 1258 1251 1259
v 0.000000 6.125000 0.125000
v 0.000000 6.125000 0.312500
v 0.000000 6.875000 0.312500
f 1263 1264 1265
v 0.000000 6.875000 0.125000
f 1263 1265 1266
v 0.125000 6.125000 0.312500
f 1267 1249 1252
v 0.125000 6.875000 0.312500
f 1267 1252 1268
f 1264 1263 1249
f 1264 1249 1267
f 1266 1265 1268
f 1266 1268 1252
f 1249 1263 1266
f 1249 1266 1252
f 1264 1267 1268
f 1264 1268 1265
v 0.000000 6.312500 0.687500
f 1264 1257 1269
v 0.000000 6.312500 0.312500
f 1264 1269 1270
v 0.125000 6.312500 0.312500
f 1261 1267 1271
v 0.125000 6.312500 0.687500
f 1261 1271 1272
f 1257 1264 1267
f 1257 1267 1261
f 1270 1269 1272
f 1270 1272 1271
f 1267 1264 1270
f 1267 1270 1271
f 1257 1261 1272
f 1257 1272 1269
v 0.000000 6.687500 0.312500
v 0.000000 6.687500 0.687500
f 1273 1274 1260
f 1273 1260 1265
v 0.125000 6.687500 0.687500
v 0.125000 6.687500 0.312500
f 1275 1276 1268
f 1275 1268 1262
f 1274 1273 1276
f 1274 1276 1275
f 1265 1260 1262
f 1265 1262 1268
f 1276 1273 1265
f 1276 1265 1268
f 1274 1275 1262
f 1274 1262 1260
usemtl recess
v 0.093750 6.312500 0.312500
v 0.093750 6.312500 0.687500
v 0.093750 6.687500 0.687500
f 1277 1278 1279
v 0.093750 6.687500 0.312500
f 1277 1279 1280
f 1272 1271 1276
f 1272 1276 1275
f 1278 1277 1271
f 1278 1271 1272
f 1280 1279 1275
f 1280 1275 1276
f 1271 1277 1280
f 1271 1280 1276
f 1278 1272 1275
f 1278 1275 1279
usemtl armor
v 0.875000 6.125000 0.312500
v 0.875000 6.875000 0.312500
f 1254 1281 1282
f 1254 1282 1255
v 1.000000 6.125000 0.312500
v 1.000000 6.125000 0.125000
v 1.000000 6.875000 0.125000
f 1283 1284 1285
v 1.000000 6.875000 0.312500
f 1283 1285 1286
f 1281 1254 1284
f 1281 1284 1283
f 1255 1282 1286
f 1255 1286 1285
f 1284 1254 1255
f 1284 1255 1285
f 1281 1283 1286
f 1281 1286 1282
v 0.875000 6.125000 0.687500
f 1287 1253 1256
v 0.875000 6.875000 0.687500
f 1287 1256 1288
v 1.000000 6.125000 0.875000
v 1.000000 6.125000 0.687500
v 1.000000 6.875000 0.687500
f 1289 1290 1291
v 1.000000 6.875000 0.875000
f 1289 1291 1292
f 1253 1287 1290
f 1253 1290 1289
f 1288 1256 1292
f 1288 1292 1291
f 1290 1287 1288
f 1290 1288 1291
f 1253 1289 1292
f 1253 1292 1256
v 0.875000 6.312500 0.687500
f 1281 1287 1293
v 0.875000 6.312500 0.312500
f 1281 1293 1294
v 1.000000 6.312500 0.312500
f 1290 1283 1295
v 1.000000 6.312500 0.687500
f 1290 1295 1296
f 1287 1281 1283
f 1287 1283 1290
f 1294 1293 1296
f 1294 1296 1295
f 1283 1281 1294
f 1283 1294 1295
f 1287 1290 1296
f 1287 1296 1293
v 0.875000 6.687500 0.312500
v 0.875000 6.687500 0.687500
f 1297 1298 1288
f 1297 1288 1282
v 1.000000 6.687500 0.687500
v 1.000000 6.687500 0.312500
f 1299 1300 1286
f 1299 1286 1291
f 1298 1297 1300
f 1298 1300 1299
f 1282 1288 1291
f 1282 1291 1286
f 1300 1297 1282
f 1300 1282 1286
f 1298 1299 1291
f 1298 1291 1288
usemtl recess
f 1294 1293 1298
f 1294 1298 1297
v 0.906250 6.312500 0.687500
v 0.906250 6.312500 0.312500
v 0.906250 6.687500 0.312500
f 1301 1302 1303
v 0.906250 6.687500 0.687500
f 1301 1303 1304
f 1293 1294 1302
f 1293 1302 1301
f 1297 1298 1304
f 1297 1304 1303
f 1302 1294 1297
f 1302 1297 1303
f 1293 1301 1304
f 1293 1304 1298
usemtl armor
v 0.125000 6.000000 0.125000
v 0.125000 6.000000 0.875000
f 1305 1306 1250
f 1305 1250 1249
v 0.312500 6.000000 0.875000
v 0.312500 6.000000 0.125000
v 0.312500 6.125000 0.125000
f 1307 1308 1309
v 0.312500 6.125000 0.875000
f 1307 1309 1310
f 1306 1305 1308
f 1306 1308 1307
f 1249 1250 1310
f 1249 1310 1309
f 1308 1305 1249
f 1308 1249 1309
f 1306 1307 1310
f 1306 1310 1250
v 0.687500 6.000000 0.125000
v 0.687500 6.000000 0.875000
v 0.687500 6.125000 0.875000
f 1311 1312 1313
v 0.687500 6.125000 0.125000
f 1311 1313 1314
v 0.875000 6.000000 0.875000
v 0.875000 6.000000 0.125000
f 1315 1316 1254
f 1315 1254 1253
f 1312 1311 1316
f 1312 1316 1315
f 1314 1313 1253
f 1314 1253 1254
f 1316 1311 1314
f 1316 1314 1254
f 1312 1315 1253
f 1312 1253 1313
v 0.312500 6.000000 0.687500
f 1317 1307 1310
v 0.312500 6.125000 0.687500
f 1317 1310 1318
v 0.687500 6.000000 0.687500
v 0.687500 6.125000 0.687500
f 1312 1319 1320
f 1312 1320 1313
f 1307 1317 1319
f 1307 1319 1312
f 1318 1310 1313
f 1318 1313 1320
f 1319 1317 1318
f 1319 1318 1320
f 1307 1312 1313
f 1307 1313 1310
v 0.312500 6.000000 0.312500
v 0.312500 6.125000 0.312500
f 1308 1321 1322
f 1308 1322 1309
v 0.687500 6.000000 0.312500
f 1323 1311 1314
v 0.687500 6.125000 0.312500
f 1323 1314 1324
f 1321 1308 1311
f 1321 1311 1323
f 1309 1322 1324
f 1309 1324 1314
f 1311 1308 1309
f 1311 1309 1314
f 1321 1323 1324
f 1321 1324 1322
usemtl recess
v 0.312500 6.093750 0.312500
v 0.312500 6.093750 0.687500
f 1325 1326 1318
f 1325 1318 1322
v 0.687500 6.093750 0.687500
v 0.687500 6.093750 0.312500
f 1327 1328 1324
f 1327 1324 1320
f 1326 1325 1328
f 1326 1328 1327
f 1322 1318 1320
f 1322 1320 1324
f 1328 1325 1322
f 1328 1322 1324
f 1326 1327 1320
f 1326 1320 1318
usemtl armor
v 0.125000 7.000000 0.875000
f 1252 1251 1329
v 0.125000 7.000000 0.125000
f 1252 1329 1330
v 0.312500 6.875000 0.875000
v 0.312500 6.875000 0.125000
v 0.312500 7.000000 0.125000
f 1331 1332 1333
v 0.312500 7.000000 0.875000
f 1331 1333 1334
f 1251 1252 1332
f 1251 1332 1331
f 1330 1329 1334
f 1330 1334 1333
f 1332 1252 1330
f 1332 1330 1333
f 1251 1331 1334
f 1251 1334 1329
v 0.687500 6.875000 0.125000
v 0.687500 6.875000 0.875000
v 0.687500 7.000000 0.875000
f 1335 1336 1337
v 0.687500 7.000000 0.125000
f 1335 1337 1338
v 0.875000 7.000000 0.125000
f 1256 1255 1339
v 0.875000 7.000000 0.875000
f 1256 1339 1340
f 1336 1335 1255
f 1336 1255 1256
f 1338 1337 1340
f 1338 1340 1339
f 1255 1335 1338
f 1255 1338 1339
f 1336 1256 1340
f 1336 1340 1337
v 0.312500 6.875000 0.312500
v 0.312500 7.000000 0.312500
f 1332 1341 1342
f 1332 1342 1333
v 0.687500 6.875000 0.312500
f 1343 1335 1338
v 0.687500 7.000000 0.312500
f 1343 1338 1344
f 1341 1332 1335
f 1341 1335 1343
f 1333 1342 1344
f 1333 1344 1338
f 1335 1332 1333
f 1335 1333 1338
f 1341 1343 1344
f 1341 1344 1342
v 0.312500 6.875000 0.687500
f 1345 1331 1334
v 0.312500 7.000000 0.687500
f 1345 1334 1346
v 0.687500 6.875000 0.687500
v 0.687500 7.000000 0.687500
f 1336 1347 1348
f 1336 1348 1337
f 1331 1345 1347
f 1331 1347 1336
f 1346 1334 1337
f 1346 1337 1348
f 1347 1345 1346
f 1347 1346 1348
f 1331 1336 1337
f 1331 1337 1334
usemtl recess
v 0.312500 6.906250 0.687500
f 1341 1345 1349
v 0.312500 6.906250 0.312500
f 1341 1349 1350
v 0.687500 6.906250 0.312500
f 1347 1343 1351
v 0.687500 6.906250 0.687500
f 1347 1351 1352
f 1345 1341 1343
f 1345 1343 1347
f 1350 1349 1352
f 1350 1352 1351
f 1343 1341 1350
f 1343 1350 1351
f 1345 1347 1352
f 1345 1352 1349
usemtl armor
v 0.125000 6.125000 0.000000
f 1353 1249 1252
v 0.125000 6.875000 0.000000
f 1353 1252 1354
v 0.312500 6.125000 0.000000
v 0.312500 6.875000 0.000000
f 1309 1355 1356
f 1309 1356 1332
f 1249 1353 1355
f 1249 1355 1309
f 1354 1252 1332
f 1354 1332 1356
f 1355 1353 1354
f 1355 1354 1356
f 1249 1309 1332
f 1249 1332 1252
v 0.687500 6.125000 0.000000
f 1357 1314 1335
v 0.687500 6.875000 0.000000
f 1357 1335 1358
v 0.875000 6.125000 0.000000
v 0.875000 6.875000 0.000000
f 1254 1359 1360
f 1254 1360 1255
f 1314 1357 1359
f 1314 1359 1254
f 1358 1335 1255
f 1358 1255 1360
f 1359 1357 1358
f 1359 1358 1360
f 1314 1254 1255
f 1314 1255 1335
v 0.312500 6.312500 0.125000
f 1355 1309 1361
v 0.312500 6.312500 0.000000
f 1355 1361 1362
v 0.687500 6.312500 0.000000
f 1314 1357 1363
v 0.687500 6.312500 0.125000
f 1314 1363 1364
f 1309 1355 1357
f 1309 1357 1314
f 1362 1361 1364
f 1362 1364 1363
f 1357 1355 1362
f 1357 1362 1363
f 1309 1314 1364
f 1309 1364 1361
v 0.312500 6.687500 0.000000
v 0.312500 6.687500 0.125000
f 1365 1366 1332
f 1365 1332 1356
v 0.687500 6.687500 0.125000
v 0.687500 6.687500 0.000000
f 1367 1368 1358
f 1367 1358 1335
f 1366 1365 1368
f 1366 1368 1367
f 1356 1332 1335
f 1356 1335 1358
f 1368 1365 1356
f 1368 1356 1358
f 1366 1367 1335
f 1366 1335 1332
usemtl recess
v 0.312500 6.312500 0.093750
f 1369 1361 1366
v 0.312500 6.687500 0.093750
f 1369 1366 1370
v 0.687500 6.312500 0.093750
v 0.687500 6.687500 0.093750
f 1364 1371 1372
f 1364 1372 1367
f 1361 1369 1371
f 1361 1371 1364
f 1370 1366 1367
f 1370 1367 1372
f 1371 1369 1370
f 1371 1370 1372
f 1361 1364 1367
f 1361 1367 1366
usemtl armor
v 0.687500 6.125000 1.000000
v 0.687500 6.875000 1.000000
f 1313 1373 1374
f 1313 1374 1336
v 0.875000 6.125000 1.000000
f 1375 1253 1256
v 0.875000 6.875000 1.000000
f 1375 1256 1376
f 1373 1313 1253
f 1373 1253 1375
f 1336 1374 1376
f 1336 1376 1256
f 1253 1313 1336
f 1253 1336 1256
f 1373 1375 1376
f 1373 1376 1374
v 0.125000 6.125000 1.000000
v 0.125000 6.875000 1.000000
f 1250 1377 1378
f 1250 1378 1251
v 0.312500 6.125000 1.000000
f 1379 1310 1331
v 0.312500 6.875000 1.000000
f 1379 1331 1380
f 1377 1250 1310
f 1377 1310 1379
f 1251 1378 1380
f 1251 1380 1331
f 1310 1250 1251
f 1310 1251 1331
f 1377 1379 1380
f 1377 1380 1378
v 0.312500 6.312500 1.000000
f 1310 1379 1381
v 0.312500 6.312500 0.875000
f 1310 1381 1382
v 0.687500 6.312500 0.875000
f 1373 1313 1383
v 0.687500 6.312500 1.000000
f 1373 1383 1384
f 1379 1310 1313
f 1379 1313 1373
f 1382 1381 1384
f 1382 1384 1383
f 1313 1310 1382
f 1313 1382 1383
f 1379 1373 1384
f 1379 1384 1381
v 0.312500 6.687500 0.875000
v 0.312500 6.687500 1.000000
f 1385 1386 1380
f 1385 1380 1331
v 0.687500 6.687500 1.000000
v 0.687500 6.687500 0.875000
f 1387 1388 1336
f 1387 1336 1374
f 1386 1385 1388
f 1386 1388 1387
f 1331 1380 1374
f 1331 1374 1336
f 1388 1385 1331
f 1388 1331 1336
f 1386 1387 1374
f 1386 1374 1380
usemtl recess
v 0.312500 6.312500 0.906250
v 0.312500 6.687500 0.906250
f 1382 1389 1390
f 1382 1390 1385
v 0.687500 6.312500 0.906250
f 1391 1383 1388
v 0.687500 6.687500 0.906250
f 1391 1388 1392
f 1389 1382 1383
f 1389 1383 1391
f 1385 1390 1392
f 1385 1392 1388
f 1383 1382 1385
f 1383 1385 1388
f 1389 1391 1392
f 1389 1392 1390
o frame_0_6_1
usemtl armor
v 0.187500 6.187500 1.000000
v 0.187500 6.187500 2.000000
v 0.187500 6.812500 2.000000
f 1393 1394 1395
v 0.187500 6.812500 1.000000
f 1393 1395 1396
v 0.812500 6.187500 2.000000
v 0.812500 6.187500 1.000000
v 0.812500 6.812500 1.000000
f 1397 1398 1399
v 0.812500 6.812500 2.000000
f 1397 1399 1400
f 1394 1393 1398
f 1394 1398 1397
f 1396 1395 1400
f 1396 1400 1399
f 1398 1393 1396
f 1398 1396 1399
f 1394 1397 1400
f 1394 1400 1395
usemtl steel
v 0.000000 6.812500 1.000000
v 0.000000 6.812500 2.000000
v 0.000000 7.000000 2.000000
f 1401 1402 1403
v 0.000000 7.000000 1.000000
f 1401 1403 1404
v 0.187500 7.000000 1.000000
f 1395 1396 1405
v 0.187500 7.000000 2.000000
f 1395 1405 1406
f 1402 1401 1396
f 1402 1396 1395
f 1404 1403 1406
f 1404 1406 1405
f 1396 1401 1404
f 1396 1404 1405
f 1402 1395 1406
f 1402 1406 1403
v 0.000000 6.000000 1.000000
v 0.000000 6.000000 2.000000
v 0.000000 6.187500 2.000000
f 1407 1408 1409
v 0.000000 6.187500 1.000000
f 1407 1409 1410
v 0.187500 6.000000 2.000000
v 0.187500 6.000000 1.000000
f 1411 1412 1393
f 1411 1393 1394
f 1408 1407 1412
f 1408 1412 1411
f 1410 1409 1394
f 1410 1394 1393
f 1412 1407 1410
f 1412 1410 1393
f 1408 1411 1394
f 1408 1394 1409
v 0.812500 7.000000 2.000000
f 1399 1400 1413
v 0.812500 7.000000 1.000000
f 1399 1413 1414
v 1.000000 6.812500 2.000000
v 1.000000 6.812500 1.000000
v 1.000000 7.000000 1.000000
f 1415 1416 1417
v 1.000000 7.000000 2.000000
f 1415 1417 1418
f 1400 1399 1416
f 1400 1416 1415
f 1414 1413 1418
f 1414 1418 1417
f 1416 1399 1414
f 1416 1414 1417
f 1400 1415 1418
f 1400 1418 1413
v 0.812500 6.000000 1.000000
v 0.812500 6.000000 2.000000
f 1419 1420 1397
f 1419 1397 1398
v 1.000000 6.000000 2.000000
v 1.000000 6.000000 1.000000
v 1.000000 6.187500 1.000000
f 1421 1422 1423
v 1.000000 6.187500 2.000000
f 1421 1423 1424
f 1420 1419 1422
f 1420 1422 1421
f 1398 1397 1424
f 1398 1424 1423
f 1422 1419 1398
f 1422 1398 1423
f 1420 1421 1424
f 1420 1424 1397
usemtl edge
v 0.250000 6.812500 1.000000
v 0.250000 6.812500 2.000000
v 0.250000 6.937500 2.000000
f 1425 1426 1427
v 0.250000 6.937500 1.000000
f 1425 1427 1428
v 0.750000 6.812500 2.000000
v 0.750000 6.812500 1.000000
v 0.750000 6.937500 1.000000
f 1429 1430 1431
v 0.750000 6.937500 2.000000
f 1429 1431 1432
f 1426 1425 1430
f 1426 1430 1429
f 1428 1427 1432
f 1428 1432 1431
f 1430 1425 1428
f 1430 1428 1431
f 1426 1429 1432
f 1426 1432 1427
v 0.250000 6.062500 1.000000
v 0.250000 6.062500 2.000000
v 0.250000 6.187500 2.000000
f 1433 1434 1435
v 0.250000 6.187500 1.000000
f 1433 1435 1436
v 0.750000 6.062500 2.000000
v 0.750000 6.062500 1.000000
v 0.750000 6.187500 1.000000
f 1437 1438 1439
v 0.750000 6.187500 2.000000
f 1437 1439 1440
f 1434 1433 1438
f 1434 1438 1437
f 1436 1435 1440
f 1436 1440 1439
f 1438 1433 1436
f 1438 1436 1439
f 1434 1437 1440
f 1434 1440 1435
v 0.062500 6.250000 1.000000
v 0.062500 6.250000 2.000000
v 0.062500 6.750000 2.000000
f 1441 1442 1443
v 0.062500 6.750000 1.000000
f 1441 1443 1444
v 0.187500 6.250000 2.000000
v 0.187500 6.250000 1.000000
v 0.187500 6.750000 1.000000
f 1445 1446 1447
v 0.187500 6.750000 2.000000
f 1445 1447 1448
f 1442 1441 1446
f 1442 1446 1445
f 1444 1443 1448
f 1444 1448 1447
f 1446 1441 1444
f 1446 1444 1447
f 1442 1445 1448
f 1442 1448 1443
v 0.812500 6.250000 1.000000
v 0.812500 6.250000 2.000000
v 0.812500 6.750000 2.000000
f 1449 1450 1451
v 0.812500 6.750000 1.000000
f 1449 1451 1452
v 0.937500 6.250000 2.000000
v 0.937500 6.250000 1.000000
v 0.937500 6.750000 1.000000
f 1453 1454 1455
v 0.937500 6.750000 2.000000
f 1453 1455 1456
f 1450 1449 1454
f 1450 1454 1453
f 1452 1451 1456
f 1452 1456 1455
f 1454 1449 1452
f 1454 1452 1455
f 1450 1453 1456
f 1450 1456 1451
o frame_0_6_2
usemtl armor
v 0.187500 6.187500 2.000000
v 0.187500 6.187500 3.000000
v 0.187500 6.812500 3.000000
f 1457 1458 1459
v 0.187500 6.812500 2.000000
f 1457 1459 1460
v 0.812500 6.187500 3.000000
v 0.812500 6.187500 2.000000
v 0.812500 6.812500 2.000000
f 1461 1462 1463
v 0.812500 6.812500 3.000000
f 1461 1463 1464
f 1458 1457 1462
f 1458 1462 1461
f 1460 1459 1464
f 1460 1464 1463
f 1462 1457 1460
f 1462 1460 1463
f 1458 1461 1464
f 1458 1464 1459
usemtl steel
v 0.000000 6.812500 2.000000
v 0.000000 6.812500 3.000000
v 0.000000 7.000000 3.000000
f 1465 1466 1467
v 0.000000 7.000000 2.000000
f 1465 1467 1468
v 0.187500 7.000000 2.000000
f 1459 1460 1469
v 0.187500 7.000000 3.000000
f 1459 1469 1470
f 1466 1465 1460
f 1466 1460 1459
f 1468 1467 1470
f 1468 1470 1469
f 1460 1465 1468
f 1460 1468 1469
f 1466 1459 1470
f 1466 1470 1467
v 0.000000 6.000000 2.000000
v 0.000000 6.000000 3.000000
v 0.000000 6.187500 3.000000
f 1471 1472 1473
v 0.000000 6.187500 2.000000
f 1471 1473 1474
v 0.187500 6.000000 3.000000
v 0.187500 6.000000 2.000000
f 1475 1476 1457
f 1475 1457 1458
f 1472 1471 1476
f 1472 1476 1475
f 1474 1473 1458
f 1474 1458 1457
f 1476 1471 1474
f 1476 1474 1457
f 1472 1475 1458
f 1472 1458 1473
v 0.812500 7.000000 3.000000
f 1463 1464 1477
v 0.812500 7.000000 2.000000
f 1463 1477 1478
v 1.000000 6.812500 3.000000
v 1.000000 6.812500 2.000000
v 1.000000 7.000000 2.000000
f 1479 1480 1481
v 1.000000 7.000000 3.000000
f 1479 1481 1482
f 1464 1463 1480
f 1464 1480 1479
f 1478 1477 1482
f 1478 1482 1481
f 1480 1463 1478
f 1480 1478 1481
f 1464 1479 1482
f 1464 1482 1477
v 0.812500 6.000000 2.000000
v 0.812500 6.000000 3.000000
f 1483 1484 1461
f 1483 1461 1462
v 1.000000 6.000000 3.000000
v 1.000000 6.000000 2.000000
v 1.000000 6.187500 2.000000
f 1485 1486 1487
v 1.000000 6.187500 3.000000
f 1485 1487 1488
f 1484 1483 1486
f 1484 1486 1485
f 1462 1461 1488
f 1462 1488 1487
f 1486 1483 1462
f 1486 1462 1487
f 1484 1485 1488
f 1484 1488 1461
usemtl edge
v 0.250000 6.812500 2.000000
v 0.250000 6.812500 3.000000
v 0.250000 6.937500 3.000000
f 1489 1490 1491
v 0.250000 6.937500 2.000000
f 1489 1491 1492
v 0.750000 6.812500 3.000000
v 0.750000 6.812500 2.000000
v 0.750000 6.937500 2.000000
f 1493 1494 1495
v 0.750000 6.937500 3.000000
f 1493 1495 1496
f 1490 1489 1494
f 1490 1494 1493
f 1492 1491 1496
f 1492 1496 1495
f 1494 1489 1492
f 1494 1492 1495
f 1490 1493 1496
f 1490 1496 1491
v 0.250000 6.062500 2.000000
v 0.250000 6.062500 3.000000
v 0.250000 6.187500 3.000000
f 1497 1498 1499
v 0.250000 6.187500 2.000000
f 1497 1499 1500
v 0.750000 6.062500 3.000000
v 0.750000 6.062500 2.000000
v 0.750000 6.187500 2.000000
f 1501 1502 1503
v 0.750000 6.187500 3.000000
f 1501 1503 1504
f 1498 1497 1502
f 1498 1502 1501
f 1500 1499 1504
f 1500 1504 1503
f 1502 1497 1500
f 1502 1500 1503
f 1498 1501 1504
f 1498 1504 1499
v 0.062500 6.250000 2.000000
v 0.062500 6.250000 3.000000
v 0.062500 6.750000 3.000000
f 1505 1506 1507
v 0.062500 6.750000 2.000000
f 1505 1507 1508
v 0.187500 6.250000 3.000000
v 0.187500 6.250000 2.000000
v 0.187500 6.750000 2.000000
f 1509 1510 1511
v 0.187500 6.750000 3.000000
f 1509 1511 1512
f 1506 1505 1510
f 1506 1510 1509
f 1508 1507 1512
f 1508 1512 1511
f 1510 1505 1508
f 1510 1508 1511
f 1506 1509 1512
f 1506 1512 1507
v 0.812500 6.250000 2.000000
v 0.812500 6.250000 3.000000
v 0.812500 6.750000 3.000000
f 1513 1514 1515
v 0.812500 6.750000 2.000000
f 1513 1515 1516
v 0.937500 6.250000 3.000000
v 0.937500 6.250000 2.000000
v 0.937500 6.750000 2.000000
f 1517 1518 1519
v 0.937500 6.750000 3.000000
f 1517 1519 1520
f 1514 1513 1518
f 1514 1518 1517
f 1516 1515 1520
f 1516 1520 1519
f 1518 1513 1516
f 1518 1516 1519
f 1514 1517 1520
f 1514 1520 1515
o frame_0_6_3
usemtl armor
v 0.187500 6.187500 3.000000
v 0.187500 6.187500 4.000000
v 0.187500 6.812500 4.000000
f 1521 1522 1523
v 0.187500 6.812500 3.000000
f 1521 1523 1524
v 0.812500 6.187500 4.000000
v 0.812500 6.187500 3.000000
v 0.812500 6.812500 3.000000
f 1525 1526 1527
v 0.812500 6.812500 4.000000
f 1525 1527 1528
f 1522 1521 1526
f 1522 1526 1525
f 1524 1523 1528
f 1524 1528 1527
f 1526 1521 1524
f 1526 1524 1527
f 1522 1525 1528
f 1522 1528 1523
usemtl steel
v 0.000000 6.812500 3.000000
v 0.000000 6.812500 4.000000
v 0.000000 7.000000 4.000000
f 1529 1530 1531
v 0.000000 7.000000 3.000000
f 1529 1531 1532
v 0.187500 7.000000 3.000000
f 1523 1524 1533
v 0.187500 7.000000 4.000000
f 1523 1533 1534
f 1530 1529 1524
f 1530 1524 1523
f 1532 1531 1534
f 1532 1534 1533
f 1524 1529 1532
f 1524 1532 1533
f 1530 1523 1534
f 1530 1534 1531
v 0.000000 6.000000 3.000000
v 0.000000 6.000000 4.000000
v 0.000000 6.187500 4.000000
f 1535 1536 1537
v 0.000000 6.187500 3.000000
f 1535 1537 1538
v 0.187500 6.000000 4.000000
v 0.187500 6.000000 3.000000
f 1539 1540 1521
f 1539 1521 1522
f 1536 1535 1540
f 1536 1540 1539
f 1538 1537 1522
f 1538 1522 1521
f 1540 1535 1538
f 1540 1538 1521
f 1536 1539 1522
f 1536 1522 1537
v 0.812500 7.000000 4.000000
f 1527 1528 1541
v 0.812500 7.000000 3.000000
f 1527 1541 1542
v 1.000000 6.812500 4.000000
v 1.000000 6.812500 3.000000
v 1.000000 7.000000 3.000000
f 1543 1544 1545
v 1.000000 7.000000 4.000000
f 1543 1545 1546
f 1528 1527 1544
f 1528 1544 1543
f 1542 1541 1546
f 1542 1546 1545
f 1544 1527 1542
f 1544 1542 1545
f 1528 1543 1546
f 1528 1546 1541
v 0.812500 6.000000 3.000000
v 0.812500 6.000000 4.000000
f 1547 1548 1525
f 1547 1525 1526
v 1.000000 6.000000 4.000000
v 1.000000 6.000000 3.000000
v 1.000000 6.187500 3.000000
f 1549 1550 1551
v 1.000000 6.187500 4.000000
f 1549 1551 1552
f 1548 1547 1550
f 1548 1550 1549
f 1526 1525 1552
f 1526 1552 1551
f 1550 1547 1526
f 1550 1526 1551
f 1548 1549 1552
f 1548 1552 1525
usemtl edge
v 0.250000 6.812500 3.000000
v 0.250000 6.812500 4.000000
v 0.250000 6.937500 4.000000
f 1553 1554 1555
v 0.250000 6.937500 3.000000
f 1553 1555 1556
v 0.750000 6.812500 4.000000
v 0.750000 6.812500 3.000000
v 0.750000 6.937500 3.000000
f 1557 1558 1559
v 0.750000 6.937500 4.000000
f 1557 1559 1560
f 1554 1553 1558
f 1554 1558 1557
f 1556 1555 1560
f 1556 1560 1559
f 1558 1553 1556
f 1558 1556 1559
f 1554 1557 1560
f 1554 1560 1555
v 0.250000 6.062500 3.000000
v 0.250000 6.062500 4.000000
v 0.250000 6.187500 4.000000
f 1561 1562 1563
v 0.250000 6.187500 3.000000
f 1561 1563 1564
v 0.750000 6.062500 4.000000
v 0.750000 6.062500 3.000000
v 0.750000 6.187500 3.000000
f 1565 1566 1567
v 0.750000 6.187500 4.000000
f 1565 1567 1568
f 1562 1561 1566
f 1562 1566 1565
f 1564 1563 1568
f 1564 1568 1567
f 1566 1561 1564
f 1566 1564 1567
f 1562 1565 1568
f 1562 1568 1563
v 0.062500 6.250000 3.000000
v 0.062500 6.250000 4.000000
v 0.062500 6.750000 4.000000
f 1569 1570 1571
v 0.062500 6.750000 3.000000
f 1569 1571 1572
v 0.187500 6.250000 4.000000
v 0.187500 6.250000 3.000000
v 0.187500 6.750000 3.000000
f 1573 1574 1575
v 0.187500 6.750000 4.000000
f 1573 1575 1576
f 1570 1569 1574
f 1570 1574 1573
f 1572 1571 1576
f 1572 1576 1575
f 1574 1569 1572
f 1574 1572 1575
f 1570 1573 1576
f 1570 1576 1571
v 0.812500 6.250000 3.000000
v 0.812500 6.250000 4.000000
v 0.812500 6.750000 4.000000
f 1577 1578 1579
v 0.812500 6.750000 3.000000
f 1577 1579 1580
v 0.937500 6.250000 4.000000
v 0.937500 6.250000 3.000000
v 0.937500 6.750000 3.000000
f 1581 1582 1583
v 0.937500 6.750000 4.000000
f 1581 1583 1584
f 1578 1577 1582
f 1578 1582 1581
f 1580 1579 1584
f 1580 1584 1583
f 1582 1577 1580
f 1582 1580 1583
f 1578 1581 1584
f 1578 1584 1579
o frame_0_6_4
usemtl armor
v 0.187500 6.187500 4.000000
v 0.187500 6.187500 5.000000
v 0.187500 6.812500 5.000000
f 1585 1586 1587
v 0.187500 6.812500 4.000000
f 1585 1587 1588
v 0.812500 6.187500 5.000000
v 0.812500 6.187500 4.000000
v 0.812500 6.812500 4.000000
f 1589 1590 1591
v 0.812500 6.812500 5.000000
f 1589 1591 1592
f 1586 1585 1590
f 1586 1590 1589
f 1588 1587 1592
f 1588 1592 1591
f 1590 1585 1588
f 1590 1588 1591
f 1586 1589 1592
f 1586 1592 1587
usemtl steel
v 0.000000 6.812500 4.000000
v 0.000000 6.812500 5.000000
v 0.000000 7.000000 5.000000
f 1593 1594 1595
v 0.000000 7.000000 4.000000
f 1593 1595 1596
v 0.187500 7.000000 4.000000
f 1587 1588 1597
v 0.187500 7.000000 5.000000
f 1587 1597 1598
f 1594 1593 1588
f 1594 1588 1587
f 1596 1595 1598
f 1596 1598 1597
f 1588 1593 1596
f 1588 1596 1597
f 1594 1587 1598
f 1594 1598 1595
v 0.000000 6.000000 4.000000
v 0.000000 6.000000 5.000000
v 0.000000 6.187500 5.000000
f 1599 1600 1601
v 0.000000 6.187500 4.000000
f 1599 1601 1602
v 0.187500 6.000000 5.000000
v 0.187500 6.000000 4.000000
f 1603 1604 1585
f 1603 1585 1586
f 1600 1599 1604
f 1600 1604 1603
f 1602 1601 1586
f 1602 1586 1585
f 1604 1599 1602
f 1604 1602 1585
f 1600 1603 1586
f 1600 1586 1601
v 0.812500 7.000000 5.000000
f 1591 1592 1605
v 0.812500 7.000000 4.000000
f 1591 1605 1606
v 1.000000 6.812500 5.000000
v 1.000000 6.812500 4.000000
v 1.000000 7.000000 4.000000
f 1607 1608 1609
v 1.000000 7.000000 5.000000
f 1607 1609 1610
f 1592 1591 1608
f 1592 1608 1607
f 1606 1605 1610
f 1606 1610 1609
f 1608 1591 1606
f 1608 1606 1609
f 1592 1607 1610
f 1592 1610 1605
v 0.812500 6.000000 4.000000
v 0.812500 6.000000 5.000000
f 1611 1612 1589
f 1611 1589 1590
v 1.000000 6.000000 5.000000
v 1.000000 6.000000 4.000000
v 1.000000 6.187500 4.000000
f 1613 1614 1615
v 1.000000 6.187500 5.000000
f 1613 1615 1616
f 1612 1611 1614
f 1612 1614 1613
f 1590 1589 1616
f 1590 1616 1615
f 1614 1611 1590
f 1614 1590 1615
f 1612 1613 1616
f 1612 1616 1589
usemtl edge
v 0.250000 6.812500 4.000000
v 0.250000 6.812500 5.000000
v 0.250000 6.937500 5.000000
f 1617 1618 1619
v 0.250000 6.937500 4.000000
f 1617 1619 1620
v 0.750000 6.812500 5.000000
v 0.750000 6.812500 4.000000
v 0.750000 6.937500 4.000000
f 1621 1622 1623
v 0.750000 6.937500 5.000000
f 1621 1623 1624
f 1618 1617 1622
f 1618 1622 1621
f 1620 1619 1624
f 1620 1624 1623
f 1622 1617 1620
f 1622 1620 1623
f 1618 1621 1624
f 1618 1624 1619
v 0.250000 6.062500 4.000000
v 0.250000 6.062500 5.000000
v 0.250000 6.187500 5.000000
f 1625 1626 1627
v 0.250000 6.187500 4.000000
f 1625 1627 1628
v 0.750000 6.062500 5.000000
v 0.750000 6.062500 4.000000
v 0.750000 6.187500 4.000000
f 1629 1630 1631
v 0.750000 6.187500 5.000000
f 1629 1631 1632
f 1626 1625 1630
f 1626 1630 1629
f 1628 1627 1632
f 1628 1632 1631
f 1630 1625 1628
f 1630 1628 1631
f 1626 1629 1632
f 1626 1632 1627
v 0.062500 6.250000 4.000000
v 0.062500 6.250000 5.000000
v 0.062500 6.750000 5.000000
f 1633 1634 1635
v 0.062500 6.750000 4.000000
f 1633 1635 1636
v 0.187500 6.250000 5.000000
v 0.187500 6.250000 4.000000
v 0.187500 6.750000 4.000000
f 1637 1638 1639
v 0.187500 6.750000 5.000000
f 1637 1639 1640
f 1634 1633 1638
f 1634 1638 1637
f 1636 1635 1640
f 1636 1640 1639
f 1638 1633 1636
f 1638 1636 1639
f 1634 1637 1640
f 1634 1640 1635
v 0.812500 6.250000 4.000000
v 0.812500 6.250000 5.000000
v 0.812500 6.750000 5.000000
f 1641 1642 1643
v 0.812500 6.750000 4.000000
f 1641 1643 1644
v 0.937500 6.250000 5.000000
v 0.937500 6.250000 4.000000
v 0.937500 6.750000 4.000000
f 1645 1646 1647
v 0.937500 6.750000 5.000000
f 1645 1647 1648
f 1642 1641 1646
f 1642 1646 1645
f 1644 1643 1648
f 1644 1648 1647
f 1646 1641 1644
f 1646 1644 1647
f 1642 1645 1648
f 1642 1648 1643
o frame_0_6_5
usemtl armor
v 0.187500 6.187500 5.000000
v 0.187500 6.187500 6.000000
v 0.187500 6.812500 6.000000
f 1649 1650 1651
v 0.187500 6.812500 5.000000
f 1649 1651 1652
v 0.812500 6.187500 6.000000
v 0.812500 6.187500 5.000000
v 0.812500 6.812500 5.000000
f 1653 1654 1655
v 0.812500 6.812500 6.000000
f 1653 1655 1656
f 1650 1649 1654
f 1650 1654 1653
f 1652 1651 1656
f 1652 1656 1655
f 1654 1649 1652
f 1654 1652 1655
f 1650 1653 1656
f 1650 1656 1651
usemtl steel
v 0.000000 6.812500 5.000000
v 0.000000 6.812500 6.000000
v 0.000000 7.000000 6.000000
f 1657 1658 1659
v 0.000000 7.000000 5.000000
f 1657 1659 1660
v 0.187500 7.000000 5.000000
f 1651 1652 1661
v 0.187500 7.000000 6.000000
f 1651 1661 1662
f 1658 1657 1652
f 1658 1652 1651
f 1660 1659 1662
f 1660 1662 1661
f 1652 1657 1660
f 1652 1660 1661
f 1658 1651 1662
f 1658 1662 1659
v 0.000000 6.000000 5.000000
v 0.000000 6.000000 6.000000
v 0.000000 6.187500 6.000000
f 1663 1664 1665
v 0.000000 6.187500 5.000000
f 1663 1665 1666
v 0.187500 6.000000 6.000000
v 0.187500 6.000000 5.000000
f 1667 1668 1649
f 1667 1649 1650
f 1664 1663 1668
f 1664 1668 1667
f 1666 1665 1650
f 1666 1650 1649
f 1668 1663 1666
f 1668 1666 1649
f 1664 1667 1650
f 1664 1650 1665
v 0.812500 7.000000 6.000000
f 1655 1656 1669
v 0.812500 7.000000 5.000000
f 1655 1669 1670
v 1.000000 6.812500 6.000000
v 1.000000 6.812500 5.000000
v 1.000000 7.000000 5.000000
f 1671 1672 1673
v 1.000000 7.000000 6.000000
f 1671 1673 1674
f 1656 1655 1672
f 1656 1672 1671
f 1670 1669 1674
f 1670 1674 1673
f 1672 1655 1670
f 1672 1670 1673
f 1656 1671 1674
f 1656 1674 1669
v 0.812500 6.000000 5.000000
v 0.812500 6.000000 6.000000
f 1675 1676 1653
f 1675 1653 1654
v 1.000000 6.000000 6.000000
v 1.000000 6.000000 5.000000
v 1.000000 6.187500 5.000000
f 1677 1678 1679
v 1.000000 6.187500 6.000000
f 1677 1679 1680
f 1676 1675 1678
f 1676 1678 1677
f 1654 1653 1680
f 1654 1680 1679
f 1678 1675 1654
f 1678 1654 1679
f 1676 1677 1680
f 1676 1680 1653
usemtl edge
v 0.250000 6.812500 5.000000
v 0.250000 6.812500 6.000000
v 0.250000 6.937500 6.000000
f 1681 1682 1683
v 0.250000 6.937500 5.000000
f 1681 1683 1684
v 0.750000 6.812500 6.000000
v 0.750000 6.812500 5.000000
v 0.750000 6.937500 5.000000
f 1685 1686 1687
v 0.750000 6.937500 6.000000
f 1685 1687 1688
f 1682 1681 1686
f 1682 1686 1685
f 1684 1683 1688
f 1684 1688 1687
f 1686 1681 1684
f 1686 1684 1687
f 1682 1685 1688
f 1682 1688 1683
v 0.250000 6.062500 5.000000
v 0.250000 6.062500 6.000000
v 0.250000 6.187500 6.000000
f 1689 1690 1691
v 0.250000 6.187500 5.000000
f 1689 1691 1692
v 0.750000 6.062500 6.000000
v 0.750000 6.062500 5.000000
v 0.750000 6.187500 5.000000
f 1693 1694 1695
v 0.750000 6.187500 6.000000
f 1693 1695 1696
f 1690 1689 1694
f 1690 1694 1693
f 1692 1691 1696
f 1692 1696 1695
f 1694 1689 1692
f 1694 1692 1695
f 1690 1693 1696
f 1690 1696 1691
v 0.062500 6.250000 5.000000
v 0.062500 6.250000 6.000000
v 0.062500 6.750000 6.000000
f 1697 1698 1699
v 0.062500 6.750000 5.000000
f 1697 1699 1700
v 0.187500 6.250000 6.000000
v 0.187500 6.250000 5.000000
v 0.187500 6.750000 5.000000
f 1701 1702 1703
v 0.187500 6.750000 6.000000
f 1701 1703 1704
f 1698 1697 1702
f 1698 1702 1701
f 1700 1699 1704
f 1700 1704 1703
f 1702 1697 1700
f 1702 1700 1703
f 1698 1701 1704
f 1698 1704 1699
v 0.812500 6.250000 5.000000
v 0.812500 6.250000 6.000000
v 0.812500 6.750000 6.000000
f 1705 1706 1707
v 0.812500 6.750000 5.000000
f 1705 1707 1708
v 0.937500 6.250000 6.000000
v 0.937500 6.250000 5.000000
v 0.937500 6.750000 5.000000
f 1709 1710 1711
v 0.937500 6.750000 6.000000
f 1709 1711 1712
f 1706 1705 1710
f 1706 1710 1709
f 1708 1707 1712
f 1708 1712 1711
f 1710 1705 1708
f 1710 1708 1711
f 1706 1709 1712
f 1706 1712 1707
o joint_0_6_6
usemtl graphite
v 0.125000 6.125000 6.125000
v 0.125000 6.125000 6.875000
v 0.125000 6.875000 6.875000
f 1713 1714 1715
v 0.125000 6.875000 6.125000
f 1713 1715 1716
v 0.875000 6.125000 6.875000
v 0.875000 6.125000 6.125000
v 0.875000 6.875000 6.125000
f 1717 1718 1719
v 0.875000 6.875000 6.875000
f 1717 1719 1720
f 1714 1713 1718
f 1714 1718 1717
f 1716 1715 1720
f 1716 1720 1719
f 1718 1713 1716
f 1718 1716 1719
f 1714 1717 1720
f 1714 1720 1715
usemtl armor
v 0.000000 6.125000 6.687500
v 0.000000 6.125000 6.875000
v 0.000000 6.875000 6.875000
f 1721 1722 1723
v 0.000000 6.875000 6.687500
f 1721 1723 1724
v 0.125000 6.125000 6.687500
v 0.125000 6.875000 6.687500
f 1714 1725 1726
f 1714 1726 1715
f 1722 1721 1725
f 1722 1725 1714
f 1724 1723 1715
f 1724 1715 1726
f 1725 1721 1724
f 1725 1724 1726
f 1722 1714 1715
f 1722 1715 1723
v 0.000000 6.125000 6.125000
v 0.000000 6.125000 6.312500
v 0.000000 6.875000 6.312500
f 1727 1728 1729
v 0.000000 6.875000 6.125000
f 1727 1729 1730
v 0.125000 6.125000 6.312500
f 1731 1713 1716
v 0.125000 6.875000 6.312500
f 1731 1716 1732
f 1728 1727 1713
f 1728 1713 1731
f 1730 1729 1732
f 1730 1732 1716
f 1713 1727 1730
f 1713 1730 1716
f 1728 1731 1732
f 1728 1732 1729
v 0.000000 6.312500 6.687500
f 1728 1721 1733
v 0.000000 6.312500 6.312500
f 1728 1733 1734
v 0.125000 6.312500 6.312500
f 1725 1731 1735
v 0.125000 6.312500 6.687500
f 1725 1735 1736
f 1721 1728 1731
f 1721 1731 1725
f 1734 1733 1736
f 1734 1736 1735
f 1731 1728 1734
f 1731 1734 1735
f 1721 1725 1736
f 1721 1736 1733
v 0.000000 6.687500 6.312500
v 0.000000 6.687500 6.687500
f 1737 1738 1724
f 1737 1724 1729
v 0.125000 6.687500 6.687500
v 0.125000 6.687500 6.312500
f 1739 1740 1732
f 1739 1732 1726
f 1738 1737 1740
f 1738 1740 1739
f 1729 1724 1726
f 1729 1726 1732
f 1740 1737 1729
f 1740 1729 1732
f 1738 1739 1726
f 1738 1726 1724
usemtl recess
v 0.093750 6.312500 6.312500
v 0.093750 6.312500 6.687500
v 0.093750 6.687500 6.687500
f 1741 1742 1743
v 0.093750 6.687500 6.312500
f 1741 1743 1744
f 1736 1735 1740
f 1736 1740 1739
f 1742 1741 1735
f 1742 1735 1736
f 1744 1743 1739
f 1744 1739 1740
f 1735 1741 1744
f 1735 1744 1740
f 1742 1736 1739
f 1742 1739 1743
usemtl armor
v 0.875000 6.125000 6.312500
v 0.875000 6.875000 6.312500
f 1718 1745 1746
f 1718 1746 1719
v 1.000000 6.125000 6.312500
v 1.000000 6.125000 6.125000
v 1.000000 6.875000 6.125000
f 1747 1748 1749
v 1.000000 6.875000 6.312500
f 1747 1749 1750
f 1745 1718 1748
f 1745 1748 1747
f 1719 1746 1750
f 1719 1750 1749
f 1748 1718 1719
f 1748 1719 1749
f 1745 1747 1750
f 1745 1750 1746
v 0.875000 6.125000 6.687500
f 1751 1717 1720
v 0.875000 6.875000 6.687500
f 1751 1720 1752
v 1.000000 6.125000 6.875000
v 1.000000 6.125000 6.687500
v 1.000000 6.875000 6.687500
f 1753 1754 1755
v 1.000000 6.875000 6.875000
f 1753 1755 1756
f 1717 1751 1754
f 1717 1754 1753
f 1752 1720 1756
f 1752 1756 1755
f 1754 1751 1752
f 1754 1752 1755
f 1717 1753 1756
f 1717 1756 1720
v 0.875000 6.312500 6.687500
f 1745 1751 1757
v 0.875000 6.312500 6.312500
f 1745 1757 1758
v 1.000000 6.312500 6.312500
f 1754 1747 1759
v 1.000000 6.312500 6.687500
f 1754 1759 1760
f 1751 1745 1747
f 1751 1747 1754
f 1758 1757 1760
f 1758 1760 1759
f 1747 1745 1758
f 1747 1758 1759
f 1751 1754 1760
f 1751 1760 1757
v 0.875000 6.687500 6.312500
v 0.875000 6.687500 6.687500
f 1761 1762 1752
f 1761 1752 1746
v 1.000000 6.687500 6.687500
v 1.000000 6.687500 6.312500
f 1763 1764 1750
f 1763 1750 1755
f 1762 1761 1764
f 1762 1764 1763
f 1746 1752 1755
f 1746 1755 1750
f 1764 1761 1746
f 1764 1746 1750
f 1762 1763 1755
f 1762 1755 1752
usemtl recess
f 1758 1757 1762
f 1758 1762 1761
v 0.906250 6.312500 6.687500
v 0.906250 6.312500 6.312500
v 0.906250 6.687500 6.312500
f 1765 1766 1767
v 0.906250 6.687500 6.687500
f 1765 1767 1768
f 1757 1758 1766
f 1757 1766 1765
f 1761 1762 1768
f 1761 1768 1767
f 1766 1758 1761
f 1766 1761 1767
f 1757 1765 1768
f 1757 1768 1762
usemtl armor
v 0.125000 6.000000 6.125000
v 0.125000 6.000000 6.875000
f 1769 1770 1714
f 1769 1714 1713
v 0.312500 6.000000 6.875000
v 0.312500 6.000000 6.125000
v 0.312500 6.125000 6.125000
f 1771 1772 1773
v 0.312500 6.125000 6.875000
f 1771 1773 1774
f 1770 1769 1772
f 1770 1772 1771
f 1713 1714 1774
f 1713 1774 1773
f 1772 1769 1713
f 1772 1713 1773
f 1770 1771 1774
f 1770 1774 1714
v 0.687500 6.000000 6.125000
v 0.687500 6.000000 6.875000
v 0.687500 6.125000 6.875000
f 1775 1776 1777
v 0.687500 6.125000 6.125000
f 1775 1777 1778
v 0.875000 6.000000 6.875000
v 0.875000 6.000000 6.125000
f 1779 1780 1718
f 1779 1718 1717
f 1776 1775 1780
f 1776 1780 1779
f 1778 1777 1717
f 1778 1717 1718
f 1780 1775 1778
f 1780 1778 1718
f 1776 1779 1717
f 1776 1717 1777
v 0.312500 6.000000 6.687500
f 1781 1771 1774
v 0.312500 6.125000 6.687500
f 1781 1774 1782
v 0.687500 6.000000 6.687500
v 0.687500 6.125000 6.687500
f 1776 1783 1784
f 1776 1784 1777
f 1771 1781 1783
f 1771 1783 1776
f 1782 1774 1777
f 1782 1777 1784
f 1783 1781 1782
f 1783 1782 1784
f 1771 1776 1777
f 1771 1777 1774
v 0.312500 6.000000 6.312500
v 0.312500 6.125000 6.312500
f 1772 1785 1786
f 1772 1786 1773
v 0.687500 6.000000 6.312500
f 1787 1775 1778
v 0.687500 6.125000 6.312500
f 1787 1778 1788
f 1785 1772 1775
f 1785 1775 1787
f 1773 1786 1788
f 1773 1788 1778
f 1775 1772 1773
f 1775 1773 1778
f 1785 1787 1788
f 1785 1788 1786
usemtl recess
v 0.312500 6.093750 6.312500
v 0.312500 6.093750 6.687500
f 1789 1790 1782
f 1789 1782 1786
v 0.687500 6.093750 6.687500
v 0.687500 6.093750 6.312500
f 1791 1792 1788
f 1791 1788 1784
f 1790 1789 1792
f 1790 1792 1791
f 1786 1782 1784
f 1786 1784 1788
f 1792 1789 1786
f 1792 1786 1788
f 1790 1791 1784
f 1790 1784 1782
usemtl armor
v 0.125000 7.000000 6.875000
f 1716 1715 1793
v 0.125000 7.000000 6.125000
f 1716 1793 1794
v 0.312500 6.875000 6.875000
v 0.312500 6.875000 6.125000
v 0.312500 7.000000 6.125000
f 1795 1796 1797
v 0.312500 7.000000 6.875000
f 1795 1797 1798
f 1715 1716 1796
f 1715 1796 1795
f 1794 1793 1798
f 1794 1798 1797
f 1796 1716 1794
f 1796 1794 1797
f 1715 1795 1798
f 1715 1798 1793
v 0.687500 6.875000 6.125000
v 0.687500 6.875000 6.875000
v 0.687500 7.000000 6.875000
f 1799 1800 1801
v 0.687500 7.000000 6.125000
f 1799 1801 1802
v 0.875000 7.000000 6.125000
f 1720 1719 1803
v 0.875000 7.000000 6.875000
f 1720 1803 1804
f 1800 1799 1719
f 1800 1719 1720
f 1802 1801 1804
f 1802 1804 1803
f 1719 1799 1802
f 1719 1802 1803
f 1800 1720 1804
f 1800 1804 1801
v 0.312500 6.875000 6.312500
v 0.312500 7.000000 6.312500
f 1796 1805 1806
f 1796 1806 1797
v 0.687500 6.875000 6.312500
f 1807 1799 1802
v 0.687500 7.000000 6.312500
f 1807 1802 1808
f 1805 1796 1799
f 1805 1799 1807
f 1797 1806 1808
f 1797 1808 1802
f 1799 1796 1797
f 1799 1797 1802
f 1805 1807 1808
f 1805 1808 1806
v 0.312500 6.875000 6.687500
f 1809 1795 1798
v 0.312500 7.000000 6.687500
f 1809 1798 1810
v 0.687500 6.875000 6.687500
v 0.687500 7.000000 6.687500
f 1800 1811 1812
f 1800 1812 1801
f 1795 1809 1811
f 1795 1811 1800
f 1810 1798 1801
f 1810 1801 1812
f 1811 1809 1810
f 1811 1810 1812
f 1795 1800 1801
f 1795 1801 1798
usemtl recess
v 0.312500 6.906250 6.687500
f 1805 1809 1813
v 0.312500 6.906250 6.312500
f 1805 1813 1814
v 0.687500 6.906250 6.312500
f 1811 1807 1815
v 0.687500 6.906250 6.687500
f 1811 1815 1816
f 1809 1805 1807
f 1809 1807 1811
f 1814 1813 1816
f 1814 1816 1815
f 1807 1805 1814
f 1807 1814 1815
f 1809 1811 1816
f 1809 1816 1813
usemtl armor
v 0.125000 6.125000 6.000000
f 1817 1713 1716
v 0.125000 6.875000 6.000000
f 1817 1716 1818
v 0.312500 6.125000 6.000000
v 0.312500 6.875000 6.000000
f 1773 1819 1820
f 1773 1820 1796
f 1713 1817 1819
f 1713 1819 1773
f 1818 1716 1796
f 1818 1796 1820
f 1819 1817 1818
f 1819 1818 1820
f 1713 1773 1796
f 1713 1796 1716
v 0.687500 6.125000 6.000000
f 1821 1778 1799
v 0.687500 6.875000 6.000000
f 1821 1799 1822
v 0.875000 6.125000 6.000000
v 0.875000 6.875000 6.000000
f 1718 1823 1824
f 1718 1824 1719
f 1778 1821 1823
f 1778 1823 1718
f 1822 1799 1719
f 1822 1719 1824
f 1823 1821 1822
f 1823 1822 1824
f 1778 1718 1719
f 1778 1719 1799
v 0.312500 6.312500 6.125000
f 1819 1773 1825
v 0.312500 6.312500 6.000000
f 1819 1825 1826
v 0.687500 6.312500 6.000000
f 1778 1821 1827
v 0.687500 6.312500 6.125000
f 1778 1827 1828
f 1773 1819 1821
f 1773 1821 1778
f 1826 1825 1828
f 1826 1828 1827
f 1821 1819 1826
f 1821 1826 1827
f 1773 1778 1828
f 1773 1828 1825
v 0.312500 6.687500 6.000000
v 0.312500 6.687500 6.125000
f 1829 1830 1796
f 1829 1796 1820
v 0.687500 6.687500 6.125000
v 0.687500 6.687500 6.000000
f 1831 1832 1822
f 1831 1822 1799
f 1830 1829 1832
f 1830 1832 1831
f 1820 1796 1799
f 1820 1799 1822
f 1832 1829 1820
f 1832 1820 1822
f 1830 1831 1799
f 1830 1799 1796
usemtl recess
v 0.312500 6.312500 6.093750
f 1833 1825 1830
v 0.312500 6.687500 6.093750
f 1833 1830 1834
v 0.687500 6.312500 6.093750
v 0.687500 6.687500 6.093750
f 1828 1835 1836
f 1828 1836 1831
f 1825 1833 1835
f 1825 1835 1828
f 1834 1830 1831
f 1834 1831 1836
f 1835 1833 1834
f 1835 1834 1836
f 1825 1828 1831
f 1825 1831 1830
usemtl armor
v 0.687500 6.125000 7.000000
v 0.687500 6.875000 7.000000
f 1777 1837 1838
f 1777 1838 1800
v 0.875000 6.125000 7.000000
f 1839 1717 1720
v 0.875000 6.875000 7.000000
f 1839 1720 1840
f 1837 1777 1717
f 1837 1717 1839
f 1800 1838 1840
f 1800 1840 1720
f 1717 1777 1800
f 1717 1800 1720
f 1837 1839 1840
f 1837 1840 1838
v 0.125000 6.125000 7.000000
v 0.125000 6.875000 7.000000
f 1714 1841 1842
f 1714 1842 1715
v 0.312500 6.125000 7.000000
f 1843 1774 1795
v 0.312500 6.875000 7.000000
f 1843 1795 1844
f 1841 1714 1774
f 1841 1774 1843
f 1715 1842 1844
f 1715 1844 1795
f 1774 1714 1715
f 1774 1715 1795
f 1841 1843 1844
f 1841 1844 1842
v 0.312500 6.312500 7.000000
f 1774 1843 1845
v 0.312500 6.312500 6.875000
f 1774 1845 1846
v 0.687500 6.312500 6.875000
f 1837 1777 1847
v 0.687500 6.312500 7.000000
f 1837 1847 1848
f 1843 1774 1777
f 1843 1777 1837
f 1846 1845 1848
f 1846 1848 1847
f 1777 1774 1846
f 1777 1846 1847
f 1843 1837 1848
f 1843 1848 1845
v 0.312500 6.687500 6.875000
v 0.312500 6.687500 7.000000
f 1849 1850 1844
f 1849 1844 1795
v 0.687500 6.687500 7.000000
v 0.687500 6.687500 6.875000
f 1851 1852 1800
f 1851 1800 1838
f 1850 1849 1852
f 1850 1852 1851
f 1795 1844 1838
f 1795 1838 1800
f 1852 1849 1795
f 1852 1795 1800
f 1850 1851 1838
f 1850 1838 1844
usemtl recess
v 0.312500 6.312500 6.906250
v 0.312500 6.687500 6.906250
f 1846 1853 1854
f 1846 1854 1849
v 0.687500 6.312500 6.906250
f 1855 1847 1852
v 0.687500 6.687500 6.906250
f 1855 1852 1856
f 1853 1846 1847
f 1853 1847 1855
f 1849 1854 1856
f 1849 1856 1852
f 1847 1846 1849
f 1847 1849 1852
f 1853 1855 1856
f 1853 1856 1854
o frame_1_0_0
usemtl armor
v 1.000000 0.187500 0.187500
v 1.000000 0.187500 0.812500
v 1.000000 0.812500 0.812500
f 1857 1858 1859
v 1.000000 0.812500 0.187500
f 1857 1859 1860
v 2.000000 0.187500 0.812500
v 2.000000 0.187500 0.187500
v 2.000000 0.812500 0.187500
f 1861 1862 1863
v 2.000000 0.812500 0.812500
f 1861 1863 1864
f 1858 1857 1862
f 1858 1862 1861
f 1860 1859 1864
f 1860 1864 1863
f 1862 1857 1860
f 1862 1860 1863
f 1858 1861 1864
f 1858 1864 1859
usemtl steel
v 1.000000 0.000000 0.000000
v 1.000000 0.000000 0.187500
f 1865 1866 1857
v 1.000000 0.187500 0.000000
f 1865 1857 1867
v 2.000000 0.000000 0.187500
v 2.000000 0.000000 0.000000
v 2.000000 0.187500 0.000000
f 1868 1869 1870
f 1868 1870 1862
f 1866 1865 1869
f 1866 1869 1868
f 1867 1857 1862
f 1867 1862 1870
f 1869 1865 1867
f 1869 1867 1870
f 1866 1868 1862
f 1866 1862 1857
v 1.000000 0.000000 0.812500
v 1.000000 0.000000 1.000000
v 1.000000 0.187500 1.000000
f 1871 1872 1873
f 1871 1873 1858
v 2.000000 0.000000 1.000000
v 2.000000 0.000000 0.812500
f 1874 1875 1861
v 2.000000 0.187500 1.000000
f 1874 1861 1876
f 1872 1871 1875
f 1872 1875 1874
f 1858 1873 1876
f 1858 1876 1861
f 1875 1871 1858
f 1875 1858 1861
f 1872 1874 1876
f 1872 1876 1873
v 1.000000 0.812500 0.000000
v 1.000000 1.000000 0.187500
f 1877 1860 1878
v 1.000000 1.000000 0.000000
f 1877 1878 1879
v 2.000000 0.812500 0.000000
v 2.000000 1.000000 0.000000
f 1863 1880 1881
v 2.000000 1.000000 0.187500
f 1863 1881 1882
f 1860 1877 1880
f 1860 1880 1863
f 1879 1878 1882
f 1879 1882 1881
f 1880 1877 1879
f 1880 1879 1881
f 1860 1863 1882
f 1860 1882 1878
v 1.000000 0.812500 1.000000
v 1.000000 1.000000 1.000000
f 1859 1883 1884
v 1.000000 1.000000 0.812500
f 1859 1884 1885
v 2.000000 0.812500 1.000000
v 2.000000 1.000000 0.812500
f 1886 1864 1887
v 2.000000 1.000000 1.000000
f 1886 1887 1888
f 1883 1859 1864
f 1883 1864 1886
f 1885 1884 1888
f 1885 1888 1887
f 1864 1859 1885
f 1864 1885 1887
f 1883 1886 1888
f 1883 1888 1884
usemtl edge
v 1.000000 0.250000 0.062500
v 1.000000 0.250000 0.187500
v 1.000000 0.750000 0.187500
f 1889 1890 1891
v 1.000000 0.750000 0.062500
f 1889 1891 1892
v 2.000000 0.250000 0.187500
v 2.000000 0.250000 0.062500
v 2.000000 0.750000 0.062500
f 1893 1894 1895
v 2.000000 0.750000 0.187500
f 1893 1895 1896
f 1890 1889 1894
f 1890 1894 1893
f 1892 1891 1896
f 1892 1896 1895
f 1894 1889 1892
f 1894 1892 1895
f 1890 1893 1896
f 1890 1896 1891
v 1.000000 0.250000 0.812500
v 1.000000 0.250000 0.937500
v 1.000000 0.750000 0.937500
f 1897 1898 1899
v 1.000000 0.750000 0.812500
f 1897 1899 1900
v 2.000000 0.250000 0.937500
v 2.000000 0.250000 0.812500
v 2.000000 0.750000 0.812500
f 1901 1902 1903
v 2.000000 0.750000 0.937500
f 1901 1903 1904
f 1898 1897 1902
f 1898 1902 1901
f 1900 1899 1904
f 1900 1904 1903
f 1902 1897 1900
f 1902 1900 1903
f 1898 1901 1904
f 1898 1904 1899
v 1.000000 0.062500 0.250000
v 1.000000 0.062500 0.750000
v 1.000000 0.187500 0.750000
f 1905 1906 1907
v 1.000000 0.187500 0.250000
f 1905 1907 1908
v 2.000000 0.062500 0.750000
v 2.000000 0.062500 0.250000
v 2.000000 0.187500 0.250000
f 1909 1910 1911
v 2.000000 0.187500 0.750000
f 1909 1911 1912
f 1906 1905 1910
f 1906 1910 1909
f 1908 1907 1912
f 1908 1912 1911
f 1910 1905 1908
f 1910 1908 1911
f 1906 1909 1912
f 1906 1912 1907
v 1.000000 0.812500 0.250000
v 1.000000 0.812500 0.750000
v 1.000000 0.937500 0.750000
f 1913 1914 1915
v 1.000000 0.937500 0.250000
f 1913 1915 1916
v 2.000000 0.812500 0.750000
v 2.000000 0.812500 0.250000
v 2.000000 0.937500 0.250000
f 1917 1918 1919
v 2.000000 0.937500 0.750000
f 1917 1919 1920
f 1914 1913 1918
f 1914 1918 1917
f 1916 1915 1920
f 1916 1920 1919
f 1918 1913 1916
f 1918 1916 1919
f 1914 1917 1920
f 1914 1920 1915
o panel_1_0_1
usemtl armor
v 1.000000 0.000000 1.000000
v 1.000000 0.000000 2.000000
v 1.000000 0.812500 2.000000
f 1921 1922 1923
v 1.000000 0.812500 1.000000
f 1921 1923 1924
v 2.000000 0.000000 2.000000
v 2.000000 0.000000 1.000000
v 2.000000 0.812500 1.000000
f 1925 1926 1927
v 2.000000 0.812500 2.000000
f 1925 1927 1928
f 1922 1921 1926
f 1922 1926 1925
f 1924 1923 1928
f 1924 1928 1927
f 1926 1921 1924
f 1926 1924 1927
f 1922 1925 1928
f 1922 1928 1923
usemtl graphite
v 1.125000 0.812500 1.125000
v 1.125000 0.812500 1.875000
v 1.125000 0.875000 1.875000
f 1929 1930 1931
v 1.125000 0.875000 1.125000
f 1929 1931 1932
v 1.875000 0.812500 1.875000
v 1.875000 0.812500 1.125000
v 1.875000 0.875000 1.125000
f 1933 1934 1935
v 1.875000 0.875000 1.875000
f 1933 1935 1936
f 1930 1929 1934
f 1930 1934 1933
f 1932 1931 1936
f 1932 1936 1935
f 1934 1929 1932
f 1934 1932 1935
f 1930 1933 1936
f 1930 1936 1931
usemtl steel
v 1.000000 1.000000 2.000000
f 1924 1923 1937
v 1.000000 1.000000 1.000000
f 1924 1937 1938
v 1.125000 0.812500 2.000000
v 1.125000 0.812500 1.000000
v 1.125000 1.000000 1.000000
f 1939 1940 1941
v 1.125000 1.000000 2.000000
f 1939 1941 1942
f 1923 1924 1940
f 1923 1940 1939
f 1938 1937 1942
f 1938 1942 1941
f 1940 1924 1938
f 1940 1938 1941
f 1923 1939 1942
f 1923 1942 1937
v 1.875000 0.812500 1.000000
v 1.875000 0.812500 2.000000
v 1.875000 1.000000 2.000000
f 1943 1944 1945
v 1.875000 1.000000 1.000000
f 1943 1945 1946
v 2.000000 1.000000 1.000000
f 1928 1927 1947
v 2.000000 1.000000 2.000000
f 1928 1947 1948
f 1944 1943 1927
f 1944 1927 1928
f 1946 1945 1948
f 1946 1948 1947
f 1927 1943 1946
f 1927 1946 1947
f 1944 1928 1948
f 1944 1948 1945
v 1.125000 1.000000 1.125000
f 1940 1929 1949
f 1940 1949 1941
f 1934 1943 1946
v 1.875000 1.000000 1.125000
f 1934 1946 1950
f 1929 1940 1943
f 1929 1943 1934
f 1941 1949 1950
f 1941 1950 1946
f 1943 1940 1941
f 1943 1941 1946
f 1929 1934 1950
f 1929 1950 1949
f 1930 1939 1942
v 1.125000 1.000000 1.875000
f 1930 1942 1951
v 1.875000 1.000000 1.875000
f 1944 1933 1952
f 1944 1952 1945
f 1939 1930 1933
f 1939 1933 1944
f 1951 1942 1945
f 1951 1945 1952
f 1933 1930 1951
f 1933 1951 1952
f 1939 1944 1945
f 1939 1945 1942
o panel_1_0_2
usemtl armor
v 1.000000 0.000000 2.000000
v 1.000000 0.000000 3.000000
v 1.000000 0.812500 3.000000
f 1953 1954 1955
v 1.000000 0.812500 2.000000
f 1953 1955 1956
v 2.000000 0.000000 3.000000
v 2.000000 0.000000 2.000000
v 2.000000 0.812500 2.000000
f 1957 1958 1959
v 2.000000 0.812500 3.000000
f 1957 1959 1960
f 1954 1953 1958
f 1954 1958 1957
f 1956 1955 1960
f 1956 1960 1959
f 1958 1953 1956
f 1958 1956 1959
f 1954 1957 1960
f 1954 1960 1955
usemtl graphite
v 1.125000 0.812500 2.125000
v 1.125000 0.812500 2.875000
v 1.125000 0.875000 2.875000
f 1961 1962 1963
v 1.125000 0.875000 2.125000
f 1961 1963 1964
v 1.875000 0.812500 2.875000
v 1.875000 0.812500 2.125000
v 1.875000 0.875000 2.125000
f 1965 1966 1967
v 1.875000 0.875000 2.875000
f 1965 1967 1968
f 1962 1961 1966
f 1962 1966 1965
f 1964 1963 1968
f 1964 1968 1967
f 1966 1961 1964
f 1966 1964 1967
f 1962 1965 1968
f 1962 1968 1963
usemtl steel
v 1.000000 1.000000 3.000000
f 1956 1955 1969
v 1.000000 1.000000 2.000000
f 1956 1969 1970
v 1.125000 0.812500 3.000000
v 1.125000 0.812500 2.000000
v 1.125000 1.000000 2.000000
f 1971 1972 1973
v 1.125000 1.000000 3.000000
f 1971 1973 1974
f 1955 1956 1972
f 1955 1972 1971
f 1970 1969 1974
f 1970 1974 1973
f 1972 1956 1970
f 1972 1970 1973
f 1955 1971 1974
f 1955 1974 1969
v 1.875000 0.812500 2.000000
v 1.875000 0.812500 3.000000
v 1.875000 1.000000 3.000000
f 1975 1976 1977
v 1.875000 1.000000 2.000000
f 1975 1977 1978
v 2.000000 1.000000 2.000000
f 1960 1959 1979
v 2.000000 1.000000 3.000000
f 1960 1979 1980
f 1976 1975 1959
f 1976 1959 1960
f 1978 1977 1980
f 1978 1980 1979
f 1959 1975 1978
f 1959 1978 1979
f 1976 1960 1980
f 1976 1980 1977
v 1.125000 1.000000 2.125000
f 1972 1961 1981
f 1972 1981 1973
f 1966 1975 1978
v 1.875000 1.000000 2.125000
f 1966 1978 1982
f 1961 1972 1975
f 1961 1975 1966
f 1973 1981 1982
f 1973 1982 1978
f 1975 1972 1973
f 1975 1973 1978
f 1961 1966 1982
f 1961 1982 1981
f 1962 1971 1974
v 1.125000 1.000000 2.875000
f 1962 1974 1983
v 1.875000 1.000000 2.875000
f 1976 1965 1984
f 1976 1984 1977
f 1971 1962 1965
f 1971 1965 1976
f 1983 1974 1977
f 1983 1977 1984
f 1965 1962 1983
f 1965 1983 1984
f 1971 1976 1977
f 1971 1977 1974
o panel_1_0_3
usemtl armor
v 1.000000 0.000000 3.000000
v 1.000000 0.000000 4.000000
v 1.000000 0.812500 4.000000
f 1985 1986 1987
v 1.000000 0.812500 3.000000
f 1985 1987 1988
v 2.000000 0.000000 4.000000
v 2.000000 0.000000 3.000000
v 2.000000 0.812500 3.000000
f 1989 1990 1991
v 2.000000 0.812500 4.000000
f 1989 1991 1992
f 1986 1985 1990
f 1986 1990 1989
f 1988 1987 1992
f 1988 1992 1991
f 1990 1985 1988
f 1990 1988 1991
f 1986 1989 1992
f 1986 1992 1987
usemtl graphite
v 1.125000 0.812500 3.125000
v 1.125000 0.812500 3.875000
v 1.125000 0.875000 3.875000
f 1993 1994 1995
v 1.125000 0.875000 3.125000
f 1993 1995 1996
v 1.875000 0.812500 3.875000
v 1.875000 0.812500 3.125000
v 1.875000 0.875000 3.125000
f 1997 1998 1999
v 1.875000 0.875000 3.875000
f 1997 1999 2000
f 1994 1993 1998
f 1994 1998 1997
f 1996 1995 2000
f 1996 2000 1999
f 1998 1993 1996
f 1998 1996 1999
f 1994 1997 2000
f 1994 2000 1995
usemtl steel
v 1.000000 1.000000 4.000000
f 1988 1987 2001
v 1.000000 1.000000 3.000000
f 1988 2001 2002
v 1.125000 0.812500 4.000000
v 1.125000 0.812500 3.000000
v 1.125000 1.000000 3.000000
f 2003 2004 2005
v 1.125000 1.000000 4.000000
f 2003 2005 2006
f 1987 1988 2004
f 1987 2004 2003
f 2002 2001 2006
f 2002 2006 2005
f 2004 1988 2002
f 2004 2002 2005
f 1987 2003 2006
f 1987 2006 2001
v 1.875000 0.812500 3.000000
v 1.875000 0.812500 4.000000
v 1.875000 1.000000 4.000000
f 2007 2008 2009
v 1.875000 1.000000 3.000000
f 2007 2009 2010
v 2.000000 1.000000 3.000000
f 1992 1991 2011
v 2.000000 1.000000 4.000000
f 1992 2011 2012
f 2008 2007 1991
f 2008 1991 1992
f 2010 2009 2012
f 2010 2012 2011
f 1991 2007 2010
f 1991 2010 2011
f 2008 1992 2012
f 2008 2012 2009
v 1.125000 1.000000 3.125000
f 2004 1993 2013
f 2004 2013 2005
f 1998 2007 2010
v 1.875000 1.000000 3.125000
f 1998 2010 2014
f 1993 2004 2007
f 1993 2007 1998
f 2005 2013 2014
f 2005 2014 2010
f 2007 2004 2005
f 2007 2005 2010
f 1993 1998 2014
f 1993 2014 2013
f 1994 2003 2006
v 1.125000 1.000000 3.875000
f 1994 2006 2015
v 1.875000 1.000000 3.875000
f 2008 1997 2016
f 2008 2016 2009
f 2003 1994 1997
f 2003 1997 2008
f 2015 2006 2009
f 2015 2009 2016
f 1997 1994 2015
f 1997 2015 2016
f 2003 2008 2009
f 2003 2009 2006
o panel_1_0_4
usemtl armor
v 1.000000 0.000000 4.000000
v 1.000000 0.000000 5.000000
v 1.000000 0.812500 5.000000
f 2017 2018 2019
v 1.000000 0.812500 4.000000
f 2017 2019 2020
v 2.000000 0.000000 5.000000
v 2.000000 0.000000 4.000000
v 2.000000 0.812500 4.000000
f 2021 2022 2023
v 2.000000 0.812500 5.000000
f 2021 2023 2024
f 2018 2017 2022
f 2018 2022 2021
f 2020 2019 2024
f 2020 2024 2023
f 2022 2017 2020
f 2022 2020 2023
f 2018 2021 2024
f 2018 2024 2019
usemtl graphite
v 1.125000 0.812500 4.125000
v 1.125000 0.812500 4.875000
v 1.125000 0.875000 4.875000
f 2025 2026 2027
v 1.125000 0.875000 4.125000
f 2025 2027 2028
v 1.875000 0.812500 4.875000
v 1.875000 0.812500 4.125000
v 1.875000 0.875000 4.125000
f 2029 2030 2031
v 1.875000 0.875000 4.875000
f 2029 2031 2032
f 2026 2025 2030
f 2026 2030 2029
f 2028 2027 2032
f 2028 2032 2031
f 2030 2025 2028
f 2030 2028 2031
f 2026 2029 2032
f 2026 2032 2027
usemtl steel
v 1.000000 1.000000 5.000000
f 2020 2019 2033
v 1.000000 1.000000 4.000000
f 2020 2033 2034
v 1.125000 0.812500 5.000000
v 1.125000 0.812500 4.000000
v 1.125000 1.000000 4.000000
f 2035 2036 2037
v 1.125000 1.000000 5.000000
f 2035 2037 2038
f 2019 2020 2036
f 2019 2036 2035
f 2034 2033 2038
f 2034 2038 2037
f 2036 2020 2034
f 2036 2034 2037
f 2019 2035 2038
f 2019 2038 2033
v 1.875000 0.812500 4.000000
v 1.875000 0.812500 5.000000
v 1.875000 1.000000 5.000000
f 2039 2040 2041
v 1.875000 1.000000 4.000000
f 2039 2041 2042
v 2.000000 1.000000 4.000000
f 2024 2023 2043
v 2.000000 1.000000 5.000000
f 2024 2043 2044
f 2040 2039 2023
f 2040 2023 2024
f 2042 2041 2044
f 2042 2044 2043
f 2023 2039 2042
f 2023 2042 2043
f 2040 2024 2044
f 2040 2044 2041
v 1.125000 1.000000 4.125000
f 2036 2025 2045
f 2036 2045 2037
f 2030 2039 2042
v 1.875000 1.000000 4.125000
f 2030 2042 2046
f 2025 2036 2039
f 2025 2039 2030
f 2037 2045 2046
f 2037 2046 2042
f 2039 2036 2037
f 2039 2037 2042
f 2025 2030 2046
f 2025 2046 2045
f 2026 2035 2038
v 1.125000 1.000000 4.875000
f 2026 2038 2047
v 1.875000 1.000000 4.875000
f 2040 2029 2048
f 2040 2048 2041
f 2035 2026 2029
f 2035 2029 2040
f 2047 2038 2041
f 2047 2041 2048
f 2029 2026 2047
f 2029 2047 2048
f 2035 2040 2041
f 2035 2041 2038
o panel_1_0_5
usemtl armor
v 1.000000 0.000000 5.000000
v 1.000000 0.000000 6.000000
v 1.000000 0.812500 6.000000
f 2049 2050 2051
v 1.000000 0.812500 5.000000
f 2049 2051 2052
v 2.000000 0.000000 6.000000
v 2.000000 0.000000 5.000000
v 2.000000 0.812500 5.000000
f 2053 2054 2055
v 2.000000 0.812500 6.000000
f 2053 2055 2056
f 2050 2049 2054
f 2050 2054 2053
f 2052 2051 2056
f 2052 2056 2055
f 2054 2049 2052
f 2054 2052 2055
f 2050 2053 2056
f 2050 2056 2051
usemtl graphite
v 1.125000 0.812500 5.125000
v 1.125000 0.812500 5.875000
v 1.125000 0.875000 5.875000
f 2057 2058 2059
v 1.125000 0.875000 5.125000
f 2057 2059 2060
v 1.875000 0.812500 5.875000
v 1.875000 0.812500 5.125000
v 1.875000 0.875000 5.125000
f 2061 2062 2063
v 1.875000 0.875000 5.875000
f 2061 2063 2064
f 2058 2057 2062
f 2058 2062 2061
f 2060 2059 2064
f 2060 2064 2063
f 2062 2057 2060
f 2062 2060 2063
f 2058 2061 2064
f 2058 2064 2059
usemtl steel
v 1.000000 1.000000 6.000000
f 2052 2051 2065
v 1.000000 1.000000 5.000000
f 2052 2065 2066
v 1.125000 0.812500 6.000000
v 1.125000 0.812500 5.000000
v 1.125000 1.000000 5.000000
f 2067 2068 2069
v 1.125000 1.000000 6.000000
f 2067 2069 2070
f 2051 2052 2068
f 2051 2068 2067
f 2066 2065 2070
f 2066 2070 2069
f 2068 2052 2066
f 2068 2066 2069
f 2051 2067 2070
f 2051 2070 2065
v 1.875000 0.812500 5.000000
v 1.875000 0.812500 6.000000
v 1.875000 1.000000 6.000000
f 2071 2072 2073
v 1.875000 1.000000 5.000000
f 2071 2073 2074
v 2.000000 1.000000 5.000000
f 2056 2055 2075
v 2.000000 1.000000 6.000000
f 2056 2075 2076
f 2072 2071 2055
f 2072 2055 2056
f 2074 2073 2076
f 2074 2076 2075
f 2055 2071 2074
f 2055 2074 2075
f 2072 2056 2076
f 2072 2076 2073
v 1.125000 1.000000 5.125000
f 2068 2057 2077
f 2068 2077 2069
f 2062 2071 2074
v 1.875000 1.000000 5.125000
f 2062 2074 2078
f 2057 2068 2071
f 2057 2071 2062
f 2069 2077 2078
f 2069 2078 2074
f 2071 2068 2069
f 2071 2069 2074
f 2057 2062 2078
f 2057 2078 2077
f 2058 2067 2070
v 1.125000 1.000000 5.875000
f 2058 2070 2079
v 1.875000 1.000000 5.875000
f 2072 2061 2080
f 2072 2080 2073
f 2067 2058 2061
f 2067 2061 2072
f 2079 2070 2073
f 2079 2073 2080
f 2061 2058 2079
f 2061 2079 2080
f 2067 2072 2073
f 2067 2073 2070
o frame_1_0_6
usemtl armor
v 1.000000 0.187500 6.187500
v 1.000000 0.187500 6.812500
v 1.000000 0.812500 6.812500
f 2081 2082 2083
v 1.000000 0.812500 6.187500
f 2081 2083 2084
v 2.000000 0.187500 6.812500
v 2.000000 0.187500 6.187500
v 2.000000 0.812500 6.187500
f 2085 2086 2087
v 2.000000 0.812500 6.812500
f 2085 2087 2088
f 2082 2081 2086
f 2082 2086 2085
f 2084 2083 2088
f 2084 2088 2087
f 2086 2081 2084
f 2086 2084 2087
f 2082 2085 2088
f 2082 2088 2083
usemtl steel
v 1.000000 0.000000 6.000000
v 1.000000 0.000000 6.187500
f 2089 2090 2081
v 1.000000 0.187500 6.000000
f 2089 2081 2091
v 2.000000 0.000000 6.187500
v 2.000000 0.000000 6.000000
v 2.000000 0.187500 6.000000
f 2092 2093 2094
f 2092 2094 2086
f 2090 2089 2093
f 2090 2093 2092
f 2091 2081 2086
f 2091 2086 2094
f 2093 2089 2091
f 2093 2091 2094
f 2090 2092 2086
f 2090 2086 2081
v 1.000000 0.000000 6.812500
v 1.000000 0.000000 7.000000
v 1.000000 0.187500 7.000000
f 2095 2096 2097
f 2095 2097 2082
v 2.000000 0.000000 7.000000
v 2.000000 0.000000 6.812500
f 2098 2099 2085
v 2.000000 0.187500 7.000000
f 2098 2085 2100
f 2096 2095 2099
f 2096 2099 2098
f 2082 2097 2100
f 2082 2100 2085
f 2099 2095 2082
f 2099 2082 2085
f 2096 2098 2100
f 2096 2100 2097
v 1.000000 0.812500 6.000000
v 1.000000 1.000000 6.187500
f 2101 2084 2102
v 1.000000 1.000000 6.000000
f 2101 2102 2103
v 2.000000 0.812500 6.000000
v 2.000000 1.000000 6.000000
f 2087 2104 2105
v 2.000000 1.000000 6.187500
f 2087 2105 2106
f 2084 2101 2104
f 2084 2104 2087
f 2103 2102 2106
f 2103 2106 2105
f 2104 2101 2103
f 2104 2103 2105
f 2084 2087 2106
f 2084 2106 2102
v 1.000000 0.812500 7.000000
v 1.000000 1.000000 7.000000
f 2083 2107 2108
v 1.000000 1.000000 6.812500
f 2083 2108 2109
v 2.000000 0.812500 7.000000
v 2.000000 1.000000 6.812500
f 2110 2088 2111
v 2.000000 1.000000 7.000000
f 2110 2111 2112
f 2107 2083 2088
f 2107 2088 2110
f 2109 2108 2112
f 2109 2112 2111
f 2088 2083 2109
f 2088 2109 2111
f 2107 2110 2112
f 2107 2112 2108
usemtl edge
v 1.000000 0.250000 6.062500
v 1.000000 0.250000 6.187500
v 1.000000 0.750000 6.187500
f 2113 2114 2115
v 1.000000 0.750000 6.062500
f 2113 2115 2116
v 2.000000 0.250000 6.187500
v 2.000000 0.250000 6.062500
v 2.000000 0.750000 6.062500
f 2117 2118 2119
v 2.000000 0.750000 6.187500
f 2117 2119 2120
f 2114 2113 2118
f 2114 2118 2117
f 2116 2115 2120
f 2116 2120 2119
f 2118 2113 2116
f 2118 2116 2119
f 2114 2117 2120
f 2114 2120 2115
v 1.000000 0.250000 6.812500
v 1.000000 0.250000 6.937500
v 1.000000 0.750000 6.937500
f 2121 2122 2123
v 1.000000 0.750000 6.812500
f 2121 2123 2124
v 2.000000 0.250000 6.937500
v 2.000000 0.250000 6.812500
v 2.000000 0.750000 6.812500
f 2125 2126 2127
v 2.000000 0.750000 6.937500
f 2125 2127 2128
f 2122 2121 2126
f 2122 2126 2125
f 2124 2123 2128
f 2124 2128 2127
f 2126 2121 2124
f 2126 2124 2127
f 2122 2125 2128
f 2122 2128 2123
v 1.000000 0.062500 6.250000
v 1.000000 0.062500 6.750000
v 1.000000 0.187500 6.750000
f 2129 2130 2131
v 1.000000 0.187500 6.250000
f 2129 2131 2132
v 2.000000 0.062500 6.750000
v 2.000000 0.062500 6.250000
v 2.000000 0.187500 6.250000
f 2133 2134 2135
v 2.000000 0.187500 6.750000
f 2133 2135 2136
f 2130 2129 2134
f 2130 2134 2133
f 2132 2131 2136
f 2132 2136 2135
f 2134 2129 2132
f 2134 2132 2135
f 2130 2133 2136
f 2130 2136 2131
v 1.000000 0.812500 6.250000
v 1.000000 0.812500 6.750000
v 1.000000 0.937500 6.750000
f 2137 2138 2139
v 1.000000 0.937500 6.250000
f 2137 2139 2140
v 2.000000 0.812500 6.750000
v 2.000000 0.812500 6.250000
v 2.000000 0.937500 6.250000
f 2141 2142 2143
v 2.000000 0.937500 6.750000
f 2141 2143 2144
f 2138 2137 2142
f 2138 2142 2141
f 2140 2139 2144
f 2140 2144 2143
f 2142 2137 2140
f 2142 2140 2143
f 2138 2141 2144
f 2138 2144 2139
o fuel_1_1_0
usemtl armor
v 1.000000 1.000000 0.187500
v 1.000000 1.000000 1.000000
v 1.000000 2.000000 1.000000
f 2145 2146 2147
v 1.000000 2.000000 0.187500
f 2145 2147 2148
v 2.000000 1.000000 1.000000
v 2.000000 1.000000 0.187500
v 2.000000 2.000000 0.187500
f 2149 2150 2151
v 2.000000 2.000000 1.000000
f 2149 2151 2152
f 2146 2145 2150
f 2146 2150 2149
f 2148 2147 2152
f 2148 2152 2151
f 2150 2145 2148
f 2150 2148 2151
f 2146 2149 2152
f 2146 2152 2147
usemtl graphite
v 1.125000 1.125000 0.125000
v 1.125000 1.125000 0.187500
v 1.125000 1.875000 0.187500
f 2153 2154 2155
v 1.125000 1.875000 0.125000
f 2153 2155 2156
v 1.875000 1.125000 0.187500
v 1.875000 1.125000 0.125000
v 1.875000 1.875000 0.125000
f 2157 2158 2159
v 1.875000 1.875000 0.187500
f 2157 2159 2160
f 2154 2153 2158
f 2154 2158 2157
f 2156 2155 2160
f 2156 2160 2159
f 2158 2153 2156
f 2158 2156 2159
f 2154 2157 2160
f 2154 2160 2155
usemtl steel
v 1.000000 1.000000 0.000000
f 2161 2145 2148
v 1.000000 2.000000 0.000000
f 2161 2148 2162
v 1.125000 1.000000 0.187500
v 1.125000 1.000000 0.000000
v 1.125000 2.000000 0.000000
f 2163 2164 2165
v 1.125000 2.000000 0.187500
f 2163 2165 2166
f 2145 2161 2164
f 2145 2164 2163
f 2162 2148 2166
f 2162 2166 2165
f 2164 2161 2162
f 2164 2162 2165
f 2145 2163 2166
f 2145 2166 2148
v 1.875000 1.000000 0.000000
v 1.875000 1.000000 0.187500
v 1.875000 2.000000 0.187500
f 2167 2168 2169
v 1.875000 2.000000 0.000000
f 2167 2169 2170
v 2.000000 1.000000 0.000000
v 2.000000 2.000000 0.000000
f 2150 2171 2172
f 2150 2172 2151
f 2168 2167 2171
f 2168 2171 2150
f 2170 2169 2151
f 2170 2151 2172
f 2171 2167 2170
f 2171 2170 2172
f 2168 2150 2151
f 2168 2151 2169
f 2164 2163 2154
v 1.125000 1.125000 0.000000
f 2164 2154 2173
v 1.875000 1.125000 0.000000
f 2168 2167 2174
f 2168 2174 2157
f 2163 2164 2167
f 2163 2167 2168
f 2173 2154 2157
f 2173 2157 2174
f 2167 2164 2173
f 2167 2173 2174
f 2163 2168 2157
f 2163 2157 2154
v 1.125000 1.875000 0.000000
f 2175 2155 2166
f 2175 2166 2165
v 1.875000 1.875000 0.000000
f 2160 2176 2170
f 2160 2170 2169
f 2155 2175 2176
f 2155 2176 2160
f 2165 2166 2169
f 2165 2169 2170
f 2176 2175 2165
f 2176 2165 2170
f 2155 2160 2169
f 2155 2169 2166
v 1.250000 1.250000 -0.062500
v 1.250000 1.250000 0.125000
v 1.250000 1.750000 0.125000
f 2177 2178 2179
v 1.250000 1.750000 -0.062500
f 2177 2179 2180
v 1.375000 1.250000 0.125000
v 1.375000 1.250000 -0.062500
v 1.375000 1.750000 -0.062500
f 2181 2182 2183
v 1.375000 1.750000 0.125000
f 2181 2183 2184
f 2178 2177 2182
f 2178 2182 2181
f 2180 2179 2184
f 2180 2184 2183
f 2182 2177 2180
f 2182 2180 2183
f 2178 2181 2184
f 2178 2184 2179
v 1.625000 1.250000 -0.062500
v 1.625000 1.250000 0.125000
v 1.625000 1.750000 0.125000
f 2185 2186 2187
v 1.625000 1.750000 -0.062500
f 2185 2187 2188
v 1.750000 1.250000 0.125000
v 1.750000 1.250000 -0.062500
v 1.750000 1.750000 -0.062500
f 2189 2190 2191
v 1.750000 1.750000 0.125000
f 2189 2191 2192
f 2186 2185 2190
f 2186 2190 2189
f 2188 2187 2192
f 2188 2192 2191
f 2190 2185 2188
f 2190 2188 2191
f 2186 2189 2192
f 2186 2192 2187
v 1.375000 1.375000 0.125000
f 2182 2181 2193
v 1.375000 1.375000 -0.062500
f 2182 2193 2194
v 1.625000 1.375000 -0.062500
f 2186 2185 2195
v 1.625000 1.375000 0.125000
f 2186 2195 2196
f 2181 2182 2185
f 2181 2185 2186
f 2194 2193 2196
f 2194 2196 2195
f 2185 2182 2194
f 2185 2194 2195
f 2181 2186 2196
f 2181 2196 2193
v 1.375000 1.625000 -0.062500
v 1.375000 1.625000 0.125000
f 2197 2198 2184
f 2197 2184 2183
v 1.625000 1.625000 0.125000
v 1.625000 1.625000 -0.062500
f 2199 2200 2188
f 2199 2188 2187
f 2198 2197 2200
f 2198 2200 2199
f 2183 2184 2187
f 2183 2187 2188
f 2200 2197 2183
f 2200 2183 2188
f 2198 2199 2187
f 2198 2187 2184
usemtl recess
v 1.375000 1.375000 0.062500
f 2201 2193 2198
v 1.375000 1.625000 0.062500
f 2201 2198 2202
v 1.625000 1.375000 0.062500
v 1.625000 1.625000 0.062500
f 2196 2203 2204
f 2196 2204 2199
f 2193 2201 2203
f 2193 2203 2196
f 2202 2198 2199
f 2202 2199 2204
f 2203 2201 2202
f 2203 2202 2204
f 2193 2196 2199
f 2193 2199 2198
usemtl lamp
v 1.437500 1.812500 -0.015625
v 1.437500 1.812500 0.000000
v 1.437500 1.875000 0.000000
f 2205 2206 2207
v 1.437500 1.875000 -0.015625
f 2205 2207 2208
v 1.562500 1.812500 0.000000
v 1.562500 1.812500 -0.015625
v 1.562500 1.875000 -0.015625
f 2209 2210 2211
v 1.562500 1.875000 0.000000
f 2209 2211 2212
f 2206 2205 2210
f 2206 2210 2209
f 2208 2207 2212
f 2208 2212 2211
f 2210 2205 2208
f 2210 2208 2211
f 2206 2209 2212
f 2206 2212 2207
o output_1_1_6
usemtl armor
v 1.000000 1.000000 6.000000
v 1.000000 1.000000 6.812500
v 1.000000 2.000000 6.812500
f 2213 2214 2215
v 1.000000 2.000000 6.000000
f 2213 2215 2216
v 2.000000 1.000000 6.812500
v 2.000000 1.000000 6.000000
v 2.000000 2.000000 6.000000
f 2217 2218 2219
v 2.000000 2.000000 6.812500
f 2217 2219 2220
f 2214 2213 2218
f 2214 2218 2217
f 2216 2215 2220
f 2216 2220 2219
f 2218 2213 2216
f 2218 2216 2219
f 2214 2217 2220
f 2214 2220 2215
usemtl graphite
v 1.125000 1.125000 6.812500
v 1.125000 1.125000 6.875000
v 1.125000 1.875000 6.875000
f 2221 2222 2223
v 1.125000 1.875000 6.812500
f 2221 2223 2224
v 1.875000 1.125000 6.875000
v 1.875000 1.125000 6.812500
v 1.875000 1.875000 6.812500
f 2225 2226 2227
v 1.875000 1.875000 6.875000
f 2225 2227 2228
f 2222 2221 2226
f 2222 2226 2225
f 2224 2223 2228
f 2224 2228 2227
f 2226 2221 2224
f 2226 2224 2227
f 2222 2225 2228
f 2222 2228 2223
usemtl steel
v 1.875000 1.000000 6.812500
v 1.875000 1.000000 7.000000
v 1.875000 2.000000 7.000000
f 2229 2230 2231
v 1.875000 2.000000 6.812500
f 2229 2231 2232
v 2.000000 1.000000 7.000000
f 2233 2217 2220
v 2.000000 2.000000 7.000000
f 2233 2220 2234
f 2230 2229 2217
f 2230 2217 2233
f 2232 2231 2234
f 2232 2234 2220
f 2217 2229 2232
f 2217 2232 2220
f 2230 2233 2234
f 2230 2234 2231
v 1.000000 1.000000 7.000000
v 1.000000 2.000000 7.000000
f 2214 2235 2236
f 2214 2236 2215
v 1.125000 1.000000 7.000000
v 1.125000 1.000000 6.812500
v 1.125000 2.000000 6.812500
f 2237 2238 2239
v 1.125000 2.000000 7.000000
f 2237 2239 2240
f 2235 2214 2238
f 2235 2238 2237
f 2215 2236 2240
f 2215 2240 2239
f 2238 2214 2215
f 2238 2215 2239
f 2235 2237 2240
f 2235 2240 2236
v 1.125000 1.125000 7.000000
f 2238 2237 2241
f 2238 2241 2221
f 2230 2229 2226
v 1.875000 1.125000 7.000000
f 2230 2226 2242
f 2237 2238 2229
f 2237 2229 2230
f 2221 2241 2242
f 2221 2242 2226
f 2229 2238 2221
f 2229 2221 2226
f 2237 2230 2242
f 2237 2242 2241
v 1.125000 1.875000 7.000000
f 2224 2243 2240
f 2224 2240 2239
v 1.875000 1.875000 7.000000
f 2244 2227 2232
f 2244 2232 2231
f 2243 2224 2227
f 2243 2227 2244
f 2239 2240 2231
f 2239 2231 2232
f 2227 2224 2239
f 2227 2239 2232
f 2243 2244 2231
f 2243 2231 2240
v 1.625000 1.250000 6.875000
v 1.625000 1.250000 7.062500
v 1.625000 1.750000 7.062500
f 2245 2246 2247
v 1.625000 1.750000 6.875000
f 2245 2247 2248
v 1.750000 1.250000 7.062500
v 1.750000 1.250000 6.875000
v 1.750000 1.750000 6.875000
f 2249 2250 2251
v 1.750000 1.750000 7.062500
f 2249 2251 2252
f 2246 2245 2250
f 2246 2250 2249
f 2248 2247 2252
f 2248 2252 2251
f 2250 2245 2248
f 2250 2248 2251
f 2246 2249 2252
f 2246 2252 2247
v 1.250000 1.250000 6.875000
v 1.250000 1.250000 7.062500
v 1.250000 1.750000 7.062500
f 2253 2254 2255
v 1.250000 1.750000 6.875000
f 2253 2255 2256
v 1.375000 1.250000 7.062500
v 1.375000 1.250000 6.875000
v 1.375000 1.750000 6.875000
f 2257 2258 2259
v 1.375000 1.750000 7.062500
f 2257 2259 2260
f 2254 2253 2258
f 2254 2258 2257
f 2256 2255 2260
f 2256 2260 2259
f 2258 2253 2256
f 2258 2256 2259
f 2254 2257 2260
f 2254 2260 2255
v 1.375000 1.375000 7.062500
f 2258 2257 2261
v 1.375000 1.375000 6.875000
f 2258 2261 2262
v 1.625000 1.375000 6.875000
f 2246 2245 2263
v 1.625000 1.375000 7.062500
f 2246 2263 2264
f 2257 2258 2245
f 2257 2245 2246
f 2262 2261 2264
f 2262 2264 2263
f 2245 2258 2262
f 2245 2262 2263
f 2257 2246 2264
f 2257 2264 2261
v 1.375000 1.625000 6.875000
v 1.375000 1.625000 7.062500
f 2265 2266 2260
f 2265 2260 2259
v 1.625000 1.625000 7.062500
v 1.625000 1.625000 6.875000
f 2267 2268 2248
f 2267 2248 2247
f 2266 2265 2268
f 2266 2268 2267
f 2259 2260 2247
f 2259 2247 2248
f 2268 2265 2259
f 2268 2259 2248
f 2266 2267 2247
f 2266 2247 2260
usemtl recess
v 1.375000 1.375000 6.937500
v 1.375000 1.625000 6.937500
f 2262 2269 2270
f 2262 2270 2265
v 1.625000 1.375000 6.937500
f 2271 2263 2268
v 1.625000 1.625000 6.937500
f 2271 2268 2272
f 2269 2262 2263
f 2269 2263 2271
f 2265 2270 2272
f 2265 2272 2268
f 2263 2262 2265
f 2263 2265 2268
f 2269 2271 2272
f 2269 2272 2270
usemtl orbit
v 1.437500 1.812500 7.000000
v 1.437500 1.812500 7.015625
v 1.437500 1.875000 7.015625
f 2273 2274 2275
v 1.437500 1.875000 7.000000
f 2273 2275 2276
v 1.562500 1.812500 7.015625
v 1.562500 1.812500 7.000000
v 1.562500 1.875000 7.000000
f 2277 2278 2279
v 1.562500 1.875000 7.015625
f 2277 2279 2280
f 2274 2273 2278
f 2274 2278 2277
f 2276 2275 2280
f 2276 2280 2279
f 2278 2273 2276
f 2278 2276 2279
f 2274 2277 2280
f 2274 2280 2275
o coil_1_3_3
usemtl steel
v 1.000000 3.000000 3.000000
v 1.000000 3.000000 4.000000
v 1.000000 4.000000 4.000000
f 2281 2282 2283
v 1.000000 4.000000 3.000000
f 2281 2283 2284
v 1.187500 3.000000 4.000000
v 1.187500 3.000000 3.000000
v 1.187500 4.000000 3.000000
f 2285 2286 2287
v 1.187500 4.000000 4.000000
f 2285 2287 2288
f 2282 2281 2286
f 2282 2286 2285
f 2284 2283 2288
f 2284 2288 2287
f 2286 2281 2284
f 2286 2284 2287
f 2282 2285 2288
f 2282 2288 2283
usemtl armor
v 1.187500 3.062500 3.062500
v 1.187500 3.062500 3.937500
v 1.187500 3.937500 3.937500
f 2289 2290 2291
v 1.187500 3.937500 3.062500
f 2289 2291 2292
v 1.625000 3.062500 3.937500
v 1.625000 3.062500 3.062500
v 1.625000 3.937500 3.062500
f 2293 2294 2295
v 1.625000 3.937500 3.937500
f 2293 2295 2296
f 2290 2289 2294
f 2290 2294 2293
f 2292 2291 2296
f 2292 2296 2295
f 2294 2289 2292
f 2294 2292 2295
f 2290 2293 2296
f 2290 2296 2291
usemtl graphite
v 1.625000 3.187500 3.187500
v 1.625000 3.187500 3.812500
v 1.625000 3.812500 3.812500
f 2297 2298 2299
v 1.625000 3.812500 3.187500
f 2297 2299 2300
v 1.812500 3.187500 3.812500
v 1.812500 3.187500 3.187500
v 1.812500 3.812500 3.187500
f 2301 2302 2303
v 1.812500 3.812500 3.812500
f 2301 2303 2304
f 2298 2297 2302
f 2298 2302 2301
f 2300 2299 2304
f 2300 2304 2303
f 2302 2297 2300
f 2302 2300 2303
f 2298 2301 2304
f 2298 2304 2299
usemtl steel
v 1.812500 3.250000 3.250000
v 1.812500 3.250000 3.750000
v 1.812500 3.750000 3.750000
f 2305 2306 2307
v 1.812500 3.750000 3.250000
f 2305 2307 2308
v 2.062500 3.250000 3.750000
v 2.062500 3.250000 3.250000
v 2.062500 3.750000 3.250000
f 2309 2310 2311
v 2.062500 3.750000 3.750000
f 2309 2311 2312
f 2306 2305 2310
f 2306 2310 2309
f 2308 2307 2312
f 2308 2312 2311
f 2310 2305 2308
f 2310 2308 2311
f 2306 2309 2312
f 2306 2312 2307
usemtl recess
v 2.062500 3.312500 3.312500
v 2.062500 3.312500 3.687500
v 2.062500 3.687500 3.687500
f 2313 2314 2315
v 2.062500 3.687500 3.312500
f 2313 2315 2316
v 2.125000 3.312500 3.687500
v 2.125000 3.312500 3.312500
v 2.125000 3.687500 3.312500
f 2317 2318 2319
v 2.125000 3.687500 3.687500
f 2317 2319 2320
f 2314 2313 2318
f 2314 2318 2317
f 2316 2315 2320
f 2316 2320 2319
f 2318 2313 2316
f 2318 2316 2319
f 2314 2317 2320
f 2314 2320 2315
usemtl armor
v 2.062500 3.187500 3.187500
v 2.062500 3.187500 3.312500
v 2.062500 3.812500 3.312500
f 2321 2322 2323
v 2.062500 3.812500 3.187500
f 2321 2323 2324
v 2.250000 3.187500 3.312500
v 2.250000 3.187500 3.187500
v 2.250000 3.812500 3.187500
f 2325 2326 2327
v 2.250000 3.812500 3.312500
f 2325 2327 2328
f 2322 2321 2326
f 2322 2326 2325
f 2324 2323 2328
f 2324 2328 2327
f 2326 2321 2324
f 2326 2324 2327
f 2322 2325 2328
f 2322 2328 2323
v 2.062500 3.187500 3.687500
v 2.062500 3.187500 3.812500
v 2.062500 3.812500 3.812500
f 2329 2330 2331
v 2.062500 3.812500 3.687500
f 2329 2331 2332
v 2.250000 3.187500 3.812500
v 2.250000 3.187500 3.687500
v 2.250000 3.812500 3.687500
f 2333 2334 2335
v 2.250000 3.812500 3.812500
f 2333 2335 2336
f 2330 2329 2334
f 2330 2334 2333
f 2332 2331 2336
f 2332 2336 2335
f 2334 2329 2332
f 2334 2332 2335
f 2330 2333 2336
f 2330 2336 2331
f 2322 2329 2314
f 2322 2314 2313
v 2.250000 3.312500 3.312500
f 2334 2325 2337
v 2.250000 3.312500 3.687500
f 2334 2337 2338
f 2329 2322 2325
f 2329 2325 2334
f 2313 2314 2338
f 2313 2338 2337
f 2325 2322 2313
f 2325 2313 2337
f 2329 2334 2338
f 2329 2338 2314
f 2316 2315 2332
f 2316 2332 2323
v 2.250000 3.687500 3.687500
v 2.250000 3.687500 3.312500
f 2339 2340 2328
f 2339 2328 2335
f 2315 2316 2340
f 2315 2340 2339
f 2323 2332 2335
f 2323 2335 2328
f 2340 2316 2323
f 2340 2323 2328
f 2315 2339 2335
f 2315 2335 2332
usemtl lamp
v 1.625000 3.375000 3.062500
v 1.625000 3.375000 3.187500
v 1.625000 3.625000 3.187500
f 2341 2342 2343
v 1.625000 3.625000 3.062500
f 2341 2343 2344
v 1.687500 3.375000 3.187500
v 1.687500 3.375000 3.062500
v 1.687500 3.625000 3.062500
f 2345 2346 2347
v 1.687500 3.625000 3.187500
f 2345 2347 2348
f 2342 2341 2346
f 2342 2346 2345
f 2344 2343 2348
f 2344 2348 2347
f 2346 2341 2344
f 2346 2344 2347
f 2342 2345 2348
f 2342 2348 2343
v 1.625000 3.375000 3.812500
v 1.625000 3.375000 3.937500
v 1.625000 3.625000 3.937500
f 2349 2350 2351
v 1.625000 3.625000 3.812500
f 2349 2351 2352
v 1.687500 3.375000 3.937500
v 1.687500 3.375000 3.812500
v 1.687500 3.625000 3.812500
f 2353 2354 2355
v 1.687500 3.625000 3.937500
f 2353 2355 2356
f 2350 2349 2354
f 2350 2354 2353
f 2352 2351 2356
f 2352 2356 2355
f 2354 2349 2352
f 2354 2352 2355
f 2350 2353 2356
f 2350 2356 2351
usemtl graphite
v 1.625000 3.125000 3.125000
v 1.625000 3.125000 3.875000
v 1.625000 3.250000 3.875000
f 2357 2358 2359
v 1.625000 3.250000 3.125000
f 2357 2359 2360
v 1.687500 3.125000 3.875000
v 1.687500 3.125000 3.125000
v 1.687500 3.250000 3.125000
f 2361 2362 2363
v 1.687500 3.250000 3.875000
f 2361 2363 2364
f 2358 2357 2362
f 2358 2362 2361
f 2360 2359 2364
f 2360 2364 2363
f 2362 2357 2360
f 2362 2360 2363
f 2358 2361 2364
f 2358 2364 2359
v 1.625000 3.750000 3.125000
v 1.625000 3.750000 3.875000
v 1.625000 3.875000 3.875000
f 2365 2366 2367
v 1.625000 3.875000 3.125000
f 2365 2367 2368
v 1.687500 3.750000 3.875000
v 1.687500 3.750000 3.125000
v 1.687500 3.875000 3.125000
f 2369 2370 2371
v 1.687500 3.875000 3.875000
f 2369 2371 2372
f 2366 2365 2370
f 2366 2370 2369
f 2368 2367 2372
f 2368 2372 2371
f 2370 2365 2368
f 2370 2368 2371
f 2366 2369 2372
f 2366 2372 2367
o frame_1_6_0
usemtl armor
v 1.000000 6.187500 0.187500
v 1.000000 6.187500 0.812500
v 1.000000 6.812500 0.812500
f 2373 2374 2375
v 1.000000 6.812500 0.187500
f 2373 2375 2376
v 2.000000 6.187500 0.812500
v 2.000000 6.187500 0.187500
v 2.000000 6.812500 0.187500
f 2377 2378 2379
v 2.000000 6.812500 0.812500
f 2377 2379 2380
f 2374 2373 2378
f 2374 2378 2377
f 2376 2375 2380
f 2376 2380 2379
f 2378 2373 2376
f 2378 2376 2379
f 2374 2377 2380
f 2374 2380 2375
usemtl steel
v 1.000000 6.000000 0.000000
v 1.000000 6.000000 0.187500
f 2381 2382 2373
v 1.000000 6.187500 0.000000
f 2381 2373 2383
v 2.000000 6.000000 0.187500
v 2.000000 6.000000 0.000000
v 2.000000 6.187500 0.000000
f 2384 2385 2386
f 2384 2386 2378
f 2382 2381 2385
f 2382 2385 2384
f 2383 2373 2378
f 2383 2378 2386
f 2385 2381 2383
f 2385 2383 2386
f 2382 2384 2378
f 2382 2378 2373
v 1.000000 6.000000 0.812500
v 1.000000 6.000000 1.000000
v 1.000000 6.187500 1.000000
f 2387 2388 2389
f 2387 2389 2374
v 2.000000 6.000000 1.000000
v 2.000000 6.000000 0.812500
f 2390 2391 2377
v 2.000000 6.187500 1.000000
f 2390 2377 2392
f 2388 2387 2391
f 2388 2391 2390
f 2374 2389 2392
f 2374 2392 2377
f 2391 2387 2374
f 2391 2374 2377
f 2388 2390 2392
f 2388 2392 2389
v 1.000000 6.812500 0.000000
v 1.000000 7.000000 0.187500
f 2393 2376 2394
v 1.000000 7.000000 0.000000
f 2393 2394 2395
v 2.000000 6.812500 0.000000
v 2.000000 7.000000 0.000000
f 2379 2396 2397
v 2.000000 7.000000 0.187500
f 2379 2397 2398
f 2376 2393 2396
f 2376 2396 2379
f 2395 2394 2398
f 2395 2398 2397
f 2396 2393 2395
f 2396 2395 2397
f 2376 2379 2398
f 2376 2398 2394
v 1.000000 6.812500 1.000000
v 1.000000 7.000000 1.000000
f 2375 2399 2400
v 1.000000 7.000000 0.812500
f 2375 2400 2401
v 2.000000 6.812500 1.000000
v 2.000000 7.000000 0.812500
f 2402 2380 2403
v 2.000000 7.000000 1.000000
f 2402 2403 2404
f 2399 2375 2380
f 2399 2380 2402
f 2401 2400 2404
f 2401 2404 2403
f 2380 2375 2401
f 2380 2401 2403
f 2399 2402 2404
f 2399 2404 2400
usemtl edge
v 1.000000 6.250000 0.062500
v 1.000000 6.250000 0.187500
v 1.000000 6.750000 0.187500
f 2405 2406 2407
v 1.000000 6.750000 0.062500
f 2405 2407 2408
v 2.000000 6.250000 0.187500
v 2.000000 6.250000 0.062500
v 2.000000 6.750000 0.062500
f 2409 2410 2411
v 2.000000 6.750000 0.187500
f 2409 2411 2412
f 2406 2405 2410
f 2406 2410 2409
f 2408 2407 2412
f 2408 2412 2411
f 2410 2405 2408
f 2410 2408 2411
f 2406 2409 2412
f 2406 2412 2407
v 1.000000 6.250000 0.812500
v 1.000000 6.250000 0.937500
v 1.000000 6.750000 0.937500
f 2413 2414 2415
v 1.000000 6.750000 0.812500
f 2413 2415 2416
v 2.000000 6.250000 0.937500
v 2.000000 6.250000 0.812500
v 2.000000 6.750000 0.812500
f 2417 2418 2419
v 2.000000 6.750000 0.937500
f 2417 2419 2420
f 2414 2413 2418
f 2414 2418 2417
f 2416 2415 2420
f 2416 2420 2419
f 2418 2413 2416
f 2418 2416 2419
f 2414 2417 2420
f 2414 2420 2415
v 1.000000 6.062500 0.250000
v 1.000000 6.062500 0.750000
v 1.000000 6.187500 0.750000
f 2421 2422 2423
v 1.000000 6.187500 0.250000
f 2421 2423 2424
v 2.000000 6.062500 0.750000
v 2.000000 6.062500 0.250000
v 2.000000 6.187500 0.250000
f 2425 2426 2427
v 2.000000 6.187500 0.750000
f 2425 2427 2428
f 2422 2421 2426
f 2422 2426 2425
f 2424 2423 2428
f 2424 2428 2427
f 2426 2421 2424
f 2426 2424 2427
f 2422 2425 2428
f 2422 2428 2423
v 1.000000 6.812500 0.250000
v 1.000000 6.812500 0.750000
v 1.000000 6.937500 0.750000
f 2429 2430 2431
v 1.000000 6.937500 0.250000
f 2429 2431 2432
v 2.000000 6.812500 0.750000
v 2.000000 6.812500 0.250000
v 2.000000 6.937500 0.250000
f 2433 2434 2435
v 2.000000 6.937500 0.750000
f 2433 2435 2436
f 2430 2429 2434
f 2430 2434 2433
f 2432 2431 2436
f 2432 2436 2435
f 2434 2429 2432
f 2434 2432 2435
f 2430 2433 2436
f 2430 2436 2431
o panel_1_6_1
usemtl armor
v 1.000000 6.187500 1.000000
v 1.000000 6.187500 2.000000
v 1.000000 7.000000 2.000000
f 2437 2438 2439
v 1.000000 7.000000 1.000000
f 2437 2439 2440
v 2.000000 6.187500 2.000000
v 2.000000 6.187500 1.000000
v 2.000000 7.000000 1.000000
f 2441 2442 2443
v 2.000000 7.000000 2.000000
f 2441 2443 2444
f 2438 2437 2442
f 2438 2442 2441
f 2440 2439 2444
f 2440 2444 2443
f 2442 2437 2440
f 2442 2440 2443
f 2438 2441 2444
f 2438 2444 2439
usemtl graphite
v 1.125000 6.125000 1.125000
v 1.125000 6.125000 1.875000
v 1.125000 6.187500 1.875000
f 2445 2446 2447
v 1.125000 6.187500 1.125000
f 2445 2447 2448
v 1.875000 6.125000 1.875000
v 1.875000 6.125000 1.125000
v 1.875000 6.187500 1.125000
f 2449 2450 2451
v 1.875000 6.187500 1.875000
f 2449 2451 2452
f 2446 2445 2450
f 2446 2450 2449
f 2448 2447 2452
f 2448 2452 2451
f 2450 2445 2448
f 2450 2448 2451
f 2446 2449 2452
f 2446 2452 2447
usemtl steel
v 1.000000 6.000000 1.000000
v 1.000000 6.000000 2.000000
f 2453 2454 2438
f 2453 2438 2437
v 1.125000 6.000000 2.000000
v 1.125000 6.000000 1.000000
v 1.125000 6.187500 1.000000
f 2455 2456 2457
v 1.125000 6.187500 2.000000
f 2455 2457 2458
f 2454 2453 2456
f 2454 2456 2455
f 2437 2438 2458
f 2437 2458 2457
f 2456 2453 2437
f 2456 2437 2457
f 2454 2455 2458
f 2454 2458 2438
v 1.875000 6.000000 1.000000
v 1.875000 6.000000 2.000000
v 1.875000 6.187500 2.000000
f 2459 2460 2461
v 1.875000 6.187500 1.000000
f 2459 2461 2462
v 2.000000 6.000000 2.000000
v 2.000000 6.000000 1.000000
f 2463 2464 2442
f 2463 2442 2441
f 2460 2459 2464
f 2460 2464 2463
f 2462 2461 2441
f 2462 2441 2442
f 2464 2459 2462
f 2464 2462 2442
f 2460 2463 2441
f 2460 2441 2461
v 1.125000 6.000000 1.875000
f 2465 2455 2458
f 2465 2458 2447
v 1.875000 6.000000 1.875000
f 2460 2466 2452
f 2460 2452 2461
f 2455 2465 2466
f 2455 2466 2460
f 2447 2458 2461
f 2447 2461 2452
f 2466 2465 2447
f 2466 2447 2452
f 2455 2460 2461
f 2455 2461 2458
v 1.125000 6.000000 1.125000
f 2456 2467 2448
f 2456 2448 2457
v 1.875000 6.000000 1.125000
f 2468 2459 2462
f 2468 2462 2451
f 2467 2456 2459
f 2467 2459 2468
f 2457 2448 2451
f 2457 2451 2462
f 2459 2456 2457
f 2459 2457 2462
f 2467 2468 2451
f 2467 2451 2448
o panel_1_6_2
usemtl armor
v 1.000000 6.187500 2.000000
v 1.000000 6.187500 3.000000
v 1.000000 7.000000 3.000000
f 2469 2470 2471
v 1.000000 7.000000 2.000000
f 2469 2471 2472
v 2.000000 6.187500 3.000000
v 2.000000 6.187500 2.000000
v 2.000000 7.000000 2.000000
f 2473 2474 2475
v 2.000000 7.000000 3.000000
f 2473 2475 2476
f 2470 2469 2474
f 2470 2474 2473
f 2472 2471 2476
f 2472 2476 2475
f 2474 2469 2472
f 2474 2472 2475
f 2470 2473 2476
f 2470 2476 2471
usemtl graphite
v 1.125000 6.125000 2.125000
v 1.125000 6.125000 2.875000
v 1.125000 6.187500 2.875000
f 2477 2478 2479
v 1.125000 6.187500 2.125000
f 2477 2479 2480
v 1.875000 6.125000 2.875000
v 1.875000 6.125000 2.125000
v 1.875000 6.187500 2.125000
f 2481 2482 2483
v 1.875000 6.187500 2.875000
f 2481 2483 2484
f 2478 2477 2482
f 2478 2482 2481
f 2480 2479 2484
f 2480 2484 2483
f 2482 2477 2480
f 2482 2480 2483
f 2478 2481 2484
f 2478 2484 2479
usemtl steel
v 1.000000 6.000000 2.000000
v 1.000000 6.000000 3.000000
f 2485 2486 2470
f 2485 2470 2469
v 1.125000 6.000000 3.000000
v 1.125000 6.000000 2.000000
v 1.125000 6.187500 2.000000
f 2487 2488 2489
v 1.125000 6.187500 3.000000
f 2487 2489 2490
f 2486 2485 2488
f 2486 2488 2487
f 2469 2470 2490
f 2469 2490 2489
f 2488 2485 2469
f 2488 2469 2489
f 2486 2487 2490
f 2486 2490 2470
v 1.875000 6.000000 2.000000
v 1.875000 6.000000 3.000000
v 1.875000 6.187500 3.000000
f 2491 2492 2493
v 1.875000 6.187500 2.000000
f 2491 2493 2494
v 2.000000 6.000000 3.000000
v 2.000000 6.000000 2.000000
f 2495 2496 2474
f 2495 2474 2473
f 2492 2491 2496
f 2492 2496 2495
f 2494 2493 2473
f 2494 2473 2474
f 2496 2491 2494
f 2496 2494 2474
f 2492 2495 2473
f 2492 2473 2493
v 1.125000 6.000000 2.875000
f 2497 2487 2490
f 2497 2490 2479
v 1.875000 6.000000 2.875000
f 2492 2498 2484
f 2492 2484 2493
f 2487 2497 2498
f 2487 2498 2492
f 2479 2490 2493
f 2479 2493 2484
f 2498 2497 2479
f 2498 2479 2484
f 2487 2492 2493
f 2487 2493 2490
v 1.125000 6.000000 2.125000
f 2488 2499 2480
f 2488 2480 2489
v 1.875000 6.000000 2.125000
f 2500 2491 2494
f 2500 2494 2483
f 2499 2488 2491
f 2499 2491 2500
f 2489 2480 2483
f 2489 2483 2494
f 2491 2488 2489
f 2491 2489 2494
f 2499 2500 2483
f 2499 2483 2480
o panel_1_6_3
usemtl armor
v 1.000000 6.187500 3.000000
v 1.000000 6.187500 4.000000
v 1.000000 7.000000 4.000000
f 2501 2502 2503
v 1.000000 7.000000 3.000000
f 2501 2503 2504
v 2.000000 6.187500 4.000000
v 2.000000 6.187500 3.000000
v 2.000000 7.000000 3.000000
f 2505 2506 2507
v 2.000000 7.000000 4.000000
f 2505 2507 2508
f 2502 2501 2506
f 2502 2506 2505
f 2504 2503 2508
f 2504 2508 2507
f 2506 2501 2504
f 2506 2504 2507
f 2502 2505 2508
f 2502 2508 2503
usemtl graphite
v 1.125000 6.125000 3.125000
v 1.125000 6.125000 3.875000
v 1.125000 6.187500 3.875000
f 2509 2510 2511
v 1.125000 6.187500 3.125000
f 2509 2511 2512
v 1.875000 6.125000 3.875000
v 1.875000 6.125000 3.125000
v 1.875000 6.187500 3.125000
f 2513 2514 2515
v 1.875000 6.187500 3.875000
f 2513 2515 2516
f 2510 2509 2514
f 2510 2514 2513
f 2512 2511 2516
f 2512 2516 2515
f 2514 2509 2512
f 2514 2512 2515
f 2510 2513 2516
f 2510 2516 2511
usemtl steel
v 1.000000 6.000000 3.000000
v 1.000000 6.000000 4.000000
f 2517 2518 2502
f 2517 2502 2501
v 1.125000 6.000000 4.000000
v 1.125000 6.000000 3.000000
v 1.125000 6.187500 3.000000
f 2519 2520 2521
v 1.125000 6.187500 4.000000
f 2519 2521 2522
f 2518 2517 2520
f 2518 2520 2519
f 2501 2502 2522
f 2501 2522 2521
f 2520 2517 2501
f 2520 2501 2521
f 2518 2519 2522
f 2518 2522 2502
v 1.875000 6.000000 3.000000
v 1.875000 6.000000 4.000000
v 1.875000 6.187500 4.000000
f 2523 2524 2525
v 1.875000 6.187500 3.000000
f 2523 2525 2526
v 2.000000 6.000000 4.000000
v 2.000000 6.000000 3.000000
f 2527 2528 2506
f 2527 2506 2505
f 2524 2523 2528
f 2524 2528 2527
f 2526 2525 2505
f 2526 2505 2506
f 2528 2523 2526
f 2528 2526 2506
f 2524 2527 2505
f 2524 2505 2525
v 1.125000 6.000000 3.875000
f 2529 2519 2522
f 2529 2522 2511
v 1.875000 6.000000 3.875000
f 2524 2530 2516
f 2524 2516 2525
f 2519 2529 2530
f 2519 2530 2524
f 2511 2522 2525
f 2511 2525 2516
f 2530 2529 2511
f 2530 2511 2516
f 2519 2524 2525
f 2519 2525 2522
v 1.125000 6.000000 3.125000
f 2520 2531 2512
f 2520 2512 2521
v 1.875000 6.000000 3.125000
f 2532 2523 2526
f 2532 2526 2515
f 2531 2520 2523
f 2531 2523 2532
f 2521 2512 2515
f 2521 2515 2526
f 2523 2520 2521
f 2523 2521 2526
f 2531 2532 2515
f 2531 2515 2512
o panel_1_6_4
usemtl armor
v 1.000000 6.187500 4.000000
v 1.000000 6.187500 5.000000
v 1.000000 7.000000 5.000000
f 2533 2534 2535
v 1.000000 7.000000 4.000000
f 2533 2535 2536
v 2.000000 6.187500 5.000000
v 2.000000 6.187500 4.000000
v 2.000000 7.000000 4.000000
f 2537 2538 2539
v 2.000000 7.000000 5.000000
f 2537 2539 2540
f 2534 2533 2538
f 2534 2538 2537
f 2536 2535 2540
f 2536 2540 2539
f 2538 2533 2536
f 2538 2536 2539
f 2534 2537 2540
f 2534 2540 2535
usemtl graphite
v 1.125000 6.125000 4.125000
v 1.125000 6.125000 4.875000
v 1.125000 6.187500 4.875000
f 2541 2542 2543
v 1.125000 6.187500 4.125000
f 2541 2543 2544
v 1.875000 6.125000 4.875000
v 1.875000 6.125000 4.125000
v 1.875000 6.187500 4.125000
f 2545 2546 2547
v 1.875000 6.187500 4.875000
f 2545 2547 2548
f 2542 2541 2546
f 2542 2546 2545
f 2544 2543 2548
f 2544 2548 2547
f 2546 2541 2544
f 2546 2544 2547
f 2542 2545 2548
f 2542 2548 2543
usemtl steel
v 1.000000 6.000000 4.000000
v 1.000000 6.000000 5.000000
f 2549 2550 2534
f 2549 2534 2533
v 1.125000 6.000000 5.000000
v 1.125000 6.000000 4.000000
v 1.125000 6.187500 4.000000
f 2551 2552 2553
v 1.125000 6.187500 5.000000
f 2551 2553 2554
f 2550 2549 2552
f 2550 2552 2551
f 2533 2534 2554
f 2533 2554 2553
f 2552 2549 2533
f 2552 2533 2553
f 2550 2551 2554
f 2550 2554 2534
v 1.875000 6.000000 4.000000
v 1.875000 6.000000 5.000000
v 1.875000 6.187500 5.000000
f 2555 2556 2557
v 1.875000 6.187500 4.000000
f 2555 2557 2558
v 2.000000 6.000000 5.000000
v 2.000000 6.000000 4.000000
f 2559 2560 2538
f 2559 2538 2537
f 2556 2555 2560
f 2556 2560 2559
f 2558 2557 2537
f 2558 2537 2538
f 2560 2555 2558
f 2560 2558 2538
f 2556 2559 2537
f 2556 2537 2557
v 1.125000 6.000000 4.875000
f 2561 2551 2554
f 2561 2554 2543
v 1.875000 6.000000 4.875000
f 2556 2562 2548
f 2556 2548 2557
f 2551 2561 2562
f 2551 2562 2556
f 2543 2554 2557
f 2543 2557 2548
f 2562 2561 2543
f 2562 2543 2548
f 2551 2556 2557
f 2551 2557 2554
v 1.125000 6.000000 4.125000
f 2552 2563 2544
f 2552 2544 2553
v 1.875000 6.000000 4.125000
f 2564 2555 2558
f 2564 2558 2547
f 2563 2552 2555
f 2563 2555 2564
f 2553 2544 2547
f 2553 2547 2558
f 2555 2552 2553
f 2555 2553 2558
f 2563 2564 2547
f 2563 2547 2544
o panel_1_6_5
usemtl armor
v 1.000000 6.187500 5.000000
v 1.000000 6.187500 6.000000
v 1.000000 7.000000 6.000000
f 2565 2566 2567
v 1.000000 7.000000 5.000000
f 2565 2567 2568
v 2.000000 6.187500 6.000000
v 2.000000 6.187500 5.000000
v 2.000000 7.000000 5.000000
f 2569 2570 2571
v 2.000000 7.000000 6.000000
f 2569 2571 2572
f 2566 2565 2570
f 2566 2570 2569
f 2568 2567 2572
f 2568 2572 2571
f 2570 2565 2568
f 2570 2568 2571
f 2566 2569 2572
f 2566 2572 2567
usemtl graphite
v 1.125000 6.125000 5.125000
v 1.125000 6.125000 5.875000
v 1.125000 6.187500 5.875000
f 2573 2574 2575
v 1.125000 6.187500 5.125000
f 2573 2575 2576
v 1.875000 6.125000 5.875000
v 1.875000 6.125000 5.125000
v 1.875000 6.187500 5.125000
f 2577 2578 2579
v 1.875000 6.187500 5.875000
f 2577 2579 2580
f 2574 2573 2578
f 2574 2578 2577
f 2576 2575 2580
f 2576 2580 2579
f 2578 2573 2576
f 2578 2576 2579
f 2574 2577 2580
f 2574 2580 2575
usemtl steel
v 1.000000 6.000000 5.000000
v 1.000000 6.000000 6.000000
f 2581 2582 2566
f 2581 2566 2565
v 1.125000 6.000000 6.000000
v 1.125000 6.000000 5.000000
v 1.125000 6.187500 5.000000
f 2583 2584 2585
v 1.125000 6.187500 6.000000
f 2583 2585 2586
f 2582 2581 2584
f 2582 2584 2583
f 2565 2566 2586
f 2565 2586 2585
f 2584 2581 2565
f 2584 2565 2585
f 2582 2583 2586
f 2582 2586 2566
v 1.875000 6.000000 5.000000
v 1.875000 6.000000 6.000000
v 1.875000 6.187500 6.000000
f 2587 2588 2589
v 1.875000 6.187500 5.000000
f 2587 2589 2590
v 2.000000 6.000000 6.000000
v 2.000000 6.000000 5.000000
f 2591 2592 2570
f 2591 2570 2569
f 2588 2587 2592
f 2588 2592 2591
f 2590 2589 2569
f 2590 2569 2570
f 2592 2587 2590
f 2592 2590 2570
f 2588 2591 2569
f 2588 2569 2589
v 1.125000 6.000000 5.875000
f 2593 2583 2586
f 2593 2586 2575
v 1.875000 6.000000 5.875000
f 2588 2594 2580
f 2588 2580 2589
f 2583 2593 2594
f 2583 2594 2588
f 2575 2586 2589
f 2575 2589 2580
f 2594 2593 2575
f 2594 2575 2580
f 2583 2588 2589
f 2583 2589 2586
v 1.125000 6.000000 5.125000
f 2584 2595 2576
f 2584 2576 2585
v 1.875000 6.000000 5.125000
f 2596 2587 2590
f 2596 2590 2579
f 2595 2584 2587
f 2595 2587 2596
f 2585 2576 2579
f 2585 2579 2590
f 2587 2584 2585
f 2587 2585 2590
f 2595 2596 2579
f 2595 2579 2576
o frame_1_6_6
usemtl armor
v 1.000000 6.187500 6.187500
v 1.000000 6.187500 6.812500
v 1.000000 6.812500 6.812500
f 2597 2598 2599
v 1.000000 6.812500 6.187500
f 2597 2599 2600
v 2.000000 6.187500 6.812500
v 2.000000 6.187500 6.187500
v 2.000000 6.812500 6.187500
f 2601 2602 2603
v 2.000000 6.812500 6.812500
f 2601 2603 2604
f 2598 2597 2602
f 2598 2602 2601
f 2600 2599 2604
f 2600 2604 2603
f 2602 2597 2600
f 2602 2600 2603
f 2598 2601 2604
f 2598 2604 2599
usemtl steel
v 1.000000 6.000000 6.000000
v 1.000000 6.000000 6.187500
f 2605 2606 2597
v 1.000000 6.187500 6.000000
f 2605 2597 2607
v 2.000000 6.000000 6.187500
v 2.000000 6.000000 6.000000
v 2.000000 6.187500 6.000000
f 2608 2609 2610
f 2608 2610 2602
f 2606 2605 2609
f 2606 2609 2608
f 2607 2597 2602
f 2607 2602 2610
f 2609 2605 2607
f 2609 2607 2610
f 2606 2608 2602
f 2606 2602 2597
v 1.000000 6.000000 6.812500
v 1.000000 6.000000 7.000000
v 1.000000 6.187500 7.000000
f 2611 2612 2613
f 2611 2613 2598
v 2.000000 6.000000 7.000000
v 2.000000 6.000000 6.812500
f 2614 2615 2601
v 2.000000 6.187500 7.000000
f 2614 2601 2616
f 2612 2611 2615
f 2612 2615 2614
f 2598 2613 2616
f 2598 2616 2601
f 2615 2611 2598
f 2615 2598 2601
f 2612 2614 2616
f 2612 2616 2613
v 1.000000 6.812500 6.000000
v 1.000000 7.000000 6.187500
f 2617 2600 2618
v 1.000000 7.000000 6.000000
f 2617 2618 2619
v 2.000000 6.812500 6.000000
v 2.000000 7.000000 6.000000
f 2603 2620 2621
v 2.000000 7.000000 6.187500
f 2603 2621 2622
f 2600 2617 2620
f 2600 2620 2603
f 2619 2618 2622
f 2619 2622 2621
f 2620 2617 2619
f 2620 2619 2621
f 2600 2603 2622
f 2600 2622 2618
v 1.000000 6.812500 7.000000
v 1.000000 7.000000 7.000000
f 2599 2623 2624
v 1.000000 7.000000 6.812500
f 2599 2624 2625
v 2.000000 6.812500 7.000000
v 2.000000 7.000000 6.812500
f 2626 2604 2627
v 2.000000 7.000000 7.000000
f 2626 2627 2628
f 2623 2599 2604
f 2623 2604 2626
f 2625 2624 2628
f 2625 2628 2627
f 2604 2599 2625
f 2604 2625 2627
f 2623 2626 2628
f 2623 2628 2624
usemtl edge
v 1.000000 6.250000 6.062500
v 1.000000 6.250000 6.187500
v 1.000000 6.750000 6.187500
f 2629 2630 2631
v 1.000000 6.750000 6.062500
f 2629 2631 2632
v 2.000000 6.250000 6.187500
v 2.000000 6.250000 6.062500
v 2.000000 6.750000 6.062500
f 2633 2634 2635
v 2.000000 6.750000 6.187500
f 2633 2635 2636
f 2630 2629 2634
f 2630 2634 2633
f 2632 2631 2636
f 2632 2636 2635
f 2634 2629 2632
f 2634 2632 2635
f 2630 2633 2636
f 2630 2636 2631
v 1.000000 6.250000 6.812500
v 1.000000 6.250000 6.937500
v 1.000000 6.750000 6.937500
f 2637 2638 2639
v 1.000000 6.750000 6.812500
f 2637 2639 2640
v 2.000000 6.250000 6.937500
v 2.000000 6.250000 6.812500
v 2.000000 6.750000 6.812500
f 2641 2642 2643
v 2.000000 6.750000 6.937500
f 2641 2643 2644
f 2638 2637 2642
f 2638 2642 2641
f 2640 2639 2644
f 2640 2644 2643
f 2642 2637 2640
f 2642 2640 2643
f 2638 2641 2644
f 2638 2644 2639
v 1.000000 6.062500 6.250000
v 1.000000 6.062500 6.750000
v 1.000000 6.187500 6.750000
f 2645 2646 2647
v 1.000000 6.187500 6.250000
f 2645 2647 2648
v 2.000000 6.062500 6.750000
v 2.000000 6.062500 6.250000
v 2.000000 6.187500 6.250000
f 2649 2650 2651
v 2.000000 6.187500 6.750000
f 2649 2651 2652
f 2646 2645 2650
f 2646 2650 2649
f 2648 2647 2652
f 2648 2652 2651
f 2650 2645 2648
f 2650 2648 2651
f 2646 2649 2652
f 2646 2652 2647
v 1.000000 6.812500 6.250000
v 1.000000 6.812500 6.750000
v 1.000000 6.937500 6.750000
f 2653 2654 2655
v 1.000000 6.937500 6.250000
f 2653 2655 2656
v 2.000000 6.812500 6.750000
v 2.000000 6.812500 6.250000
v 2.000000 6.937500 6.250000
f 2657 2658 2659
v 2.000000 6.937500 6.750000
f 2657 2659 2660
f 2654 2653 2658
f 2654 2658 2657
f 2656 2655 2660
f 2656 2660 2659
f 2658 2653 2656
f 2658 2656 2659
f 2654 2657 2660
f 2654 2660 2655
o frame_2_0_0
usemtl armor
v 2.000000 0.187500 0.187500
v 2.000000 0.187500 0.812500
v 2.000000 0.812500 0.812500
f 2661 2662 2663
v 2.000000 0.812500 0.187500
f 2661 2663 2664
v 3.000000 0.187500 0.812500
v 3.000000 0.187500 0.187500
v 3.000000 0.812500 0.187500
f 2665 2666 2667
v 3.000000 0.812500 0.812500
f 2665 2667 2668
f 2662 2661 2666
f 2662 2666 2665
f 2664 2663 2668
f 2664 2668 2667
f 2666 2661 2664
f 2666 2664 2667
f 2662 2665 2668
f 2662 2668 2663
usemtl steel
v 2.000000 0.000000 0.000000
v 2.000000 0.000000 0.187500
f 2669 2670 2661
v 2.000000 0.187500 0.000000
f 2669 2661 2671
v 3.000000 0.000000 0.187500
v 3.000000 0.000000 0.000000
v 3.000000 0.187500 0.000000
f 2672 2673 2674
f 2672 2674 2666
f 2670 2669 2673
f 2670 2673 2672
f 2671 2661 2666
f 2671 2666 2674
f 2673 2669 2671
f 2673 2671 2674
f 2670 2672 2666
f 2670 2666 2661
v 2.000000 0.000000 0.812500
v 2.000000 0.000000 1.000000
v 2.000000 0.187500 1.000000
f 2675 2676 2677
f 2675 2677 2662
v 3.000000 0.000000 1.000000
v 3.000000 0.000000 0.812500
f 2678 2679 2665
v 3.000000 0.187500 1.000000
f 2678 2665 2680
f 2676 2675 2679
f 2676 2679 2678
f 2662 2677 2680
f 2662 2680 2665
f 2679 2675 2662
f 2679 2662 2665
f 2676 2678 2680
f 2676 2680 2677
v 2.000000 0.812500 0.000000
v 2.000000 1.000000 0.187500
f 2681 2664 2682
v 2.000000 1.000000 0.000000
f 2681 2682 2683
v 3.000000 0.812500 0.000000
v 3.000000 1.000000 0.000000
f 2667 2684 2685
v 3.000000 1.000000 0.187500
f 2667 2685 2686
f 2664 2681 2684
f 2664 2684 2667
f 2683 2682 2686
f 2683 2686 2685
f 2684 2681 2683
f 2684 2683 2685
f 2664 2667 2686
f 2664 2686 2682
v 2.000000 0.812500 1.000000
v 2.000000 1.000000 1.000000
f 2663 2687 2688
v 2.000000 1.000000 0.812500
f 2663 2688 2689
v 3.000000 0.812500 1.000000
v 3.000000 1.000000 0.812500
f 2690 2668 2691
v 3.000000 1.000000 1.000000
f 2690 2691 2692
f 2687 2663 2668
f 2687 2668 2690
f 2689 2688 2692
f 2689 2692 2691
f 2668 2663 2689
f 2668 2689 2691
f 2687 2690 2692
f 2687 2692 2688
usemtl edge
v 2.000000 0.250000 0.062500
v 2.000000 0.250000 0.187500
v 2.000000 0.750000 0.187500
f 2693 2694 2695
v 2.000000 0.750000 0.062500
f 2693 2695 2696
v 3.000000 0.250000 0.187500
v 3.000000 0.250000 0.062500
v 3.000000 0.750000 0.062500
f 2697 2698 2699
v 3.000000 0.750000 0.187500
f 2697 2699 2700
f 2694 2693 2698
f 2694 2698 2697
f 2696 2695 2700
f 2696 2700 2699
f 2698 2693 2696
f 2698 2696 2699
f 2694 2697 2700
f 2694 2700 2695
v 2.000000 0.250000 0.812500
v 2.000000 0.250000 0.937500
v 2.000000 0.750000 0.937500
f 2701 2702 2703
v 2.000000 0.750000 0.812500
f 2701 2703 2704
v 3.000000 0.250000 0.937500
v 3.000000 0.250000 0.812500
v 3.000000 0.750000 0.812500
f 2705 2706 2707
v 3.000000 0.750000 0.937500
f 2705 2707 2708
f 2702 2701 2706
f 2702 2706 2705
f 2704 2703 2708
f 2704 2708 2707
f 2706 2701 2704
f 2706 2704 2707
f 2702 2705 2708
f 2702 2708 2703
v 2.000000 0.062500 0.250000
v 2.000000 0.062500 0.750000
v 2.000000 0.187500 0.750000
f 2709 2710 2711
v 2.000000 0.187500 0.250000
f 2709 2711 2712
v 3.000000 0.062500 0.750000
v 3.000000 0.062500 0.250000
v 3.000000 0.187500 0.250000
f 2713 2714 2715
v 3.000000 0.187500 0.750000
f 2713 2715 2716
f 2710 2709 2714
f 2710 2714 2713
f 2712 2711 2716
f 2712 2716 2715
f 2714 2709 2712
f 2714 2712 2715
f 2710 2713 2716
f 2710 2716 2711
v 2.000000 0.812500 0.250000
v 2.000000 0.812500 0.750000
v 2.000000 0.937500 0.750000
f 2717 2718 2719
v 2.000000 0.937500 0.250000
f 2717 2719 2720
v 3.000000 0.812500 0.750000
v 3.000000 0.812500 0.250000
v 3.000000 0.937500 0.250000
f 2721 2722 2723
v 3.000000 0.937500 0.750000
f 2721 2723 2724
f 2718 2717 2722
f 2718 2722 2721
f 2720 2719 2724
f 2720 2724 2723
f 2722 2717 2720
f 2722 2720 2723
f 2718 2721 2724
f 2718 2724 2719
o panel_2_0_1
usemtl armor
v 2.000000 0.000000 1.000000
v 2.000000 0.000000 2.000000
v 2.000000 0.812500 2.000000
f 2725 2726 2727
v 2.000000 0.812500 1.000000
f 2725 2727 2728
v 3.000000 0.000000 2.000000
v 3.000000 0.000000 1.000000
v 3.000000 0.812500 1.000000
f 2729 2730 2731
v 3.000000 0.812500 2.000000
f 2729 2731 2732
f 2726 2725 2730
f 2726 2730 2729
f 2728 2727 2732
f 2728 2732 2731
f 2730 2725 2728
f 2730 2728 2731
f 2726 2729 2732
f 2726 2732 2727
usemtl graphite
v 2.125000 0.812500 1.125000
v 2.125000 0.812500 1.875000
v 2.125000 0.875000 1.875000
f 2733 2734 2735
v 2.125000 0.875000 1.125000
f 2733 2735 2736
v 2.875000 0.812500 1.875000
v 2.875000 0.812500 1.125000
v 2.875000 0.875000 1.125000
f 2737 2738 2739
v 2.875000 0.875000 1.875000
f 2737 2739 2740
f 2734 2733 2738
f 2734 2738 2737
f 2736 2735 2740
f 2736 2740 2739
f 2738 2733 2736
f 2738 2736 2739
f 2734 2737 2740
f 2734 2740 2735
usemtl steel
v 2.000000 1.000000 2.000000
f 2728 2727 2741
v 2.000000 1.000000 1.000000
f 2728 2741 2742
v 2.125000 0.812500 2.000000
v 2.125000 0.812500 1.000000
v 2.125000 1.000000 1.000000
f 2743 2744 2745
v 2.125000 1.000000 2.000000
f 2743 2745 2746
f 2727 2728 2744
f 2727 2744 2743
f 2742 2741 2746
f 2742 2746 2745
f 2744 2728 2742
f 2744 2742 2745
f 2727 2743 2746
f 2727 2746 2741
v 2.875000 0.812500 1.000000
v 2.875000 0.812500 2.000000
v 2.875000 1.000000 2.000000
f 2747 2748 2749
v 2.875000 1.000000 1.000000
f 2747 2749 2750
v 3.000000 1.000000 1.000000
f 2732 2731 2751
v 3.000000 1.000000 2.000000
f 2732 2751 2752
f 2748 2747 2731
f 2748 2731 2732
f 2750 2749 2752
f 2750 2752 2751
f 2731 2747 2750
f 2731 2750 2751
f 2748 2732 2752
f 2748 2752 2749
v 2.125000 1.000000 1.125000
f 2744 2733 2753
f 2744 2753 2745
f 2738 2747 2750
v 2.875000 1.000000 1.125000
f 2738 2750 2754
f 2733 2744 2747
f 2733 2747 2738
f 2745 2753 2754
f 2745 2754 2750
f 2747 2744 2745
f 2747 2745 2750
f 2733 2738 2754
f 2733 2754 2753
f 2734 2743 2746
v 2.125000 1.000000 1.875000
f 2734 2746 2755
v 2.875000 1.000000 1.875000
f 2748 2737 2756
f 2748 2756 2749
f 2743 2734 2737
f 2743 2737 2748
f 2755 2746 2749
f 2755 2749 2756
f 2737 2734 2755
f 2737 2755 2756
f 2743 2748 2749
f 2743 2749 2746
o panel_2_0_2
usemtl armor
v 2.000000 0.000000 2.000000
v 2.000000 0.000000 3.000000
v 2.000000 0.812500 3.000000
f 2757 2758 2759
v 2.000000 0.812500 2.000000
f 2757 2759 2760
v 3.000000 0.000000 3.000000
v 3.000000 0.000000 2.000000
v 3.000000 0.812500 2.000000
f 2761 2762 2763
v 3.000000 0.812500 3.000000
f 2761 2763 2764
f 2758 2757 2762
f 2758 2762 2761
f 2760 2759 2764
f 2760 2764 2763
f 2762 2757 2760
f 2762 2760 2763
f 2758 2761 2764
f 2758 2764 2759
usemtl graphite
v 2.125000 0.812500 2.125000
v 2.125000 0.812500 2.875000
v 2.125000 0.875000 2.875000
f 2765 2766 2767
v 2.125000 0.875000 2.125000
f 2765 2767 2768
v 2.875000 0.812500 2.875000
v 2.875000 0.812500 2.125000
v 2.875000 0.875000 2.125000
f 2769 2770 2771
v 2.875000 0.875000 2.875000
f 2769 2771 2772
f 2766 2765 2770
f 2766 2770 2769
f 2768 2767 2772
f 2768 2772 2771
f 2770 2765 2768
f 2770 2768 2771
f 2766 2769 2772
f 2766 2772 2767
usemtl steel
v 2.000000 1.000000 3.000000
f 2760 2759 2773
v 2.000000 1.000000 2.000000
f 2760 2773 2774
v 2.125000 0.812500 3.000000
v 2.125000 0.812500 2.000000
v 2.125000 1.000000 2.000000
f 2775 2776 2777
v 2.125000 1.000000 3.000000
f 2775 2777 2778
f 2759 2760 2776
f 2759 2776 2775
f 2774 2773 2778
f 2774 2778 2777
f 2776 2760 2774
f 2776 2774 2777
f 2759 2775 2778
f 2759 2778 2773
v 2.875000 0.812500 2.000000
v 2.875000 0.812500 3.000000
v 2.875000 1.000000 3.000000
f 2779 2780 2781
v 2.875000 1.000000 2.000000
f 2779 2781 2782
v 3.000000 1.000000 2.000000
f 2764 2763 2783
v 3.000000 1.000000 3.000000
f 2764 2783 2784
f 2780 2779 2763
f 2780 2763 2764
f 2782 2781 2784
f 2782 2784 2783
f 2763 2779 2782
f 2763 2782 2783
f 2780 2764 2784
f 2780 2784 2781
v 2.125000 1.000000 2.125000
f 2776 2765 2785
f 2776 2785 2777
f 2770 2779 2782
v 2.875000 1.000000 2.125000
f 2770 2782 2786
f 2765 2776 2779
f 2765 2779 2770
f 2777 2785 2786
f 2777 2786 2782
f 2779 2776 2777
f 2779 2777 2782
f 2765 2770 2786
f 2765 2786 2785
f 2766 2775 2778
v 2.125000 1.000000 2.875000
f 2766 2778 2787
v 2.875000 1.000000 2.875000
f 2780 2769 2788
f 2780 2788 2781
f 2775 2766 2769
f 2775 2769 2780
f 2787 2778 2781
f 2787 2781 2788
f 2769 2766 2787
f 2769 2787 2788
f 2775 2780 2781
f 2775 2781 2778
o panel_2_0_3
usemtl armor
v 2.000000 0.000000 3.000000
v 2.000000 0.000000 4.000000
v 2.000000 0.812500 4.000000
f 2789 2790 2791
v 2.000000 0.812500 3.000000
f 2789 2791 2792
v 3.000000 0.000000 4.000000
v 3.000000 0.000000 3.000000
v 3.000000 0.812500 3.000000
f 2793 2794 2795
v 3.000000 0.812500 4.000000
f 2793 2795 2796
f 2790 2789 2794
f 2790 2794 2793
f 2792 2791 2796
f 2792 2796 2795
f 2794 2789 2792
f 2794 2792 2795
f 2790 2793 2796
f 2790 2796 2791
usemtl graphite
v 2.125000 0.812500 3.125000
v 2.125000 0.812500 3.875000
v 2.125000 0.875000 3.875000
f 2797 2798 2799
v 2.125000 0.875000 3.125000
f 2797 2799 2800
v 2.875000 0.812500 3.875000
v 2.875000 0.812500 3.125000
v 2.875000 0.875000 3.125000
f 2801 2802 2803
v 2.875000 0.875000 3.875000
f 2801 2803 2804
f 2798 2797 2802
f 2798 2802 2801
f 2800 2799 2804
f 2800 2804 2803
f 2802 2797 2800
f 2802 2800 2803
f 2798 2801 2804
f 2798 2804 2799
usemtl steel
v 2.000000 1.000000 4.000000
f 2792 2791 2805
v 2.000000 1.000000 3.000000
f 2792 2805 2806
v 2.125000 0.812500 4.000000
v 2.125000 0.812500 3.000000
v 2.125000 1.000000 3.000000
f 2807 2808 2809
v 2.125000 1.000000 4.000000
f 2807 2809 2810
f 2791 2792 2808
f 2791 2808 2807
f 2806 2805 2810
f 2806 2810 2809
f 2808 2792 2806
f 2808 2806 2809
f 2791 2807 2810
f 2791 2810 2805
v 2.875000 0.812500 3.000000
v 2.875000 0.812500 4.000000
v 2.875000 1.000000 4.000000
f 2811 2812 2813
v 2.875000 1.000000 3.000000
f 2811 2813 2814
v 3.000000 1.000000 3.000000
f 2796 2795 2815
v 3.000000 1.000000 4.000000
f 2796 2815 2816
f 2812 2811 2795
f 2812 2795 2796
f 2814 2813 2816
f 2814 2816 2815
f 2795 2811 2814
f 2795 2814 2815
f 2812 2796 2816
f 2812 2816 2813
v 2.125000 1.000000 3.125000
f 2808 2797 2817
f 2808 2817 2809
f 2802 2811 2814
v 2.875000 1.000000 3.125000
f 2802 2814 2818
f 2797 2808 2811
f 2797 2811 2802
f 2809 2817 2818
f 2809 2818 2814
f 2811 2808 2809
f 2811 2809 2814
f 2797 2802 2818
f 2797 2818 2817
f 2798 2807 2810
v 2.125000 1.000000 3.875000
f 2798 2810 2819
v 2.875000 1.000000 3.875000
f 2812 2801 2820
f 2812 2820 2813
f 2807 2798 2801
f 2807 2801 2812
f 2819 2810 2813
f 2819 2813 2820
f 2801 2798 2819
f 2801 2819 2820
f 2807 2812 2813
f 2807 2813 2810
o panel_2_0_4
usemtl armor
v 2.000000 0.000000 4.000000
v 2.000000 0.000000 5.000000
v 2.000000 0.812500 5.000000
f 2821 2822 2823
v 2.000000 0.812500 4.000000
f 2821 2823 2824
v 3.000000 0.000000 5.000000
v 3.000000 0.000000 4.000000
v 3.000000 0.812500 4.000000
f 2825 2826 2827
v 3.000000 0.812500 5.000000
f 2825 2827 2828
f 2822 2821 2826
f 2822 2826 2825
f 2824 2823 2828
f 2824 2828 2827
f 2826 2821 2824
f 2826 2824 2827
f 2822 2825 2828
f 2822 2828 2823
usemtl graphite
v 2.125000 0.812500 4.125000
v 2.125000 0.812500 4.875000
v 2.125000 0.875000 4.875000
f 2829 2830 2831
v 2.125000 0.875000 4.125000
f 2829 2831 2832
v 2.875000 0.812500 4.875000
v 2.875000 0.812500 4.125000
v 2.875000 0.875000 4.125000
f 2833 2834 2835
v 2.875000 0.875000 4.875000
f 2833 2835 2836
f 2830 2829 2834
f 2830 2834 2833
f 2832 2831 2836
f 2832 2836 2835
f 2834 2829 2832
f 2834 2832 2835
f 2830 2833 2836
f 2830 2836 2831
usemtl steel
v 2.000000 1.000000 5.000000
f 2824 2823 2837
v 2.000000 1.000000 4.000000
f 2824 2837 2838
v 2.125000 0.812500 5.000000
v 2.125000 0.812500 4.000000
v 2.125000 1.000000 4.000000
f 2839 2840 2841
v 2.125000 1.000000 5.000000
f 2839 2841 2842
f 2823 2824 2840
f 2823 2840 2839
f 2838 2837 2842
f 2838 2842 2841
f 2840 2824 2838
f 2840 2838 2841
f 2823 2839 2842
f 2823 2842 2837
v 2.875000 0.812500 4.000000
v 2.875000 0.812500 5.000000
v 2.875000 1.000000 5.000000
f 2843 2844 2845
v 2.875000 1.000000 4.000000
f 2843 2845 2846
v 3.000000 1.000000 4.000000
f 2828 2827 2847
v 3.000000 1.000000 5.000000
f 2828 2847 2848
f 2844 2843 2827
f 2844 2827 2828
f 2846 2845 2848
f 2846 2848 2847
f 2827 2843 2846
f 2827 2846 2847
f 2844 2828 2848
f 2844 2848 2845
v 2.125000 1.000000 4.125000
f 2840 2829 2849
f 2840 2849 2841
f 2834 2843 2846
v 2.875000 1.000000 4.125000
f 2834 2846 2850
f 2829 2840 2843
f 2829 2843 2834
f 2841 2849 2850
f 2841 2850 2846
f 2843 2840 2841
f 2843 2841 2846
f 2829 2834 2850
f 2829 2850 2849
f 2830 2839 2842
v 2.125000 1.000000 4.875000
f 2830 2842 2851
v 2.875000 1.000000 4.875000
f 2844 2833 2852
f 2844 2852 2845
f 2839 2830 2833
f 2839 2833 2844
f 2851 2842 2845
f 2851 2845 2852
f 2833 2830 2851
f 2833 2851 2852
f 2839 2844 2845
f 2839 2845 2842
o panel_2_0_5
usemtl armor
v 2.000000 0.000000 5.000000
v 2.000000 0.000000 6.000000
v 2.000000 0.812500 6.000000
f 2853 2854 2855
v 2.000000 0.812500 5.000000
f 2853 2855 2856
v 3.000000 0.000000 6.000000
v 3.000000 0.000000 5.000000
v 3.000000 0.812500 5.000000
f 2857 2858 2859
v 3.000000 0.812500 6.000000
f 2857 2859 2860
f 2854 2853 2858
f 2854 2858 2857
f 2856 2855 2860
f 2856 2860 2859
f 2858 2853 2856
f 2858 2856 2859
f 2854 2857 2860
f 2854 2860 2855
usemtl graphite
v 2.125000 0.812500 5.125000
v 2.125000 0.812500 5.875000
v 2.125000 0.875000 5.875000
f 2861 2862 2863
v 2.125000 0.875000 5.125000
f 2861 2863 2864
v 2.875000 0.812500 5.875000
v 2.875000 0.812500 5.125000
v 2.875000 0.875000 5.125000
f 2865 2866 2867
v 2.875000 0.875000 5.875000
f 2865 2867 2868
f 2862 2861 2866
f 2862 2866 2865
f 2864 2863 2868
f 2864 2868 2867
f 2866 2861 2864
f 2866 2864 2867
f 2862 2865 2868
f 2862 2868 2863
usemtl steel
v 2.000000 1.000000 6.000000
f 2856 2855 2869
v 2.000000 1.000000 5.000000
f 2856 2869 2870
v 2.125000 0.812500 6.000000
v 2.125000 0.812500 5.000000
v 2.125000 1.000000 5.000000
f 2871 2872 2873
v 2.125000 1.000000 6.000000
f 2871 2873 2874
f 2855 2856 2872
f 2855 2872 2871
f 2870 2869 2874
f 2870 2874 2873
f 2872 2856 2870
f 2872 2870 2873
f 2855 2871 2874
f 2855 2874 2869
v 2.875000 0.812500 5.000000
v 2.875000 0.812500 6.000000
v 2.875000 1.000000 6.000000
f 2875 2876 2877
v 2.875000 1.000000 5.000000
f 2875 2877 2878
v 3.000000 1.000000 5.000000
f 2860 2859 2879
v 3.000000 1.000000 6.000000
f 2860 2879 2880
f 2876 2875 2859
f 2876 2859 2860
f 2878 2877 2880
f 2878 2880 2879
f 2859 2875 2878
f 2859 2878 2879
f 2876 2860 2880
f 2876 2880 2877
v 2.125000 1.000000 5.125000
f 2872 2861 2881
f 2872 2881 2873
f 2866 2875 2878
v 2.875000 1.000000 5.125000
f 2866 2878 2882
f 2861 2872 2875
f 2861 2875 2866
f 2873 2881 2882
f 2873 2882 2878
f 2875 2872 2873
f 2875 2873 2878
f 2861 2866 2882
f 2861 2882 2881
f 2862 2871 2874
v 2.125000 1.000000 5.875000
f 2862 2874 2883
v 2.875000 1.000000 5.875000
f 2876 2865 2884
f 2876 2884 2877
f 2871 2862 2865
f 2871 2865 2876
f 2883 2874 2877
f 2883 2877 2884
f 2865 2862 2883
f 2865 2883 2884
f 2871 2876 2877
f 2871 2877 2874
o frame_2_0_6
usemtl armor
v 2.000000 0.187500 6.187500
v 2.000000 0.187500 6.812500
v 2.000000 0.812500 6.812500
f 2885 2886 2887
v 2.000000 0.812500 6.187500
f 2885 2887 2888
v 3.000000 0.187500 6.812500
v 3.000000 0.187500 6.187500
v 3.000000 0.812500 6.187500
f 2889 2890 2891
v 3.000000 0.812500 6.812500
f 2889 2891 2892
f 2886 2885 2890
f 2886 2890 2889
f 2888 2887 2892
f 2888 2892 2891
f 2890 2885 2888
f 2890 2888 2891
f 2886 2889 2892
f 2886 2892 2887
usemtl steel
v 2.000000 0.000000 6.000000
v 2.000000 0.000000 6.187500
f 2893 2894 2885
v 2.000000 0.187500 6.000000
f 2893 2885 2895
v 3.000000 0.000000 6.187500
v 3.000000 0.000000 6.000000
v 3.000000 0.187500 6.000000
f 2896 2897 2898
f 2896 2898 2890
f 2894 2893 2897
f 2894 2897 2896
f 2895 2885 2890
f 2895 2890 2898
f 2897 2893 2895
f 2897 2895 2898
f 2894 2896 2890
f 2894 2890 2885
v 2.000000 0.000000 6.812500
v 2.000000 0.000000 7.000000
v 2.000000 0.187500 7.000000
f 2899 2900 2901
f 2899 2901 2886
v 3.000000 0.000000 7.000000
v 3.000000 0.000000 6.812500
f 2902 2903 2889
v 3.000000 0.187500 7.000000
f 2902 2889 2904
f 2900 2899 2903
f 2900 2903 2902
f 2886 2901 2904
f 2886 2904 2889
f 2903 2899 2886
f 2903 2886 2889
f 2900 2902 2904
f 2900 2904 2901
v 2.000000 0.812500 6.000000
v 2.000000 1.000000 6.187500
f 2905 2888 2906
v 2.000000 1.000000 6.000000
f 2905 2906 2907
v 3.000000 0.812500 6.000000
v 3.000000 1.000000 6.000000
f 2891 2908 2909
v 3.000000 1.000000 6.187500
f 2891 2909 2910
f 2888 2905 2908
f 2888 2908 2891
f 2907 2906 2910
f 2907 2910 2909
f 2908 2905 2907
f 2908 2907 2909
f 2888 2891 2910
f 2888 2910 2906
v 2.000000 0.812500 7.000000
v 2.000000 1.000000 7.000000
f 2887 2911 2912
v 2.000000 1.000000 6.812500
f 2887 2912 2913
v 3.000000 0.812500 7.000000
v 3.000000 1.000000 6.812500
f 2914 2892 2915
v 3.000000 1.000000 7.000000
f 2914 2915 2916
f 2911 2887 2892
f 2911 2892 2914
f 2913 2912 2916
f 2913 2916 2915
f 2892 2887 2913
f 2892 2913 2915
f 2911 2914 2916
f 2911 2916 2912
usemtl edge
v 2.000000 0.250000 6.062500
v 2.000000 0.250000 6.187500
v 2.000000 0.750000 6.187500
f 2917 2918 2919
v 2.000000 0.750000 6.062500
f 2917 2919 2920
v 3.000000 0.250000 6.187500
v 3.000000 0.250000 6.062500
v 3.000000 0.750000 6.062500
f 2921 2922 2923
v 3.000000 0.750000 6.187500
f 2921 2923 2924
f 2918 2917 2922
f 2918 2922 2921
f 2920 2919 2924
f 2920 2924 2923
f 2922 2917 2920
f 2922 2920 2923
f 2918 2921 2924
f 2918 2924 2919
v 2.000000 0.250000 6.812500
v 2.000000 0.250000 6.937500
v 2.000000 0.750000 6.937500
f 2925 2926 2927
v 2.000000 0.750000 6.812500
f 2925 2927 2928
v 3.000000 0.250000 6.937500
v 3.000000 0.250000 6.812500
v 3.000000 0.750000 6.812500
f 2929 2930 2931
v 3.000000 0.750000 6.937500
f 2929 2931 2932
f 2926 2925 2930
f 2926 2930 2929
f 2928 2927 2932
f 2928 2932 2931
f 2930 2925 2928
f 2930 2928 2931
f 2926 2929 2932
f 2926 2932 2927
v 2.000000 0.062500 6.250000
v 2.000000 0.062500 6.750000
v 2.000000 0.187500 6.750000
f 2933 2934 2935
v 2.000000 0.187500 6.250000
f 2933 2935 2936
v 3.000000 0.062500 6.750000
v 3.000000 0.062500 6.250000
v 3.000000 0.187500 6.250000
f 2937 2938 2939
v 3.000000 0.187500 6.750000
f 2937 2939 2940
f 2934 2933 2938
f 2934 2938 2937
f 2936 2935 2940
f 2936 2940 2939
f 2938 2933 2936
f 2938 2936 2939
f 2934 2937 2940
f 2934 2940 2935
v 2.000000 0.812500 6.250000
v 2.000000 0.812500 6.750000
v 2.000000 0.937500 6.750000
f 2941 2942 2943
v 2.000000 0.937500 6.250000
f 2941 2943 2944
v 3.000000 0.812500 6.750000
v 3.000000 0.812500 6.250000
v 3.000000 0.937500 6.250000
f 2945 2946 2947
v 3.000000 0.937500 6.750000
f 2945 2947 2948
f 2942 2941 2946
f 2942 2946 2945
f 2944 2943 2948
f 2944 2948 2947
f 2946 2941 2944
f 2946 2944 2947
f 2942 2945 2948
f 2942 2948 2943
o output_2_1_6
usemtl armor
v 2.000000 1.000000 6.000000
v 2.000000 1.000000 6.812500
v 2.000000 2.000000 6.812500
f 2949 2950 2951
v 2.000000 2.000000 6.000000
f 2949 2951 2952
v 3.000000 1.000000 6.812500
v 3.000000 1.000000 6.000000
v 3.000000 2.000000 6.000000
f 2953 2954 2955
v 3.000000 2.000000 6.812500
f 2953 2955 2956
f 2950 2949 2954
f 2950 2954 2953
f 2952 2951 2956
f 2952 2956 2955
f 2954 2949 2952
f 2954 2952 2955
f 2950 2953 2956
f 2950 2956 2951
usemtl graphite
v 2.125000 1.125000 6.812500
v 2.125000 1.125000 6.875000
v 2.125000 1.875000 6.875000
f 2957 2958 2959
v 2.125000 1.875000 6.812500
f 2957 2959 2960
v 2.875000 1.125000 6.875000
v 2.875000 1.125000 6.812500
v 2.875000 1.875000 6.812500
f 2961 2962 2963
v 2.875000 1.875000 6.875000
f 2961 2963 2964
f 2958 2957 2962
f 2958 2962 2961
f 2960 2959 2964
f 2960 2964 2963
f 2962 2957 2960
f 2962 2960 2963
f 2958 2961 2964
f 2958 2964 2959
usemtl steel
v 2.875000 1.000000 6.812500
v 2.875000 1.000000 7.000000
v 2.875000 2.000000 7.000000
f 2965 2966 2967
v 2.875000 2.000000 6.812500
f 2965 2967 2968
v 3.000000 1.000000 7.000000
f 2969 2953 2956
v 3.000000 2.000000 7.000000
f 2969 2956 2970
f 2966 2965 2953
f 2966 2953 2969
f 2968 2967 2970
f 2968 2970 2956
f 2953 2965 2968
f 2953 2968 2956
f 2966 2969 2970
f 2966 2970 2967
v 2.000000 1.000000 7.000000
v 2.000000 2.000000 7.000000
f 2950 2971 2972
f 2950 2972 2951
v 2.125000 1.000000 7.000000
v 2.125000 1.000000 6.812500
v 2.125000 2.000000 6.812500
f 2973 2974 2975
v 2.125000 2.000000 7.000000
f 2973 2975 2976
f 2971 2950 2974
f 2971 2974 2973
f 2951 2972 2976
f 2951 2976 2975
f 2974 2950 2951
f 2974 2951 2975
f 2971 2973 2976
f 2971 2976 2972
v 2.125000 1.125000 7.000000
f 2974 2973 2977
f 2974 2977 2957
f 2966 2965 2962
v 2.875000 1.125000 7.000000
f 2966 2962 2978
f 2973 2974 2965
f 2973 2965 2966
f 2957 2977 2978
f 2957 2978 2962
f 2965 2974 2957
f 2965 2957 2962
f 2973 2966 2978
f 2973 2978 2977
v 2.125000 1.875000 7.000000
f 2960 2979 2976
f 2960 2976 2975
v 2.875000 1.875000 7.000000
f 2980 2963 2968
f 2980 2968 2967
f 2979 2960 2963
f 2979 2963 2980
f 2975 2976 2967
f 2975 2967 2968
f 2963 2960 2975
f 2963 2975 2968
f 2979 2980 2967
f 2979 2967 2976
v 2.625000 1.250000 6.875000
v 2.625000 1.250000 7.062500
v 2.625000 1.750000 7.062500
f 2981 2982 2983
v 2.625000 1.750000 6.875000
f 2981 2983 2984
v 2.750000 1.250000 7.062500
v 2.750000 1.250000 6.875000
v 2.750000 1.750000 6.875000
f 2985 2986 2987
v 2.750000 1.750000 7.062500
f 2985 2987 2988
f 2982 2981 2986
f 2982 2986 2985
f 2984 2983 2988
f 2984 2988 2987
f 2986 2981 2984
f 2986 2984 2987
f 2982 2985 2988
f 2982 2988 2983
v 2.250000 1.250000 6.875000
v 2.250000 1.250000 7.062500
v 2.250000 1.750000 7.062500
f 2989 2990 2991
v 2.250000 1.750000 6.875000
f 2989 2991 2992
v 2.375000 1.250000 7.062500
v 2.375000 1.250000 6.875000
v 2.375000 1.750000 6.875000
f 2993 2994 2995
v 2.375000 1.750000 7.062500
f 2993 2995 2996
f 2990 2989 2994
f 2990 2994 2993
f 2992 2991 2996
f 2992 2996 2995
f 2994 2989 2992
f 2994 2992 2995
f 2990 2993 2996
f 2990 2996 2991
v 2.375000 1.375000 7.062500
f 2994 2993 2997
v 2.375000 1.375000 6.875000
f 2994 2997 2998
v 2.625000 1.375000 6.875000
f 2982 2981 2999
v 2.625000 1.375000 7.062500
f 2982 2999 3000
f 2993 2994 2981
f 2993 2981 2982
f 2998 2997 3000
f 2998 3000 2999
f 2981 2994 2998
f 2981 2998 2999
f 2993 2982 3000
f 2993 3000 2997
v 2.375000 1.625000 6.875000
v 2.375000 1.625000 7.062500
f 3001 3002 2996
f 3001 2996 2995
v 2.625000 1.625000 7.062500
v 2.625000 1.625000 6.875000
f 3003 3004 2984
f 3003 2984 2983
f 3002 3001 3004
f 3002 3004 3003
f 2995 2996 2983
f 2995 2983 2984
f 3004 3001 2995
f 3004 2995 2984
f 3002 3003 2983
f 3002 2983 2996
usemtl recess
v 2.375000 1.375000 6.937500
v 2.375000 1.625000 6.937500
f 2998 3005 3006
f 2998 3006 3001
v 2.625000 1.375000 6.937500
f 3007 2999 3004
v 2.625000 1.625000 6.937500
f 3007 3004 3008
f 3005 2998 2999
f 3005 2999 3007
f 3001 3006 3008
f 3001 3008 3004
f 2999 2998 3001
f 2999 3001 3004
f 3005 3007 3008
f 3005 3008 3006
usemtl orbit
v 2.437500 1.812500 7.000000
v 2.437500 1.812500 7.015625
v 2.437500 1.875000 7.015625
f 3009 3010 3011
v 2.437500 1.875000 7.000000
f 3009 3011 3012
v 2.562500 1.812500 7.015625
v 2.562500 1.812500 7.000000
v 2.562500 1.875000 7.000000
f 3013 3014 3015
v 2.562500 1.875000 7.015625
f 3013 3015 3016
f 3010 3009 3014
f 3010 3014 3013
f 3012 3011 3016
f 3012 3016 3015
f 3014 3009 3012
f 3014 3012 3015
f 3010 3013 3016
f 3010 3016 3011
o frame_2_6_0
usemtl armor
v 2.000000 6.187500 0.187500
v 2.000000 6.187500 0.812500
v 2.000000 6.812500 0.812500
f 3017 3018 3019
v 2.000000 6.812500 0.187500
f 3017 3019 3020
v 3.000000 6.187500 0.812500
v 3.000000 6.187500 0.187500
v 3.000000 6.812500 0.187500
f 3021 3022 3023
v 3.000000 6.812500 0.812500
f 3021 3023 3024
f 3018 3017 3022
f 3018 3022 3021
f 3020 3019 3024
f 3020 3024 3023
f 3022 3017 3020
f 3022 3020 3023
f 3018 3021 3024
f 3018 3024 3019
usemtl steel
v 2.000000 6.000000 0.000000
v 2.000000 6.000000 0.187500
f 3025 3026 3017
v 2.000000 6.187500 0.000000
f 3025 3017 3027
v 3.000000 6.000000 0.187500
v 3.000000 6.000000 0.000000
v 3.000000 6.187500 0.000000
f 3028 3029 3030
f 3028 3030 3022
f 3026 3025 3029
f 3026 3029 3028
f 3027 3017 3022
f 3027 3022 3030
f 3029 3025 3027
f 3029 3027 3030
f 3026 3028 3022
f 3026 3022 3017
v 2.000000 6.000000 0.812500
v 2.000000 6.000000 1.000000
v 2.000000 6.187500 1.000000
f 3031 3032 3033
f 3031 3033 3018
v 3.000000 6.000000 1.000000
v 3.000000 6.000000 0.812500
f 3034 3035 3021
v 3.000000 6.187500 1.000000
f 3034 3021 3036
f 3032 3031 3035
f 3032 3035 3034
f 3018 3033 3036
f 3018 3036 3021
f 3035 3031 3018
f 3035 3018 3021
f 3032 3034 3036
f 3032 3036 3033
v 2.000000 6.812500 0.000000
v 2.000000 7.000000 0.187500
f 3037 3020 3038
v 2.000000 7.000000 0.000000
f 3037 3038 3039
v 3.000000 6.812500 0.000000
v 3.000000 7.000000 0.000000
f 3023 3040 3041
v 3.000000 7.000000 0.187500
f 3023 3041 3042
f 3020 3037 3040
f 3020 3040 3023
f 3039 3038 3042
f 3039 3042 3041
f 3040 3037 3039
f 3040 3039 3041
f 3020 3023 3042
f 3020 3042 3038
v 2.000000 6.812500 1.000000
v 2.000000 7.000000 1.000000
f 3019 3043 3044
v 2.000000 7.000000 0.812500
f 3019 3044 3045
v 3.000000 6.812500 1.000000
v 3.000000 7.000000 0.812500
f 3046 3024 3047
v 3.000000 7.000000 1.000000
f 3046 3047 3048
f 3043 3019 3024
f 3043 3024 3046
f 3045 3044 3048
f 3045 3048 3047
f 3024 3019 3045
f 3024 3045 3047
f 3043 3046 3048
f 3043 3048 3044
usemtl edge
v 2.000000 6.250000 0.062500
v 2.000000 6.250000 0.187500
v 2.000000 6.750000 0.187500
f 3049 3050 3051
v 2.000000 6.750000 0.062500
f 3049 3051 3052
v 3.000000 6.250000 0.187500
v 3.000000 6.250000 0.062500
v 3.000000 6.750000 0.062500
f 3053 3054 3055
v 3.000000 6.750000 0.187500
f 3053 3055 3056
f 3050 3049 3054
f 3050 3054 3053
f 3052 3051 3056
f 3052 3056 3055
f 3054 3049 3052
f 3054 3052 3055
f 3050 3053 3056
f 3050 3056 3051
v 2.000000 6.250000 0.812500
v 2.000000 6.250000 0.937500
v 2.000000 6.750000 0.937500
f 3057 3058 3059
v 2.000000 6.750000 0.812500
f 3057 3059 3060
v 3.000000 6.250000 0.937500
v 3.000000 6.250000 0.812500
v 3.000000 6.750000 0.812500
f 3061 3062 3063
v 3.000000 6.750000 0.937500
f 3061 3063 3064
f 3058 3057 3062
f 3058 3062 3061
f 3060 3059 3064
f 3060 3064 3063
f 3062 3057 3060
f 3062 3060 3063
f 3058 3061 3064
f 3058 3064 3059
v 2.000000 6.062500 0.250000
v 2.000000 6.062500 0.750000
v 2.000000 6.187500 0.750000
f 3065 3066 3067
v 2.000000 6.187500 0.250000
f 3065 3067 3068
v 3.000000 6.062500 0.750000
v 3.000000 6.062500 0.250000
v 3.000000 6.187500 0.250000
f 3069 3070 3071
v 3.000000 6.187500 0.750000
f 3069 3071 3072
f 3066 3065 3070
f 3066 3070 3069
f 3068 3067 3072
f 3068 3072 3071
f 3070 3065 3068
f 3070 3068 3071
f 3066 3069 3072
f 3066 3072 3067
v 2.000000 6.812500 0.250000
v 2.000000 6.812500 0.750000
v 2.000000 6.937500 0.750000
f 3073 3074 3075
v 2.000000 6.937500 0.250000
f 3073 3075 3076
v 3.000000 6.812500 0.750000
v 3.000000 6.812500 0.250000
v 3.000000 6.937500 0.250000
f 3077 3078 3079
v 3.000000 6.937500 0.750000
f 3077 3079 3080
f 3074 3073 3078
f 3074 3078 3077
f 3076 3075 3080
f 3076 3080 3079
f 3078 3073 3076
f 3078 3076 3079
f 3074 3077 3080
f 3074 3080 3075
o panel_2_6_1
usemtl armor
v 2.000000 6.187500 1.000000
v 2.000000 6.187500 2.000000
v 2.000000 7.000000 2.000000
f 3081 3082 3083
v 2.000000 7.000000 1.000000
f 3081 3083 3084
v 3.000000 6.187500 2.000000
v 3.000000 6.187500 1.000000
v 3.000000 7.000000 1.000000
f 3085 3086 3087
v 3.000000 7.000000 2.000000
f 3085 3087 3088
f 3082 3081 3086
f 3082 3086 3085
f 3084 3083 3088
f 3084 3088 3087
f 3086 3081 3084
f 3086 3084 3087
f 3082 3085 3088
f 3082 3088 3083
usemtl graphite
v 2.125000 6.125000 1.125000
v 2.125000 6.125000 1.875000
v 2.125000 6.187500 1.875000
f 3089 3090 3091
v 2.125000 6.187500 1.125000
f 3089 3091 3092
v 2.875000 6.125000 1.875000
v 2.875000 6.125000 1.125000
v 2.875000 6.187500 1.125000
f 3093 3094 3095
v 2.875000 6.187500 1.875000
f 3093 3095 3096
f 3090 3089 3094
f 3090 3094 3093
f 3092 3091 3096
f 3092 3096 3095
f 3094 3089 3092
f 3094 3092 3095
f 3090 3093 3096
f 3090 3096 3091
usemtl steel
v 2.000000 6.000000 1.000000
v 2.000000 6.000000 2.000000
f 3097 3098 3082
f 3097 3082 3081
v 2.125000 6.000000 2.000000
v 2.125000 6.000000 1.000000
v 2.125000 6.187500 1.000000
f 3099 3100 3101
v 2.125000 6.187500 2.000000
f 3099 3101 3102
f 3098 3097 3100
f 3098 3100 3099
f 3081 3082 3102
f 3081 3102 3101
f 3100 3097 3081
f 3100 3081 3101
f 3098 3099 3102
f 3098 3102 3082
v 2.875000 6.000000 1.000000
v 2.875000 6.000000 2.000000
v 2.875000 6.187500 2.000000
f 3103 3104 3105
v 2.875000 6.187500 1.000000
f 3103 3105 3106
v 3.000000 6.000000 2.000000
v 3.000000 6.000000 1.000000
f 3107 3108 3086
f 3107 3086 3085
f 3104 3103 3108
f 3104 3108 3107
f 3106 3105 3085
f 3106 3085 3086
f 3108 3103 3106
f 3108 3106 3086
f 3104 3107 3085
f 3104 3085 3105
v 2.125000 6.000000 1.875000
f 3109 3099 3102
f 3109 3102 3091
v 2.875000 6.000000 1.875000
f 3104 3110 3096
f 3104 3096 3105
f 3099 3109 3110
f 3099 3110 3104
f 3091 3102 3105
f 3091 3105 3096
f 3110 3109 3091
f 3110 3091 3096
f 3099 3104 3105
f 3099 3105 3102
v 2.125000 6.000000 1.125000
f 3100 3111 3092
f 3100 3092 3101
v 2.875000 6.000000 1.125000
f 3112 3103 3106
f 3112 3106 3095
f 3111 3100 3103
f 3111 3103 3112
f 3101 3092 3095
f 3101 3095 3106
f 3103 3100 3101
f 3103 3101 3106
f 3111 3112 3095
f 3111 3095 3092
o panel_2_6_2
usemtl armor
v 2.000000 6.187500 2.000000
v 2.000000 6.187500 3.000000
v 2.000000 7.000000 3.000000
f 3113 3114 3115
v 2.000000 7.000000 2.000000
f 3113 3115 3116
v 3.000000 6.187500 3.000000
v 3.000000 6.187500 2.000000
v 3.000000 7.000000 2.000000
f 3117 3118 3119
v 3.000000 7.000000 3.000000
f 3117 3119 3120
f 3114 3113 3118
f 3114 3118 3117
f 3116 3115 3120
f 3116 3120 3119
f 3118 3113 3116
f 3118 3116 3119
f 3114 3117 3120
f 3114 3120 3115
usemtl graphite
v 2.125000 6.125000 2.125000
v 2.125000 6.125000 2.875000
v 2.125000 6.187500 2.875000
f 3121 3122 3123
v 2.125000 6.187500 2.125000
f 3121 3123 3124
v 2.875000 6.125000 2.875000
v 2.875000 6.125000 2.125000
v 2.875000 6.187500 2.125000
f 3125 3126 3127
v 2.875000 6.187500 2.875000
f 3125 3127 3128
f 3122 3121 3126
f 3122 3126 3125
f 3124 3123 3128
f 3124 3128 3127
f 3126 3121 3124
f 3126 3124 3127
f 3122 3125 3128
f 3122 3128 3123
usemtl steel
v 2.000000 6.000000 2.000000
v 2.000000 6.000000 3.000000
f 3129 3130 3114
f 3129 3114 3113
v 2.125000 6.000000 3.000000
v 2.125000 6.000000 2.000000
v 2.125000 6.187500 2.000000
f 3131 3132 3133
v 2.125000 6.187500 3.000000
f 3131 3133 3134
f 3130 3129 3132
f 3130 3132 3131
f 3113 3114 3134
f 3113 3134 3133
f 3132 3129 3113
f 3132 3113 3133
f 3130 3131 3134
f 3130 3134 3114
v 2.875000 6.000000 2.000000
v 2.875000 6.000000 3.000000
v 2.875000 6.187500 3.000000
f 3135 3136 3137
v 2.875000 6.187500 2.000000
f 3135 3137 3138
v 3.000000 6.000000 3.000000
v 3.000000 6.000000 2.000000
f 3139 3140 3118
f 3139 3118 3117
f 3136 3135 3140
f 3136 3140 3139
f 3138 3137 3117
f 3138 3117 3118
f 3140 3135 3138
f 3140 3138 3118
f 3136 3139 3117
f 3136 3117 3137
v 2.125000 6.000000 2.875000
f 3141 3131 3134
f 3141 3134 3123
v 2.875000 6.000000 2.875000
f 3136 3142 3128
f 3136 3128 3137
f 3131 3141 3142
f 3131 3142 3136
f 3123 3134 3137
f 3123 3137 3128
f 3142 3141 3123
f 3142 3123 3128
f 3131 3136 3137
f 3131 3137 3134
v 2.125000 6.000000 2.125000
f 3132 3143 3124
f 3132 3124 3133
v 2.875000 6.000000 2.125000
f 3144 3135 3138
f 3144 3138 3127
f 3143 3132 3135
f 3143 3135 3144
f 3133 3124 3127
f 3133 3127 3138
f 3135 3132 3133
f 3135 3133 3138
f 3143 3144 3127
f 3143 3127 3124
o panel_2_6_3
usemtl armor
v 2.000000 6.187500 3.000000
v 2.000000 6.187500 4.000000
v 2.000000 7.000000 4.000000
f 3145 3146 3147
v 2.000000 7.000000 3.000000
f 3145 3147 3148
v 3.000000 6.187500 4.000000
v 3.000000 6.187500 3.000000
v 3.000000 7.000000 3.000000
f 3149 3150 3151
v 3.000000 7.000000 4.000000
f 3149 3151 3152
f 3146 3145 3150
f 3146 3150 3149
f 3148 3147 3152
f 3148 3152 3151
f 3150 3145 3148
f 3150 3148 3151
f 3146 3149 3152
f 3146 3152 3147
usemtl graphite
v 2.125000 6.125000 3.125000
v 2.125000 6.125000 3.875000
v 2.125000 6.187500 3.875000
f 3153 3154 3155
v 2.125000 6.187500 3.125000
f 3153 3155 3156
v 2.875000 6.125000 3.875000
v 2.875000 6.125000 3.125000
v 2.875000 6.187500 3.125000
f 3157 3158 3159
v 2.875000 6.187500 3.875000
f 3157 3159 3160
f 3154 3153 3158
f 3154 3158 3157
f 3156 3155 3160
f 3156 3160 3159
f 3158 3153 3156
f 3158 3156 3159
f 3154 3157 3160
f 3154 3160 3155
usemtl steel
v 2.000000 6.000000 3.000000
v 2.000000 6.000000 4.000000
f 3161 3162 3146
f 3161 3146 3145
v 2.125000 6.000000 4.000000
v 2.125000 6.000000 3.000000
v 2.125000 6.187500 3.000000
f 3163 3164 3165
v 2.125000 6.187500 4.000000
f 3163 3165 3166
f 3162 3161 3164
f 3162 3164 3163
f 3145 3146 3166
f 3145 3166 3165
f 3164 3161 3145
f 3164 3145 3165
f 3162 3163 3166
f 3162 3166 3146
v 2.875000 6.000000 3.000000
v 2.875000 6.000000 4.000000
v 2.875000 6.187500 4.000000
f 3167 3168 3169
v 2.875000 6.187500 3.000000
f 3167 3169 3170
v 3.000000 6.000000 4.000000
v 3.000000 6.000000 3.000000
f 3171 3172 3150
f 3171 3150 3149
f 3168 3167 3172
f 3168 3172 3171
f 3170 3169 3149
f 3170 3149 3150
f 3172 3167 3170
f 3172 3170 3150
f 3168 3171 3149
f 3168 3149 3169
v 2.125000 6.000000 3.875000
f 3173 3163 3166
f 3173 3166 3155
v 2.875000 6.000000 3.875000
f 3168 3174 3160
f 3168 3160 3169
f 3163 3173 3174
f 3163 3174 3168
f 3155 3166 3169
f 3155 3169 3160
f 3174 3173 3155
f 3174 3155 3160
f 3163 3168 3169
f 3163 3169 3166
v 2.125000 6.000000 3.125000
f 3164 3175 3156
f 3164 3156 3165
v 2.875000 6.000000 3.125000
f 3176 3167 3170
f 3176 3170 3159
f 3175 3164 3167
f 3175 3167 3176
f 3165 3156 3159
f 3165 3159 3170
f 3167 3164 3165
f 3167 3165 3170
f 3175 3176 3159
f 3175 3159 3156
o panel_2_6_4
usemtl armor
v 2.000000 6.187500 4.000000
v 2.000000 6.187500 5.000000
v 2.000000 7.000000 5.000000
f 3177 3178 3179
v 2.000000 7.000000 4.000000
f 3177 3179 3180
v 3.000000 6.187500 5.000000
v 3.000000 6.187500 4.000000
v 3.000000 7.000000 4.000000
f 3181 3182 3183
v 3.000000 7.000000 5.000000
f 3181 3183 3184
f 3178 3177 3182
f 3178 3182 3181
f 3180 3179 3184
f 3180 3184 3183
f 3182 3177 3180
f 3182 3180 3183
f 3178 3181 3184
f 3178 3184 3179
usemtl graphite
v 2.125000 6.125000 4.125000
v 2.125000 6.125000 4.875000
v 2.125000 6.187500 4.875000
f 3185 3186 3187
v 2.125000 6.187500 4.125000
f 3185 3187 3188
v 2.875000 6.125000 4.875000
v 2.875000 6.125000 4.125000
v 2.875000 6.187500 4.125000
f 3189 3190 3191
v 2.875000 6.187500 4.875000
f 3189 3191 3192
f 3186 3185 3190
f 3186 3190 3189
f 3188 3187 3192
f 3188 3192 3191
f 3190 3185 3188
f 3190 3188 3191
f 3186 3189 3192
f 3186 3192 3187
usemtl steel
v 2.000000 6.000000 4.000000
v 2.000000 6.000000 5.000000
f 3193 3194 3178
f 3193 3178 3177
v 2.125000 6.000000 5.000000
v 2.125000 6.000000 4.000000
v 2.125000 6.187500 4.000000
f 3195 3196 3197
v 2.125000 6.187500 5.000000
f 3195 3197 3198
f 3194 3193 3196
f 3194 3196 3195
f 3177 3178 3198
f 3177 3198 3197
f 3196 3193 3177
f 3196 3177 3197
f 3194 3195 3198
f 3194 3198 3178
v 2.875000 6.000000 4.000000
v 2.875000 6.000000 5.000000
v 2.875000 6.187500 5.000000
f 3199 3200 3201
v 2.875000 6.187500 4.000000
f 3199 3201 3202
v 3.000000 6.000000 5.000000
v 3.000000 6.000000 4.000000
f 3203 3204 3182
f 3203 3182 3181
f 3200 3199 3204
f 3200 3204 3203
f 3202 3201 3181
f 3202 3181 3182
f 3204 3199 3202
f 3204 3202 3182
f 3200 3203 3181
f 3200 3181 3201
v 2.125000 6.000000 4.875000
f 3205 3195 3198
f 3205 3198 3187
v 2.875000 6.000000 4.875000
f 3200 3206 3192
f 3200 3192 3201
f 3195 3205 3206
f 3195 3206 3200
f 3187 3198 3201
f 3187 3201 3192
f 3206 3205 3187
f 3206 3187 3192
f 3195 3200 3201
f 3195 3201 3198
v 2.125000 6.000000 4.125000
f 3196 3207 3188
f 3196 3188 3197
v 2.875000 6.000000 4.125000
f 3208 3199 3202
f 3208 3202 3191
f 3207 3196 3199
f 3207 3199 3208
f 3197 3188 3191
f 3197 3191 3202
f 3199 3196 3197
f 3199 3197 3202
f 3207 3208 3191
f 3207 3191 3188
o panel_2_6_5
usemtl armor
v 2.000000 6.187500 5.000000
v 2.000000 6.187500 6.000000
v 2.000000 7.000000 6.000000
f 3209 3210 3211
v 2.000000 7.000000 5.000000
f 3209 3211 3212
v 3.000000 6.187500 6.000000
v 3.000000 6.187500 5.000000
v 3.000000 7.000000 5.000000
f 3213 3214 3215
v 3.000000 7.000000 6.000000
f 3213 3215 3216
f 3210 3209 3214
f 3210 3214 3213
f 3212 3211 3216
f 3212 3216 3215
f 3214 3209 3212
f 3214 3212 3215
f 3210 3213 3216
f 3210 3216 3211
usemtl graphite
v 2.125000 6.125000 5.125000
v 2.125000 6.125000 5.875000
v 2.125000 6.187500 5.875000
f 3217 3218 3219
v 2.125000 6.187500 5.125000
f 3217 3219 3220
v 2.875000 6.125000 5.875000
v 2.875000 6.125000 5.125000
v 2.875000 6.187500 5.125000
f 3221 3222 3223
v 2.875000 6.187500 5.875000
f 3221 3223 3224
f 3218 3217 3222
f 3218 3222 3221
f 3220 3219 3224
f 3220 3224 3223
f 3222 3217 3220
f 3222 3220 3223
f 3218 3221 3224
f 3218 3224 3219
usemtl steel
v 2.000000 6.000000 5.000000
v 2.000000 6.000000 6.000000
f 3225 3226 3210
f 3225 3210 3209
v 2.125000 6.000000 6.000000
v 2.125000 6.000000 5.000000
v 2.125000 6.187500 5.000000
f 3227 3228 3229
v 2.125000 6.187500 6.000000
f 3227 3229 3230
f 3226 3225 3228
f 3226 3228 3227
f 3209 3210 3230
f 3209 3230 3229
f 3228 3225 3209
f 3228 3209 3229
f 3226 3227 3230
f 3226 3230 3210
v 2.875000 6.000000 5.000000
v 2.875000 6.000000 6.000000
v 2.875000 6.187500 6.000000
f 3231 3232 3233
v 2.875000 6.187500 5.000000
f 3231 3233 3234
v 3.000000 6.000000 6.000000
v 3.000000 6.000000 5.000000
f 3235 3236 3214
f 3235 3214 3213
f 3232 3231 3236
f 3232 3236 3235
f 3234 3233 3213
f 3234 3213 3214
f 3236 3231 3234
f 3236 3234 3214
f 3232 3235 3213
f 3232 3213 3233
v 2.125000 6.000000 5.875000
f 3237 3227 3230
f 3237 3230 3219
v 2.875000 6.000000 5.875000
f 3232 3238 3224
f 3232 3224 3233
f 3227 3237 3238
f 3227 3238 3232
f 3219 3230 3233
f 3219 3233 3224
f 3238 3237 3219
f 3238 3219 3224
f 3227 3232 3233
f 3227 3233 3230
v 2.125000 6.000000 5.125000
f 3228 3239 3220
f 3228 3220 3229
v 2.875000 6.000000 5.125000
f 3240 3231 3234
f 3240 3234 3223
f 3239 3228 3231
f 3239 3231 3240
f 3229 3220 3223
f 3229 3223 3234
f 3231 3228 3229
f 3231 3229 3234
f 3239 3240 3223
f 3239 3223 3220
o frame_2_6_6
usemtl armor
v 2.000000 6.187500 6.187500
v 2.000000 6.187500 6.812500
v 2.000000 6.812500 6.812500
f 3241 3242 3243
v 2.000000 6.812500 6.187500
f 3241 3243 3244
v 3.000000 6.187500 6.812500
v 3.000000 6.187500 6.187500
v 3.000000 6.812500 6.187500
f 3245 3246 3247
v 3.000000 6.812500 6.812500
f 3245 3247 3248
f 3242 3241 3246
f 3242 3246 3245
f 3244 3243 3248
f 3244 3248 3247
f 3246 3241 3244
f 3246 3244 3247
f 3242 3245 3248
f 3242 3248 3243
usemtl steel
v 2.000000 6.000000 6.000000
v 2.000000 6.000000 6.187500
f 3249 3250 3241
v 2.000000 6.187500 6.000000
f 3249 3241 3251
v 3.000000 6.000000 6.187500
v 3.000000 6.000000 6.000000
v 3.000000 6.187500 6.000000
f 3252 3253 3254
f 3252 3254 3246
f 3250 3249 3253
f 3250 3253 3252
f 3251 3241 3246
f 3251 3246 3254
f 3253 3249 3251
f 3253 3251 3254
f 3250 3252 3246
f 3250 3246 3241
v 2.000000 6.000000 6.812500
v 2.000000 6.000000 7.000000
v 2.000000 6.187500 7.000000
f 3255 3256 3257
f 3255 3257 3242
v 3.000000 6.000000 7.000000
v 3.000000 6.000000 6.812500
f 3258 3259 3245
v 3.000000 6.187500 7.000000
f 3258 3245 3260
f 3256 3255 3259
f 3256 3259 3258
f 3242 3257 3260
f 3242 3260 3245
f 3259 3255 3242
f 3259 3242 3245
f 3256 3258 3260
f 3256 3260 3257
v 2.000000 6.812500 6.000000
v 2.000000 7.000000 6.187500
f 3261 3244 3262
v 2.000000 7.000000 6.000000
f 3261 3262 3263
v 3.000000 6.812500 6.000000
v 3.000000 7.000000 6.000000
f 3247 3264 3265
v 3.000000 7.000000 6.187500
f 3247 3265 3266
f 3244 3261 3264
f 3244 3264 3247
f 3263 3262 3266
f 3263 3266 3265
f 3264 3261 3263
f 3264 3263 3265
f 3244 3247 3266
f 3244 3266 3262
v 2.000000 6.812500 7.000000
v 2.000000 7.000000 7.000000
f 3243 3267 3268
v 2.000000 7.000000 6.812500
f 3243 3268 3269
v 3.000000 6.812500 7.000000
v 3.000000 7.000000 6.812500
f 3270 3248 3271
v 3.000000 7.000000 7.000000
f 3270 3271 3272
f 3267 3243 3248
f 3267 3248 3270
f 3269 3268 3272
f 3269 3272 3271
f 3248 3243 3269
f 3248 3269 3271
f 3267 3270 3272
f 3267 3272 3268
usemtl edge
v 2.000000 6.250000 6.062500
v 2.000000 6.250000 6.187500
v 2.000000 6.750000 6.187500
f 3273 3274 3275
v 2.000000 6.750000 6.062500
f 3273 3275 3276
v 3.000000 6.250000 6.187500
v 3.000000 6.250000 6.062500
v 3.000000 6.750000 6.062500
f 3277 3278 3279
v 3.000000 6.750000 6.187500
f 3277 3279 3280
f 3274 3273 3278
f 3274 3278 3277
f 3276 3275 3280
f 3276 3280 3279
f 3278 3273 3276
f 3278 3276 3279
f 3274 3277 3280
f 3274 3280 3275
v 2.000000 6.250000 6.812500
v 2.000000 6.250000 6.937500
v 2.000000 6.750000 6.937500
f 3281 3282 3283
v 2.000000 6.750000 6.812500
f 3281 3283 3284
v 3.000000 6.250000 6.937500
v 3.000000 6.250000 6.812500
v 3.000000 6.750000 6.812500
f 3285 3286 3287
v 3.000000 6.750000 6.937500
f 3285 3287 3288
f 3282 3281 3286
f 3282 3286 3285
f 3284 3283 3288
f 3284 3288 3287
f 3286 3281 3284
f 3286 3284 3287
f 3282 3285 3288
f 3282 3288 3283
v 2.000000 6.062500 6.250000
v 2.000000 6.062500 6.750000
v 2.000000 6.187500 6.750000
f 3289 3290 3291
v 2.000000 6.187500 6.250000
f 3289 3291 3292
v 3.000000 6.062500 6.750000
v 3.000000 6.062500 6.250000
v 3.000000 6.187500 6.250000
f 3293 3294 3295
v 3.000000 6.187500 6.750000
f 3293 3295 3296
f 3290 3289 3294
f 3290 3294 3293
f 3292 3291 3296
f 3292 3296 3295
f 3294 3289 3292
f 3294 3292 3295
f 3290 3293 3296
f 3290 3296 3291
v 2.000000 6.812500 6.250000
v 2.000000 6.812500 6.750000
v 2.000000 6.937500 6.750000
f 3297 3298 3299
v 2.000000 6.937500 6.250000
f 3297 3299 3300
v 3.000000 6.812500 6.750000
v 3.000000 6.812500 6.250000
v 3.000000 6.937500 6.250000
f 3301 3302 3303
v 3.000000 6.937500 6.750000
f 3301 3303 3304
f 3298 3297 3302
f 3298 3302 3301
f 3300 3299 3304
f 3300 3304 3303
f 3302 3297 3300
f 3302 3300 3303
f 3298 3301 3304
f 3298 3304 3299
o frame_3_0_0
usemtl armor
v 3.000000 0.187500 0.187500
v 3.000000 0.187500 0.812500
v 3.000000 0.812500 0.812500
f 3305 3306 3307
v 3.000000 0.812500 0.187500
f 3305 3307 3308
v 4.000000 0.187500 0.812500
v 4.000000 0.187500 0.187500
v 4.000000 0.812500 0.187500
f 3309 3310 3311
v 4.000000 0.812500 0.812500
f 3309 3311 3312
f 3306 3305 3310
f 3306 3310 3309
f 3308 3307 3312
f 3308 3312 3311
f 3310 3305 3308
f 3310 3308 3311
f 3306 3309 3312
f 3306 3312 3307
usemtl steel
v 3.000000 0.000000 0.000000
v 3.000000 0.000000 0.187500
f 3313 3314 3305
v 3.000000 0.187500 0.000000
f 3313 3305 3315
v 4.000000 0.000000 0.187500
v 4.000000 0.000000 0.000000
v 4.000000 0.187500 0.000000
f 3316 3317 3318
f 3316 3318 3310
f 3314 3313 3317
f 3314 3317 3316
f 3315 3305 3310
f 3315 3310 3318
f 3317 3313 3315
f 3317 3315 3318
f 3314 3316 3310
f 3314 3310 3305
v 3.000000 0.000000 0.812500
v 3.000000 0.000000 1.000000
v 3.000000 0.187500 1.000000
f 3319 3320 3321
f 3319 3321 3306
v 4.000000 0.000000 1.000000
v 4.000000 0.000000 0.812500
f 3322 3323 3309
v 4.000000 0.187500 1.000000
f 3322 3309 3324
f 3320 3319 3323
f 3320 3323 3322
f 3306 3321 3324
f 3306 3324 3309
f 3323 3319 3306
f 3323 3306 3309
f 3320 3322 3324
f 3320 3324 3321
v 3.000000 0.812500 0.000000
v 3.000000 1.000000 0.187500
f 3325 3308 3326
v 3.000000 1.000000 0.000000
f 3325 3326 3327
v 4.000000 0.812500 0.000000
v 4.000000 1.000000 0.000000
f 3311 3328 3329
v 4.000000 1.000000 0.187500
f 3311 3329 3330
f 3308 3325 3328
f 3308 3328 3311
f 3327 3326 3330
f 3327 3330 3329
f 3328 3325 3327
f 3328 3327 3329
f 3308 3311 3330
f 3308 3330 3326
v 3.000000 0.812500 1.000000
v 3.000000 1.000000 1.000000
f 3307 3331 3332
v 3.000000 1.000000 0.812500
f 3307 3332 3333
v 4.000000 0.812500 1.000000
v 4.000000 1.000000 0.812500
f 3334 3312 3335
v 4.000000 1.000000 1.000000
f 3334 3335 3336
f 3331 3307 3312
f 3331 3312 3334
f 3333 3332 3336
f 3333 3336 3335
f 3312 3307 3333
f 3312 3333 3335
f 3331 3334 3336
f 3331 3336 3332
usemtl edge
v 3.000000 0.250000 0.062500
v 3.000000 0.250000 0.187500
v 3.000000 0.750000 0.187500
f 3337 3338 3339
v 3.000000 0.750000 0.062500
f 3337 3339 3340
v 4.000000 0.250000 0.187500
v 4.000000 0.250000 0.062500
v 4.000000 0.750000 0.062500
f 3341 3342 3343
v 4.000000 0.750000 0.187500
f 3341 3343 3344
f 3338 3337 3342
f 3338 3342 3341
f 3340 3339 3344
f 3340 3344 3343
f 3342 3337 3340
f 3342 3340 3343
f 3338 3341 3344
f 3338 3344 3339
v 3.000000 0.250000 0.812500
v 3.000000 0.250000 0.937500
v 3.000000 0.750000 0.937500
f 3345 3346 3347
v 3.000000 0.750000 0.812500
f 3345 3347 3348
v 4.000000 0.250000 0.937500
v 4.000000 0.250000 0.812500
v 4.000000 0.750000 0.812500
f 3349 3350 3351
v 4.000000 0.750000 0.937500
f 3349 3351 3352
f 3346 3345 3350
f 3346 3350 3349
f 3348 3347 3352
f 3348 3352 3351
f 3350 3345 3348
f 3350 3348 3351
f 3346 3349 3352
f 3346 3352 3347
v 3.000000 0.062500 0.250000
v 3.000000 0.062500 0.750000
v 3.000000 0.187500 0.750000
f 3353 3354 3355
v 3.000000 0.187500 0.250000
f 3353 3355 3356
v 4.000000 0.062500 0.750000
v 4.000000 0.062500 0.250000
v 4.000000 0.187500 0.250000
f 3357 3358 3359
v 4.000000 0.187500 0.750000
f 3357 3359 3360
f 3354 3353 3358
f 3354 3358 3357
f 3356 3355 3360
f 3356 3360 3359
f 3358 3353 3356
f 3358 3356 3359
f 3354 3357 3360
f 3354 3360 3355
v 3.000000 0.812500 0.250000
v 3.000000 0.812500 0.750000
v 3.000000 0.937500 0.750000
f 3361 3362 3363
v 3.000000 0.937500 0.250000
f 3361 3363 3364
v 4.000000 0.812500 0.750000
v 4.000000 0.812500 0.250000
v 4.000000 0.937500 0.250000
f 3365 3366 3367
v 4.000000 0.937500 0.750000
f 3365 3367 3368
f 3362 3361 3366
f 3362 3366 3365
f 3364 3363 3368
f 3364 3368 3367
f 3366 3361 3364
f 3366 3364 3367
f 3362 3365 3368
f 3362 3368 3363
o panel_3_0_1
usemtl armor
v 3.000000 0.000000 1.000000
v 3.000000 0.000000 2.000000
v 3.000000 0.812500 2.000000
f 3369 3370 3371
v 3.000000 0.812500 1.000000
f 3369 3371 3372
v 4.000000 0.000000 2.000000
v 4.000000 0.000000 1.000000
v 4.000000 0.812500 1.000000
f 3373 3374 3375
v 4.000000 0.812500 2.000000
f 3373 3375 3376
f 3370 3369 3374
f 3370 3374 3373
f 3372 3371 3376
f 3372 3376 3375
f 3374 3369 3372
f 3374 3372 3375
f 3370 3373 3376
f 3370 3376 3371
usemtl graphite
v 3.125000 0.812500 1.125000
v 3.125000 0.812500 1.875000
v 3.125000 0.875000 1.875000
f 3377 3378 3379
v 3.125000 0.875000 1.125000
f 3377 3379 3380
v 3.875000 0.812500 1.875000
v 3.875000 0.812500 1.125000
v 3.875000 0.875000 1.125000
f 3381 3382 3383
v 3.875000 0.875000 1.875000
f 3381 3383 3384
f 3378 3377 3382
f 3378 3382 3381
f 3380 3379 3384
f 3380 3384 3383
f 3382 3377 3380
f 3382 3380 3383
f 3378 3381 3384
f 3378 3384 3379
usemtl steel
v 3.000000 1.000000 2.000000
f 3372 3371 3385
v 3.000000 1.000000 1.000000
f 3372 3385 3386
v 3.125000 0.812500 2.000000
v 3.125000 0.812500 1.000000
v 3.125000 1.000000 1.000000
f 3387 3388 3389
v 3.125000 1.000000 2.000000
f 3387 3389 3390
f 3371 3372 3388
f 3371 3388 3387
f 3386 3385 3390
f 3386 3390 3389
f 3388 3372 3386
f 3388 3386 3389
f 3371 3387 3390
f 3371 3390 3385
v 3.875000 0.812500 1.000000
v 3.875000 0.812500 2.000000
v 3.875000 1.000000 2.000000
f 3391 3392 3393
v 3.875000 1.000000 1.000000
f 3391 3393 3394
v 4.000000 1.000000 1.000000
f 3376 3375 3395
v 4.000000 1.000000 2.000000
f 3376 3395 3396
f 3392 3391 3375
f 3392 3375 3376
f 3394 3393 3396
f 3394 3396 3395
f 3375 3391 3394
f 3375 3394 3395
f 3392 3376 3396
f 3392 3396 3393
v 3.125000 1.000000 1.125000
f 3388 3377 3397
f 3388 3397 3389
f 3382 3391 3394
v 3.875000 1.000000 1.125000
f 3382 3394 3398
f 3377 3388 3391
f 3377 3391 3382
f 3389 3397 3398
f 3389 3398 3394
f 3391 3388 3389
f 3391 3389 3394
f 3377 3382 3398
f 3377 3398 3397
f 3378 3387 3390
v 3.125000 1.000000 1.875000
f 3378 3390 3399
v 3.875000 1.000000 1.875000
f 3392 3381 3400
f 3392 3400 3393
f 3387 3378 3381
f 3387 3381 3392
f 3399 3390 3393
f 3399 3393 3400
f 3381 3378 3399
f 3381 3399 3400
f 3387 3392 3393
f 3387 3393 3390
o panel_3_0_2
usemtl armor
v 3.000000 0.000000 2.000000
v 3.000000 0.000000 3.000000
v 3.000000 0.812500 3.000000
f 3401 3402 3403
v 3.000000 0.812500 2.000000
f 3401 3403 3404
v 4.000000 0.000000 3.000000
v 4.000000 0.000000 2.000000
v 4.000000 0.812500 2.000000
f 3405 3406 3407
v 4.000000 0.812500 3.000000
f 3405 3407 3408
f 3402 3401 3406
f 3402 3406 3405
f 3404 3403 3408
f 3404 3408 3407
f 3406 3401 3404
f 3406 3404 3407
f 3402 3405 3408
f 3402 3408 3403
usemtl graphite
v 3.125000 0.812500 2.125000
v 3.125000 0.812500 2.875000
v 3.125000 0.875000 2.875000
f 3409 3410 3411
v 3.125000 0.875000 2.125000
f 3409 3411 3412
v 3.875000 0.812500 2.875000
v 3.875000 0.812500 2.125000
v 3.875000 0.875000 2.125000
f 3413 3414 3415
v 3.875000 0.875000 2.875000
f 3413 3415 3416
f 3410 3409 3414
f 3410 3414 3413
f 3412 3411 3416
f 3412 3416 3415
f 3414 3409 3412
f 3414 3412 3415
f 3410 3413 3416
f 3410 3416 3411
usemtl steel
v 3.000000 1.000000 3.000000
f 3404 3403 3417
v 3.000000 1.000000 2.000000
f 3404 3417 3418
v 3.125000 0.812500 3.000000
v 3.125000 0.812500 2.000000
v 3.125000 1.000000 2.000000
f 3419 3420 3421
v 3.125000 1.000000 3.000000
f 3419 3421 3422
f 3403 3404 3420
f 3403 3420 3419
f 3418 3417 3422
f 3418 3422 3421
f 3420 3404 3418
f 3420 3418 3421
f 3403 3419 3422
f 3403 3422 3417
v 3.875000 0.812500 2.000000
v 3.875000 0.812500 3.000000
v 3.875000 1.000000 3.000000
f 3423 3424 3425
v 3.875000 1.000000 2.000000
f 3423 3425 3426
v 4.000000 1.000000 2.000000
f 3408 3407 3427
v 4.000000 1.000000 3.000000
f 3408 3427 3428
f 3424 3423 3407
f 3424 3407 3408
f 3426 3425 3428
f 3426 3428 3427
f 3407 3423 3426
f 3407 3426 3427
f 3424 3408 3428
f 3424 3428 3425
v 3.125000 1.000000 2.125000
f 3420 3409 3429
f 3420 3429 3421
f 3414 3423 3426
v 3.875000 1.000000 2.125000
f 3414 3426 3430
f 3409 3420 3423
f 3409 3423 3414
f 3421 3429 3430
f 3421 3430 3426
f 3423 3420 3421
f 3423 3421 3426
f 3409 3414 3430
f 3409 3430 3429
f 3410 3419 3422
v 3.125000 1.000000 2.875000
f 3410 3422 3431
v 3.875000 1.000000 2.875000
f 3424 3413 3432
f 3424 3432 3425
f 3419 3410 3413
f 3419 3413 3424
f 3431 3422 3425
f 3431 3425 3432
f 3413 3410 3431
f 3413 3431 3432
f 3419 3424 3425
f 3419 3425 3422
o panel_3_0_3
usemtl armor
v 3.000000 0.000000 3.000000
v 3.000000 0.000000 4.000000
v 3.000000 0.812500 4.000000
f 3433 3434 3435
v 3.000000 0.812500 3.000000
f 3433 3435 3436
v 4.000000 0.000000 4.000000
v 4.000000 0.000000 3.000000
v 4.000000 0.812500 3.000000
f 3437 3438 3439
v 4.000000 0.812500 4.000000
f 3437 3439 3440
f 3434 3433 3438
f 3434 3438 3437
f 3436 3435 3440
f 3436 3440 3439
f 3438 3433 3436
f 3438 3436 3439
f 3434 3437 3440
f 3434 3440 3435
usemtl graphite
v 3.125000 0.812500 3.125000
v 3.125000 0.812500 3.875000
v 3.125000 0.875000 3.875000
f 3441 3442 3443
v 3.125000 0.875000 3.125000
f 3441 3443 3444
v 3.875000 0.812500 3.875000
v 3.875000 0.812500 3.125000
v 3.875000 0.875000 3.125000
f 3445 3446 3447
v 3.875000 0.875000 3.875000
f 3445 3447 3448
f 3442 3441 3446
f 3442 3446 3445
f 3444 3443 3448
f 3444 3448 3447
f 3446 3441 3444
f 3446 3444 3447
f 3442 3445 3448
f 3442 3448 3443
usemtl steel
v 3.000000 1.000000 4.000000
f 3436 3435 3449
v 3.000000 1.000000 3.000000
f 3436 3449 3450
v 3.125000 0.812500 4.000000
v 3.125000 0.812500 3.000000
v 3.125000 1.000000 3.000000
f 3451 3452 3453
v 3.125000 1.000000 4.000000
f 3451 3453 3454
f 3435 3436 3452
f 3435 3452 3451
f 3450 3449 3454
f 3450 3454 3453
f 3452 3436 3450
f 3452 3450 3453
f 3435 3451 3454
f 3435 3454 3449
v 3.875000 0.812500 3.000000
v 3.875000 0.812500 4.000000
v 3.875000 1.000000 4.000000
f 3455 3456 3457
v 3.875000 1.000000 3.000000
f 3455 3457 3458
v 4.000000 1.000000 3.000000
f 3440 3439 3459
v 4.000000 1.000000 4.000000
f 3440 3459 3460
f 3456 3455 3439
f 3456 3439 3440
f 3458 3457 3460
f 3458 3460 3459
f 3439 3455 3458
f 3439 3458 3459
f 3456 3440 3460
f 3456 3460 3457
v 3.125000 1.000000 3.125000
f 3452 3441 3461
f 3452 3461 3453
f 3446 3455 3458
v 3.875000 1.000000 3.125000
f 3446 3458 3462
f 3441 3452 3455
f 3441 3455 3446
f 3453 3461 3462
f 3453 3462 3458
f 3455 3452 3453
f 3455 3453 3458
f 3441 3446 3462
f 3441 3462 3461
f 3442 3451 3454
v 3.125000 1.000000 3.875000
f 3442 3454 3463
v 3.875000 1.000000 3.875000
f 3456 3445 3464
f 3456 3464 3457
f 3451 3442 3445
f 3451 3445 3456
f 3463 3454 3457
f 3463 3457 3464
f 3445 3442 3463
f 3445 3463 3464
f 3451 3456 3457
f 3451 3457 3454
o panel_3_0_4
usemtl armor
v 3.000000 0.000000 4.000000
v 3.000000 0.000000 5.000000
v 3.000000 0.812500 5.000000
f 3465 3466 3467
v 3.000000 0.812500 4.000000
f 3465 3467 3468
v 4.000000 0.000000 5.000000
v 4.000000 0.000000 4.000000
v 4.000000 0.812500 4.000000
f 3469 3470 3471
v 4.000000 0.812500 5.000000
f 3469 3471 3472
f 3466 3465 3470
f 3466 3470 3469
f 3468 3467 3472
f 3468 3472 3471
f 3470 3465 3468
f 3470 3468 3471
f 3466 3469 3472
f 3466 3472 3467
usemtl graphite
v 3.125000 0.812500 4.125000
v 3.125000 0.812500 4.875000
v 3.125000 0.875000 4.875000
f 3473 3474 3475
v 3.125000 0.875000 4.125000
f 3473 3475 3476
v 3.875000 0.812500 4.875000
v 3.875000 0.812500 4.125000
v 3.875000 0.875000 4.125000
f 3477 3478 3479
v 3.875000 0.875000 4.875000
f 3477 3479 3480
f 3474 3473 3478
f 3474 3478 3477
f 3476 3475 3480
f 3476 3480 3479
f 3478 3473 3476
f 3478 3476 3479
f 3474 3477 3480
f 3474 3480 3475
usemtl steel
v 3.000000 1.000000 5.000000
f 3468 3467 3481
v 3.000000 1.000000 4.000000
f 3468 3481 3482
v 3.125000 0.812500 5.000000
v 3.125000 0.812500 4.000000
v 3.125000 1.000000 4.000000
f 3483 3484 3485
v 3.125000 1.000000 5.000000
f 3483 3485 3486
f 3467 3468 3484
f 3467 3484 3483
f 3482 3481 3486
f 3482 3486 3485
f 3484 3468 3482
f 3484 3482 3485
f 3467 3483 3486
f 3467 3486 3481
v 3.875000 0.812500 4.000000
v 3.875000 0.812500 5.000000
v 3.875000 1.000000 5.000000
f 3487 3488 3489
v 3.875000 1.000000 4.000000
f 3487 3489 3490
v 4.000000 1.000000 4.000000
f 3472 3471 3491
v 4.000000 1.000000 5.000000
f 3472 3491 3492
f 3488 3487 3471
f 3488 3471 3472
f 3490 3489 3492
f 3490 3492 3491
f 3471 3487 3490
f 3471 3490 3491
f 3488 3472 3492
f 3488 3492 3489
v 3.125000 1.000000 4.125000
f 3484 3473 3493
f 3484 3493 3485
f 3478 3487 3490
v 3.875000 1.000000 4.125000
f 3478 3490 3494
f 3473 3484 3487
f 3473 3487 3478
f 3485 3493 3494
f 3485 3494 3490
f 3487 3484 3485
f 3487 3485 3490
f 3473 3478 3494
f 3473 3494 3493
f 3474 3483 3486
v 3.125000 1.000000 4.875000
f 3474 3486 3495
v 3.875000 1.000000 4.875000
f 3488 3477 3496
f 3488 3496 3489
f 3483 3474 3477
f 3483 3477 3488
f 3495 3486 3489
f 3495 3489 3496
f 3477 3474 3495
f 3477 3495 3496
f 3483 3488 3489
f 3483 3489 3486
o panel_3_0_5
usemtl armor
v 3.000000 0.000000 5.000000
v 3.000000 0.000000 6.000000
v 3.000000 0.812500 6.000000
f 3497 3498 3499
v 3.000000 0.812500 5.000000
f 3497 3499 3500
v 4.000000 0.000000 6.000000
v 4.000000 0.000000 5.000000
v 4.000000 0.812500 5.000000
f 3501 3502 3503
v 4.000000 0.812500 6.000000
f 3501 3503 3504
f 3498 3497 3502
f 3498 3502 3501
f 3500 3499 3504
f 3500 3504 3503
f 3502 3497 3500
f 3502 3500 3503
f 3498 3501 3504
f 3498 3504 3499
usemtl graphite
v 3.125000 0.812500 5.125000
v 3.125000 0.812500 5.875000
v 3.125000 0.875000 5.875000
f 3505 3506 3507
v 3.125000 0.875000 5.125000
f 3505 3507 3508
v 3.875000 0.812500 5.875000
v 3.875000 0.812500 5.125000
v 3.875000 0.875000 5.125000
f 3509 3510 3511
v 3.875000 0.875000 5.875000
f 3509 3511 3512
f 3506 3505 3510
f 3506 3510 3509
f 3508 3507 3512
f 3508 3512 3511
f 3510 3505 3508
f 3510 3508 3511
f 3506 3509 3512
f 3506 3512 3507
usemtl steel
v 3.000000 1.000000 6.000000
f 3500 3499 3513
v 3.000000 1.000000 5.000000
f 3500 3513 3514
v 3.125000 0.812500 6.000000
v 3.125000 0.812500 5.000000
v 3.125000 1.000000 5.000000
f 3515 3516 3517
v 3.125000 1.000000 6.000000
f 3515 3517 3518
f 3499 3500 3516
f 3499 3516 3515
f 3514 3513 3518
f 3514 3518 3517
f 3516 3500 3514
f 3516 3514 3517
f 3499 3515 3518
f 3499 3518 3513
v 3.875000 0.812500 5.000000
v 3.875000 0.812500 6.000000
v 3.875000 1.000000 6.000000
f 3519 3520 3521
v 3.875000 1.000000 5.000000
f 3519 3521 3522
v 4.000000 1.000000 5.000000
f 3504 3503 3523
v 4.000000 1.000000 6.000000
f 3504 3523 3524
f 3520 3519 3503
f 3520 3503 3504
f 3522 3521 3524
f 3522 3524 3523
f 3503 3519 3522
f 3503 3522 3523
f 3520 3504 3524
f 3520 3524 3521
v 3.125000 1.000000 5.125000
f 3516 3505 3525
f 3516 3525 3517
f 3510 3519 3522
v 3.875000 1.000000 5.125000
f 3510 3522 3526
f 3505 3516 3519
f 3505 3519 3510
f 3517 3525 3526
f 3517 3526 3522
f 3519 3516 3517
f 3519 3517 3522
f 3505 3510 3526
f 3505 3526 3525
f 3506 3515 3518
v 3.125000 1.000000 5.875000
f 3506 3518 3527
v 3.875000 1.000000 5.875000
f 3520 3509 3528
f 3520 3528 3521
f 3515 3506 3509
f 3515 3509 3520
f 3527 3518 3521
f 3527 3521 3528
f 3509 3506 3527
f 3509 3527 3528
f 3515 3520 3521
f 3515 3521 3518
o frame_3_0_6
usemtl armor
v 3.000000 0.187500 6.187500
v 3.000000 0.187500 6.812500
v 3.000000 0.812500 6.812500
f 3529 3530 3531
v 3.000000 0.812500 6.187500
f 3529 3531 3532
v 4.000000 0.187500 6.812500
v 4.000000 0.187500 6.187500
v 4.000000 0.812500 6.187500
f 3533 3534 3535
v 4.000000 0.812500 6.812500
f 3533 3535 3536
f 3530 3529 3534
f 3530 3534 3533
f 3532 3531 3536
f 3532 3536 3535
f 3534 3529 3532
f 3534 3532 3535
f 3530 3533 3536
f 3530 3536 3531
usemtl steel
v 3.000000 0.000000 6.000000
v 3.000000 0.000000 6.187500
f 3537 3538 3529
v 3.000000 0.187500 6.000000
f 3537 3529 3539
v 4.000000 0.000000 6.187500
v 4.000000 0.000000 6.000000
v 4.000000 0.187500 6.000000
f 3540 3541 3542
f 3540 3542 3534
f 3538 3537 3541
f 3538 3541 3540
f 3539 3529 3534
f 3539 3534 3542
f 3541 3537 3539
f 3541 3539 3542
f 3538 3540 3534
f 3538 3534 3529
v 3.000000 0.000000 6.812500
v 3.000000 0.000000 7.000000
v 3.000000 0.187500 7.000000
f 3543 3544 3545
f 3543 3545 3530
v 4.000000 0.000000 7.000000
v 4.000000 0.000000 6.812500
f 3546 3547 3533
v 4.000000 0.187500 7.000000
f 3546 3533 3548
f 3544 3543 3547
f 3544 3547 3546
f 3530 3545 3548
f 3530 3548 3533
f 3547 3543 3530
f 3547 3530 3533
f 3544 3546 3548
f 3544 3548 3545
v 3.000000 0.812500 6.000000
v 3.000000 1.000000 6.187500
f 3549 3532 3550
v 3.000000 1.000000 6.000000
f 3549 3550 3551
v 4.000000 0.812500 6.000000
v 4.000000 1.000000 6.000000
f 3535 3552 3553
v 4.000000 1.000000 6.187500
f 3535 3553 3554
f 3532 3549 3552
f 3532 3552 3535
f 3551 3550 3554
f 3551 3554 3553
f 3552 3549 3551
f 3552 3551 3553
f 3532 3535 3554
f 3532 3554 3550
v 3.000000 0.812500 7.000000
v 3.000000 1.000000 7.000000
f 3531 3555 3556
v 3.000000 1.000000 6.812500
f 3531 3556 3557
v 4.000000 0.812500 7.000000
v 4.000000 1.000000 6.812500
f 3558 3536 3559
v 4.000000 1.000000 7.000000
f 3558 3559 3560
f 3555 3531 3536
f 3555 3536 3558
f 3557 3556 3560
f 3557 3560 3559
f 3536 3531 3557
f 3536 3557 3559
f 3555 3558 3560
f 3555 3560 3556
usemtl edge
v 3.000000 0.250000 6.062500
v 3.000000 0.250000 6.187500
v 3.000000 0.750000 6.187500
f 3561 3562 3563
v 3.000000 0.750000 6.062500
f 3561 3563 3564
v 4.000000 0.250000 6.187500
v 4.000000 0.250000 6.062500
v 4.000000 0.750000 6.062500
f 3565 3566 3567
v 4.000000 0.750000 6.187500
f 3565 3567 3568
f 3562 3561 3566
f 3562 3566 3565
f 3564 3563 3568
f 3564 3568 3567
f 3566 3561 3564
f 3566 3564 3567
f 3562 3565 3568
f 3562 3568 3563
v 3.000000 0.250000 6.812500
v 3.000000 0.250000 6.937500
v 3.000000 0.750000 6.937500
f 3569 3570 3571
v 3.000000 0.750000 6.812500
f 3569 3571 3572
v 4.000000 0.250000 6.937500
v 4.000000 0.250000 6.812500
v 4.000000 0.750000 6.812500
f 3573 3574 3575
v 4.000000 0.750000 6.937500
f 3573 3575 3576
f 3570 3569 3574
f 3570 3574 3573
f 3572 3571 3576
f 3572 3576 3575
f 3574 3569 3572
f 3574 3572 3575
f 3570 3573 3576
f 3570 3576 3571
v 3.000000 0.062500 6.250000
v 3.000000 0.062500 6.750000
v 3.000000 0.187500 6.750000
f 3577 3578 3579
v 3.000000 0.187500 6.250000
f 3577 3579 3580
v 4.000000 0.062500 6.750000
v 4.000000 0.062500 6.250000
v 4.000000 0.187500 6.250000
f 3581 3582 3583
v 4.000000 0.187500 6.750000
f 3581 3583 3584
f 3578 3577 3582
f 3578 3582 3581
f 3580 3579 3584
f 3580 3584 3583
f 3582 3577 3580
f 3582 3580 3583
f 3578 3581 3584
f 3578 3584 3579
v 3.000000 0.812500 6.250000
v 3.000000 0.812500 6.750000
v 3.000000 0.937500 6.750000
f 3585 3586 3587
v 3.000000 0.937500 6.250000
f 3585 3587 3588
v 4.000000 0.812500 6.750000
v 4.000000 0.812500 6.250000
v 4.000000 0.937500 6.250000
f 3589 3590 3591
v 4.000000 0.937500 6.750000
f 3589 3591 3592
f 3586 3585 3590
f 3586 3590 3589
f 3588 3587 3592
f 3588 3592 3591
f 3590 3585 3588
f 3590 3588 3591
f 3586 3589 3592
f 3586 3592 3587
o controller_3_1_0
usemtl armor
v 3.000000 1.000000 0.187500
v 3.000000 1.000000 1.000000
v 3.000000 2.000000 1.000000
f 3593 3594 3595
v 3.000000 2.000000 0.187500
f 3593 3595 3596
v 4.000000 1.000000 1.000000
v 4.000000 1.000000 0.187500
v 4.000000 2.000000 0.187500
f 3597 3598 3599
v 4.000000 2.000000 1.000000
f 3597 3599 3600
f 3594 3593 3598
f 3594 3598 3597
f 3596 3595 3600
f 3596 3600 3599
f 3598 3593 3596
f 3598 3596 3599
f 3594 3597 3600
f 3594 3600 3595
v 3.000000 1.000000 0.000000
f 3601 3593 3596
v 3.000000 2.000000 0.000000
f 3601 3596 3602
v 3.125000 1.000000 0.187500
v 3.125000 1.000000 0.000000
v 3.125000 2.000000 0.000000
f 3603 3604 3605
v 3.125000 2.000000 0.187500
f 3603 3605 3606
f 3593 3601 3604
f 3593 3604 3603
f 3602 3596 3606
f 3602 3606 3605
f 3604 3601 3602
f 3604 3602 3605
f 3593 3603 3606
f 3593 3606 3596
v 3.875000 1.000000 0.000000
v 3.875000 1.000000 0.187500
v 3.875000 2.000000 0.187500
f 3607 3608 3609
v 3.875000 2.000000 0.000000
f 3607 3609 3610
v 4.000000 1.000000 0.000000
v 4.000000 2.000000 0.000000
f 3598 3611 3612
f 3598 3612 3599
f 3608 3607 3611
f 3608 3611 3598
f 3610 3609 3599
f 3610 3599 3612
f 3611 3607 3610
f 3611 3610 3612
f 3608 3598 3599
f 3608 3599 3609
v 3.125000 1.125000 0.187500
f 3604 3603 3613
v 3.125000 1.125000 0.000000
f 3604 3613 3614
v 3.875000 1.125000 0.000000
f 3608 3607 3615
v 3.875000 1.125000 0.187500
f 3608 3615 3616
f 3603 3604 3607
f 3603 3607 3608
f 3614 3613 3616
f 3614 3616 3615
f 3607 3604 3614
f 3607 3614 3615
f 3603 3608 3616
f 3603 3616 3613
v 3.125000 1.875000 0.000000
v 3.125000 1.875000 0.187500
f 3617 3618 3606
f 3617 3606 3605
v 3.875000 1.875000 0.187500
v 3.875000 1.875000 0.000000
f 3619 3620 3610
f 3619 3610 3609
f 3618 3617 3620
f 3618 3620 3619
f 3605 3606 3609
f 3605 3609 3610
f 3620 3617 3605
f 3620 3605 3610
f 3618 3619 3609
f 3618 3609 3606
usemtl steel
v 3.187500 1.250000 0.062500
v 3.187500 1.250000 0.187500
v 3.187500 1.750000 0.187500
f 3621 3622 3623
v 3.187500 1.750000 0.062500
f 3621 3623 3624
v 3.812500 1.250000 0.187500
v 3.812500 1.250000 0.062500
v 3.812500 1.750000 0.062500
f 3625 3626 3627
v 3.812500 1.750000 0.187500
f 3625 3627 3628
f 3622 3621 3626
f 3622 3626 3625
f 3624 3623 3628
f 3624 3628 3627
f 3626 3621 3624
f 3626 3624 3627
f 3622 3625 3628
f 3622 3628 3623
usemtl recess
v 3.250000 1.312500 0.046875
v 3.250000 1.312500 0.062500
v 3.250000 1.687500 0.062500
f 3629 3630 3631
v 3.250000 1.687500 0.046875
f 3629 3631 3632
v 3.750000 1.312500 0.062500
v 3.750000 1.312500 0.046875
v 3.750000 1.687500 0.046875
f 3633 3634 3635
v 3.750000 1.687500 0.062500
f 3633 3635 3636
f 3630 3629 3634
f 3630 3634 3633
f 3632 3631 3636
f 3632 3636 3635
f 3634 3629 3632
f 3634 3632 3635
f 3630 3633 3636
f 3630 3636 3631
usemtl lamp
v 3.312500 1.437500 0.031250
v 3.312500 1.437500 0.046875
v 3.312500 1.562500 0.046875
f 3637 3638 3639
v 3.312500 1.562500 0.031250
f 3637 3639 3640
v 3.375000 1.437500 0.046875
v 3.375000 1.437500 0.031250
v 3.375000 1.562500 0.031250
f 3641 3642 3643
v 3.375000 1.562500 0.046875
f 3641 3643 3644
f 3638 3637 3642
f 3638 3642 3641
f 3640 3639 3644
f 3640 3644 3643
f 3642 3637 3640
f 3642 3640 3643
f 3638 3641 3644
f 3638 3644 3639
o coil_3_1_3
usemtl steel
v 3.000000 1.000000 3.000000
v 3.000000 1.000000 4.000000
v 3.000000 1.187500 4.000000
f 3645 3646 3647
v 3.000000 1.187500 3.000000
f 3645 3647 3648
v 4.000000 1.000000 4.000000
v 4.000000 1.000000 3.000000
v 4.000000 1.187500 3.000000
f 3649 3650 3651
v 4.000000 1.187500 4.000000
f 3649 3651 3652
f 3646 3645 3650
f 3646 3650 3649
f 3648 3647 3652
f 3648 3652 3651
f 3650 3645 3648
f 3650 3648 3651
f 3646 3649 3652
f 3646 3652 3647
usemtl armor
v 3.062500 1.187500 3.062500
v 3.062500 1.187500 3.937500
v 3.062500 1.625000 3.937500
f 3653 3654 3655
v 3.062500 1.625000 3.062500
f 3653 3655 3656
v 3.937500 1.187500 3.937500
v 3.937500 1.187500 3.062500
v 3.937500 1.625000 3.062500
f 3657 3658 3659
v 3.937500 1.625000 3.937500
f 3657 3659 3660
f 3654 3653 3658
f 3654 3658 3657
f 3656 3655 3660
f 3656 3660 3659
f 3658 3653 3656
f 3658 3656 3659
f 3654 3657 3660
f 3654 3660 3655
usemtl graphite
v 3.187500 1.625000 3.187500
v 3.187500 1.625000 3.812500
v 3.187500 1.812500 3.812500
f 3661 3662 3663
v 3.187500 1.812500 3.187500
f 3661 3663 3664
v 3.812500 1.625000 3.812500
v 3.812500 1.625000 3.187500
v 3.812500 1.812500 3.187500
f 3665 3666 3667
v 3.812500 1.812500 3.812500
f 3665 3667 3668
f 3662 3661 3666
f 3662 3666 3665
f 3664 3663 3668
f 3664 3668 3667
f 3666 3661 3664
f 3666 3664 3667
f 3662 3665 3668
f 3662 3668 3663
usemtl steel
v 3.250000 1.812500 3.250000
v 3.250000 1.812500 3.750000
v 3.250000 2.062500 3.750000
f 3669 3670 3671
v 3.250000 2.062500 3.250000
f 3669 3671 3672
v 3.750000 1.812500 3.750000
v 3.750000 1.812500 3.250000
v 3.750000 2.062500 3.250000
f 3673 3674 3675
v 3.750000 2.062500 3.750000
f 3673 3675 3676
f 3670 3669 3674
f 3670 3674 3673
f 3672 3671 3676
f 3672 3676 3675
f 3674 3669 3672
f 3674 3672 3675
f 3670 3673 3676
f 3670 3676 3671
usemtl recess
v 3.312500 2.062500 3.312500
v 3.312500 2.062500 3.687500
v 3.312500 2.125000 3.687500
f 3677 3678 3679
v 3.312500 2.125000 3.312500
f 3677 3679 3680
v 3.687500 2.062500 3.687500
v 3.687500 2.062500 3.312500
v 3.687500 2.125000 3.312500
f 3681 3682 3683
v 3.687500 2.125000 3.687500
f 3681 3683 3684
f 3678 3677 3682
f 3678 3682 3681
f 3680 3679 3684
f 3680 3684 3683
f 3682 3677 3680
f 3682 3680 3683
f 3678 3681 3684
f 3678 3684 3679
usemtl armor
v 3.187500 2.062500 3.187500
v 3.187500 2.062500 3.812500
v 3.187500 2.250000 3.812500
f 3685 3686 3687
v 3.187500 2.250000 3.187500
f 3685 3687 3688
v 3.312500 2.062500 3.812500
v 3.312500 2.062500 3.187500
v 3.312500 2.250000 3.187500
f 3689 3690 3691
v 3.312500 2.250000 3.812500
f 3689 3691 3692
f 3686 3685 3690
f 3686 3690 3689
f 3688 3687 3692
f 3688 3692 3691
f 3690 3685 3688
f 3690 3688 3691
f 3686 3689 3692
f 3686 3692 3687
v 3.687500 2.062500 3.187500
v 3.687500 2.062500 3.812500
v 3.687500 2.250000 3.812500
f 3693 3694 3695
v 3.687500 2.250000 3.187500
f 3693 3695 3696
v 3.812500 2.062500 3.812500
v 3.812500 2.062500 3.187500
v 3.812500 2.250000 3.187500
f 3697 3698 3699
v 3.812500 2.250000 3.812500
f 3697 3699 3700
f 3694 3693 3698
f 3694 3698 3697
f 3696 3695 3700
f 3696 3700 3699
f 3698 3693 3696
f 3698 3696 3699
f 3694 3697 3700
f 3694 3700 3695
v 3.312500 2.250000 3.312500
f 3690 3677 3701
f 3690 3701 3691
f 3682 3693 3696
v 3.687500 2.250000 3.312500
f 3682 3696 3702
f 3677 3690 3693
f 3677 3693 3682
f 3691 3701 3702
f 3691 3702 3696
f 3693 3690 3691
f 3693 3691 3696
f 3677 3682 3702
f 3677 3702 3701
f 3678 3689 3692
v 3.312500 2.250000 3.687500
f 3678 3692 3703
v 3.687500 2.250000 3.687500
f 3694 3681 3704
f 3694 3704 3695
f 3689 3678 3681
f 3689 3681 3694
f 3703 3692 3695
f 3703 3695 3704
f 3681 3678 3703
f 3681 3703 3704
f 3689 3694 3695
f 3689 3695 3692
usemtl lamp
v 3.062500 1.625000 3.375000
v 3.062500 1.625000 3.625000
v 3.062500 1.687500 3.625000
f 3705 3706 3707
v 3.062500 1.687500 3.375000
f 3705 3707 3708
v 3.187500 1.625000 3.625000
v 3.187500 1.625000 3.375000
v 3.187500 1.687500 3.375000
f 3709 3710 3711
v 3.187500 1.687500 3.625000
f 3709 3711 3712
f 3706 3705 3710
f 3706 3710 3709
f 3708 3707 3712
f 3708 3712 3711
f 3710 3705 3708
f 3710 3708 3711
f 3706 3709 3712
f 3706 3712 3707
v 3.812500 1.625000 3.375000
v 3.812500 1.625000 3.625000
v 3.812500 1.687500 3.625000
f 3713 3714 3715
v 3.812500 1.687500 3.375000
f 3713 3715 3716
v 3.937500 1.625000 3.625000
v 3.937500 1.625000 3.375000
v 3.937500 1.687500 3.375000
f 3717 3718 3719
v 3.937500 1.687500 3.625000
f 3717 3719 3720
f 3714 3713 3718
f 3714 3718 3717
f 3716 3715 3720
f 3716 3720 3719
f 3718 3713 3716
f 3718 3716 3719
f 3714 3717 3720
f 3714 3720 3715
usemtl graphite
v 3.125000 1.625000 3.125000
v 3.125000 1.625000 3.250000
v 3.125000 1.687500 3.250000
f 3721 3722 3723
v 3.125000 1.687500 3.125000
f 3721 3723 3724
v 3.875000 1.625000 3.250000
v 3.875000 1.625000 3.125000
v 3.875000 1.687500 3.125000
f 3725 3726 3727
v 3.875000 1.687500 3.250000
f 3725 3727 3728
f 3722 3721 3726
f 3722 3726 3725
f 3724 3723 3728
f 3724 3728 3727
f 3726 3721 3724
f 3726 3724 3727
f 3722 3725 3728
f 3722 3728 3723
v 3.125000 1.625000 3.750000
v 3.125000 1.625000 3.875000
v 3.125000 1.687500 3.875000
f 3729 3730 3731
v 3.125000 1.687500 3.750000
f 3729 3731 3732
v 3.875000 1.625000 3.875000
v 3.875000 1.625000 3.750000
v 3.875000 1.687500 3.750000
f 3733 3734 3735
v 3.875000 1.687500 3.875000
f 3733 3735 3736
f 3730 3729 3734
f 3730 3734 3733
f 3732 3731 3736
f 3732 3736 3735
f 3734 3729 3732
f 3734 3732 3735
f 3730 3733 3736
f 3730 3736 3731
o coil_3_3_1
usemtl steel
v 3.000000 3.000000 1.000000
v 3.000000 3.000000 1.187500
v 3.000000 4.000000 1.187500
f 3737 3738 3739
v 3.000000 4.000000 1.000000
f 3737 3739 3740
v 4.000000 3.000000 1.187500
v 4.000000 3.000000 1.000000
v 4.000000 4.000000 1.000000
f 3741 3742 3743
v 4.000000 4.000000 1.187500
f 3741 3743 3744
f 3738 3737 3742
f 3738 3742 3741
f 3740 3739 3744
f 3740 3744 3743
f 3742 3737 3740
f 3742 3740 3743
f 3738 3741 3744
f 3738 3744 3739
usemtl armor
v 3.062500 3.062500 1.187500
v 3.062500 3.062500 1.625000
v 3.062500 3.937500 1.625000
f 3745 3746 3747
v 3.062500 3.937500 1.187500
f 3745 3747 3748
v 3.937500 3.062500 1.625000
v 3.937500 3.062500 1.187500
v 3.937500 3.937500 1.187500
f 3749 3750 3751
v 3.937500 3.937500 1.625000
f 3749 3751 3752
f 3746 3745 3750
f 3746 3750 3749
f 3748 3747 3752
f 3748 3752 3751
f 3750 3745 3748
f 3750 3748 3751
f 3746 3749 3752
f 3746 3752 3747
usemtl graphite
v 3.187500 3.187500 1.625000
v 3.187500 3.187500 1.812500
v 3.187500 3.812500 1.812500
f 3753 3754 3755
v 3.187500 3.812500 1.625000
f 3753 3755 3756
v 3.812500 3.187500 1.812500
v 3.812500 3.187500 1.625000
v 3.812500 3.812500 1.625000
f 3757 3758 3759
v 3.812500 3.812500 1.812500
f 3757 3759 3760
f 3754 3753 3758
f 3754 3758 3757
f 3756 3755 3760
f 3756 3760 3759
f 3758 3753 3756
f 3758 3756 3759
f 3754 3757 3760
f 3754 3760 3755
usemtl steel
v 3.250000 3.250000 1.812500
v 3.250000 3.250000 2.062500
v 3.250000 3.750000 2.062500
f 3761 3762 3763
v 3.250000 3.750000 1.812500
f 3761 3763 3764
v 3.750000 3.250000 2.062500
v 3.750000 3.250000 1.812500
v 3.750000 3.750000 1.812500
f 3765 3766 3767
v 3.750000 3.750000 2.062500
f 3765 3767 3768
f 3762 3761 3766
f 3762 3766 3765
f 3764 3763 3768
f 3764 3768 3767
f 3766 3761 3764
f 3766 3764 3767
f 3762 3765 3768
f 3762 3768 3763
usemtl recess
v 3.312500 3.312500 2.062500
v 3.312500 3.312500 2.125000
v 3.312500 3.687500 2.125000
f 3769 3770 3771
v 3.312500 3.687500 2.062500
f 3769 3771 3772
v 3.687500 3.312500 2.125000
v 3.687500 3.312500 2.062500
v 3.687500 3.687500 2.062500
f 3773 3774 3775
v 3.687500 3.687500 2.125000
f 3773 3775 3776
f 3770 3769 3774
f 3770 3774 3773
f 3772 3771 3776
f 3772 3776 3775
f 3774 3769 3772
f 3774 3772 3775
f 3770 3773 3776
f 3770 3776 3771
usemtl armor
v 3.687500 3.187500 2.062500
v 3.687500 3.187500 2.250000
v 3.687500 3.812500 2.250000
f 3777 3778 3779
v 3.687500 3.812500 2.062500
f 3777 3779 3780
v 3.812500 3.187500 2.250000
v 3.812500 3.187500 2.062500
v 3.812500 3.812500 2.062500
f 3781 3782 3783
v 3.812500 3.812500 2.250000
f 3781 3783 3784
f 3778 3777 3782
f 3778 3782 3781
f 3780 3779 3784
f 3780 3784 3783
f 3782 3777 3780
f 3782 3780 3783
f 3778 3781 3784
f 3778 3784 3779
v 3.187500 3.187500 2.062500
v 3.187500 3.187500 2.250000
v 3.187500 3.812500 2.250000
f 3785 3786 3787
v 3.187500 3.812500 2.062500
f 3785 3787 3788
v 3.312500 3.187500 2.250000
v 3.312500 3.187500 2.062500
v 3.312500 3.812500 2.062500
f 3789 3790 3791
v 3.312500 3.812500 2.250000
f 3789 3791 3792
f 3786 3785 3790
f 3786 3790 3789
f 3788 3787 3792
f 3788 3792 3791
f 3790 3785 3788
f 3790 3788 3791
f 3786 3789 3792
f 3786 3792 3787
v 3.312500 3.312500 2.250000
f 3790 3789 3793
f 3790 3793 3769
f 3778 3777 3774
v 3.687500 3.312500 2.250000
f 3778 3774 3794
f 3789 3790 3777
f 3789 3777 3778
f 3769 3793 3794
f 3769 3794 3774
f 3777 3790 3769
f 3777 3769 3774
f 3789 3778 3794
f 3789 3794 3793
v 3.312500 3.687500 2.250000
f 3772 3795 3792
f 3772 3792 3791
v 3.687500 3.687500 2.250000
f 3796 3775 3780
f 3796 3780 3779
f 3795 3772 3775
f 3795 3775 3796
f 3791 3792 3779
f 3791 3779 3780
f 3775 3772 3791
f 3775 3791 3780
f 3795 3796 3779
f 3795 3779 3792
usemtl lamp
v 3.812500 3.375000 1.625000
v 3.812500 3.375000 1.687500
v 3.812500 3.625000 1.687500
f 3797 3798 3799
v 3.812500 3.625000 1.625000
f 3797 3799 3800
v 3.937500 3.375000 1.687500
v 3.937500 3.375000 1.625000
v 3.937500 3.625000 1.625000
f 3801 3802 3803
v 3.937500 3.625000 1.687500
f 3801 3803 3804
f 3798 3797 3802
f 3798 3802 3801
f 3800 3799 3804
f 3800 3804 3803
f 3802 3797 3800
f 3802 3800 3803
f 3798 3801 3804
f 3798 3804 3799
v 3.062500 3.375000 1.625000
v 3.062500 3.375000 1.687500
v 3.062500 3.625000 1.687500
f 3805 3806 3807
v 3.062500 3.625000 1.625000
f 3805 3807 3808
v 3.187500 3.375000 1.687500
v 3.187500 3.375000 1.625000
v 3.187500 3.625000 1.625000
f 3809 3810 3811
v 3.187500 3.625000 1.687500
f 3809 3811 3812
f 3806 3805 3810
f 3806 3810 3809
f 3808 3807 3812
f 3808 3812 3811
f 3810 3805 3808
f 3810 3808 3811
f 3806 3809 3812
f 3806 3812 3807
usemtl graphite
v 3.125000 3.125000 1.625000
v 3.125000 3.125000 1.687500
v 3.125000 3.250000 1.687500
f 3813 3814 3815
v 3.125000 3.250000 1.625000
f 3813 3815 3816
v 3.875000 3.125000 1.687500
v 3.875000 3.125000 1.625000
v 3.875000 3.250000 1.625000
f 3817 3818 3819
v 3.875000 3.250000 1.687500
f 3817 3819 3820
f 3814 3813 3818
f 3814 3818 3817
f 3816 3815 3820
f 3816 3820 3819
f 3818 3813 3816
f 3818 3816 3819
f 3814 3817 3820
f 3814 3820 3815
v 3.125000 3.750000 1.625000
v 3.125000 3.750000 1.687500
v 3.125000 3.875000 1.687500
f 3821 3822 3823
v 3.125000 3.875000 1.625000
f 3821 3823 3824
v 3.875000 3.750000 1.687500
v 3.875000 3.750000 1.625000
v 3.875000 3.875000 1.625000
f 3825 3826 3827
v 3.875000 3.875000 1.687500
f 3825 3827 3828
f 3822 3821 3826
f 3822 3826 3825
f 3824 3823 3828
f 3824 3828 3827
f 3826 3821 3824
f 3826 3824 3827
f 3822 3825 3828
f 3822 3828 3823
o coil_3_3_5
usemtl steel
v 3.000000 3.000000 5.812500
v 3.000000 3.000000 6.000000
v 3.000000 4.000000 6.000000
f 3829 3830 3831
v 3.000000 4.000000 5.812500
f 3829 3831 3832
v 4.000000 3.000000 6.000000
v 4.000000 3.000000 5.812500
v 4.000000 4.000000 5.812500
f 3833 3834 3835
v 4.000000 4.000000 6.000000
f 3833 3835 3836
f 3830 3829 3834
f 3830 3834 3833
f 3832 3831 3836
f 3832 3836 3835
f 3834 3829 3832
f 3834 3832 3835
f 3830 3833 3836
f 3830 3836 3831
usemtl armor
v 3.062500 3.062500 5.375000
v 3.062500 3.062500 5.812500
v 3.062500 3.937500 5.812500
f 3837 3838 3839
v 3.062500 3.937500 5.375000
f 3837 3839 3840
v 3.937500 3.062500 5.812500
v 3.937500 3.062500 5.375000
v 3.937500 3.937500 5.375000
f 3841 3842 3843
v 3.937500 3.937500 5.812500
f 3841 3843 3844
f 3838 3837 3842
f 3838 3842 3841
f 3840 3839 3844
f 3840 3844 3843
f 3842 3837 3840
f 3842 3840 3843
f 3838 3841 3844
f 3838 3844 3839
usemtl graphite
v 3.187500 3.187500 5.187500
v 3.187500 3.187500 5.375000
v 3.187500 3.812500 5.375000
f 3845 3846 3847
v 3.187500 3.812500 5.187500
f 3845 3847 3848
v 3.812500 3.187500 5.375000
v 3.812500 3.187500 5.187500
v 3.812500 3.812500 5.187500
f 3849 3850 3851
v 3.812500 3.812500 5.375000
f 3849 3851 3852
f 3846 3845 3850
f 3846 3850 3849
f 3848 3847 3852
f 3848 3852 3851
f 3850 3845 3848
f 3850 3848 3851
f 3846 3849 3852
f 3846 3852 3847
usemtl steel
v 3.250000 3.250000 4.937500
v 3.250000 3.250000 5.187500
v 3.250000 3.750000 5.187500
f 3853 3854 3855
v 3.250000 3.750000 4.937500
f 3853 3855 3856
v 3.750000 3.250000 5.187500
v 3.750000 3.250000 4.937500
v 3.750000 3.750000 4.937500
f 3857 3858 3859
v 3.750000 3.750000 5.187500
f 3857 3859 3860
f 3854 3853 3858
f 3854 3858 3857
f 3856 3855 3860
f 3856 3860 3859
f 3858 3853 3856
f 3858 3856 3859
f 3854 3857 3860
f 3854 3860 3855
usemtl recess
v 3.312500 3.312500 4.875000
v 3.312500 3.312500 4.937500
v 3.312500 3.687500 4.937500
f 3861 3862 3863
v 3.312500 3.687500 4.875000
f 3861 3863 3864
v 3.687500 3.312500 4.937500
v 3.687500 3.312500 4.875000
v 3.687500 3.687500 4.875000
f 3865 3866 3867
v 3.687500 3.687500 4.937500
f 3865 3867 3868
f 3862 3861 3866
f 3862 3866 3865
f 3864 3863 3868
f 3864 3868 3867
f 3866 3861 3864
f 3866 3864 3867
f 3862 3865 3868
f 3862 3868 3863
usemtl armor
v 3.187500 3.187500 4.750000
v 3.187500 3.187500 4.937500
v 3.187500 3.812500 4.937500
f 3869 3870 3871
v 3.187500 3.812500 4.750000
f 3869 3871 3872
v 3.312500 3.187500 4.937500
v 3.312500 3.187500 4.750000
v 3.312500 3.812500 4.750000
f 3873 3874 3875
v 3.312500 3.812500 4.937500
f 3873 3875 3876
f 3870 3869 3874
f 3870 3874 3873
f 3872 3871 3876
f 3872 3876 3875
f 3874 3869 3872
f 3874 3872 3875
f 3870 3873 3876
f 3870 3876 3871
v 3.687500 3.187500 4.750000
v 3.687500 3.187500 4.937500
v 3.687500 3.812500 4.937500
f 3877 3878 3879
v 3.687500 3.812500 4.750000
f 3877 3879 3880
v 3.812500 3.187500 4.937500
v 3.812500 3.187500 4.750000
v 3.812500 3.812500 4.750000
f 3881 3882 3883
v 3.812500 3.812500 4.937500
f 3881 3883 3884
f 3878 3877 3882
f 3878 3882 3881
f 3880 3879 3884
f 3880 3884 3883
f 3882 3877 3880
f 3882 3880 3883
f 3878 3881 3884
f 3878 3884 3879
f 3874 3873 3862
v 3.312500 3.312500 4.750000
f 3874 3862 3885
v 3.687500 3.312500 4.750000
f 3878 3877 3886
f 3878 3886 3865
f 3873 3874 3877
f 3873 3877 3878
f 3885 3862 3865
f 3885 3865 3886
f 3877 3874 3885
f 3877 3885 3886
f 3873 3878 3865
f 3873 3865 3862
v 3.312500 3.687500 4.750000
f 3887 3863 3876
f 3887 3876 3875
v 3.687500 3.687500 4.750000
f 3868 3888 3880
f 3868 3880 3879
f 3863 3887 3888
f 3863 3888 3868
f 3875 3876 3879
f 3875 3879 3880
f 3888 3887 3875
f 3888 3875 3880
f 3863 3868 3879
f 3863 3879 3876
usemtl lamp
v 3.062500 3.375000 5.312500
v 3.062500 3.375000 5.375000
v 3.062500 3.625000 5.375000
f 3889 3890 3891
v 3.062500 3.625000 5.312500
f 3889 3891 3892
v 3.187500 3.375000 5.375000
v 3.187500 3.375000 5.312500
v 3.187500 3.625000 5.312500
f 3893 3894 3895
v 3.187500 3.625000 5.375000
f 3893 3895 3896
f 3890 3889 3894
f 3890 3894 3893
f 3892 3891 3896
f 3892 3896 3895
f 3894 3889 3892
f 3894 3892 3895
f 3890 3893 3896
f 3890 3896 3891
v 3.812500 3.375000 5.312500
v 3.812500 3.375000 5.375000
v 3.812500 3.625000 5.375000
f 3897 3898 3899
v 3.812500 3.625000 5.312500
f 3897 3899 3900
v 3.937500 3.375000 5.375000
v 3.937500 3.375000 5.312500
v 3.937500 3.625000 5.312500
f 3901 3902 3903
v 3.937500 3.625000 5.375000
f 3901 3903 3904
f 3898 3897 3902
f 3898 3902 3901
f 3900 3899 3904
f 3900 3904 3903
f 3902 3897 3900
f 3902 3900 3903
f 3898 3901 3904
f 3898 3904 3899
usemtl graphite
v 3.125000 3.125000 5.312500
v 3.125000 3.125000 5.375000
v 3.125000 3.250000 5.375000
f 3905 3906 3907
v 3.125000 3.250000 5.312500
f 3905 3907 3908
v 3.875000 3.125000 5.375000
v 3.875000 3.125000 5.312500
v 3.875000 3.250000 5.312500
f 3909 3910 3911
v 3.875000 3.250000 5.375000
f 3909 3911 3912
f 3906 3905 3910
f 3906 3910 3909
f 3908 3907 3912
f 3908 3912 3911
f 3910 3905 3908
f 3910 3908 3911
f 3906 3909 3912
f 3906 3912 3907
v 3.125000 3.750000 5.312500
v 3.125000 3.750000 5.375000
v 3.125000 3.875000 5.375000
f 3913 3914 3915
v 3.125000 3.875000 5.312500
f 3913 3915 3916
v 3.875000 3.750000 5.375000
v 3.875000 3.750000 5.312500
v 3.875000 3.875000 5.312500
f 3917 3918 3919
v 3.875000 3.875000 5.375000
f 3917 3919 3920
f 3914 3913 3918
f 3914 3918 3917
f 3916 3915 3920
f 3916 3920 3919
f 3918 3913 3916
f 3918 3916 3919
f 3914 3917 3920
f 3914 3920 3915
o coil_3_5_3
usemtl steel
v 3.000000 5.812500 3.000000
v 3.000000 5.812500 4.000000
v 3.000000 6.000000 4.000000
f 3921 3922 3923
v 3.000000 6.000000 3.000000
f 3921 3923 3924
v 4.000000 5.812500 4.000000
v 4.000000 5.812500 3.000000
v 4.000000 6.000000 3.000000
f 3925 3926 3927
v 4.000000 6.000000 4.000000
f 3925 3927 3928
f 3922 3921 3926
f 3922 3926 3925
f 3924 3923 3928
f 3924 3928 3927
f 3926 3921 3924
f 3926 3924 3927
f 3922 3925 3928
f 3922 3928 3923
usemtl armor
v 3.062500 5.375000 3.062500
v 3.062500 5.375000 3.937500
v 3.062500 5.812500 3.937500
f 3929 3930 3931
v 3.062500 5.812500 3.062500
f 3929 3931 3932
v 3.937500 5.375000 3.937500
v 3.937500 5.375000 3.062500
v 3.937500 5.812500 3.062500
f 3933 3934 3935
v 3.937500 5.812500 3.937500
f 3933 3935 3936
f 3930 3929 3934
f 3930 3934 3933
f 3932 3931 3936
f 3932 3936 3935
f 3934 3929 3932
f 3934 3932 3935
f 3930 3933 3936
f 3930 3936 3931
usemtl graphite
v 3.187500 5.187500 3.187500
v 3.187500 5.187500 3.812500
v 3.187500 5.375000 3.812500
f 3937 3938 3939
v 3.187500 5.375000 3.187500
f 3937 3939 3940
v 3.812500 5.187500 3.812500
v 3.812500 5.187500 3.187500
v 3.812500 5.375000 3.187500
f 3941 3942 3943
v 3.812500 5.375000 3.812500
f 3941 3943 3944
f 3938 3937 3942
f 3938 3942 3941
f 3940 3939 3944
f 3940 3944 3943
f 3942 3937 3940
f 3942 3940 3943
f 3938 3941 3944
f 3938 3944 3939
usemtl steel
v 3.250000 4.937500 3.250000
v 3.250000 4.937500 3.750000
v 3.250000 5.187500 3.750000
f 3945 3946 3947
v 3.250000 5.187500 3.250000
f 3945 3947 3948
v 3.750000 4.937500 3.750000
v 3.750000 4.937500 3.250000
v 3.750000 5.187500 3.250000
f 3949 3950 3951
v 3.750000 5.187500 3.750000
f 3949 3951 3952
f 3946 3945 3950
f 3946 3950 3949
f 3948 3947 3952
f 3948 3952 3951
f 3950 3945 3948
f 3950 3948 3951
f 3946 3949 3952
f 3946 3952 3947
usemtl recess
v 3.312500 4.875000 3.312500
v 3.312500 4.875000 3.687500
v 3.312500 4.937500 3.687500
f 3953 3954 3955
v 3.312500 4.937500 3.312500
f 3953 3955 3956
v 3.687500 4.875000 3.687500
v 3.687500 4.875000 3.312500
v 3.687500 4.937500 3.312500
f 3957 3958 3959
v 3.687500 4.937500 3.687500
f 3957 3959 3960
f 3954 3953 3958
f 3954 3958 3957
f 3956 3955 3960
f 3956 3960 3959
f 3958 3953 3956
f 3958 3956 3959
f 3954 3957 3960
f 3954 3960 3955
usemtl armor
v 3.187500 4.750000 3.187500
v 3.187500 4.750000 3.812500
v 3.187500 4.937500 3.812500
f 3961 3962 3963
v 3.187500 4.937500 3.187500
f 3961 3963 3964
v 3.312500 4.750000 3.812500
v 3.312500 4.750000 3.187500
v 3.312500 4.937500 3.187500
f 3965 3966 3967
v 3.312500 4.937500 3.812500
f 3965 3967 3968
f 3962 3961 3966
f 3962 3966 3965
f 3964 3963 3968
f 3964 3968 3967
f 3966 3961 3964
f 3966 3964 3967
f 3962 3965 3968
f 3962 3968 3963
v 3.687500 4.750000 3.187500
v 3.687500 4.750000 3.812500
v 3.687500 4.937500 3.812500
f 3969 3970 3971
v 3.687500 4.937500 3.187500
f 3969 3971 3972
v 3.812500 4.750000 3.812500
v 3.812500 4.750000 3.187500
v 3.812500 4.937500 3.187500
f 3973 3974 3975
v 3.812500 4.937500 3.812500
f 3973 3975 3976
f 3970 3969 3974
f 3970 3974 3973
f 3972 3971 3976
f 3972 3976 3975
f 3974 3969 3972
f 3974 3972 3975
f 3970 3973 3976
f 3970 3976 3971
v 3.312500 4.750000 3.687500
f 3977 3965 3968
f 3977 3968 3955
v 3.687500 4.750000 3.687500
f 3970 3978 3960
f 3970 3960 3971
f 3965 3977 3978
f 3965 3978 3970
f 3955 3968 3971
f 3955 3971 3960
f 3978 3977 3955
f 3978 3955 3960
f 3965 3970 3971
f 3965 3971 3968
v 3.312500 4.750000 3.312500
f 3966 3979 3956
f 3966 3956 3967
v 3.687500 4.750000 3.312500
f 3980 3969 3972
f 3980 3972 3959
f 3979 3966 3969
f 3979 3969 3980
f 3967 3956 3959
f 3967 3959 3972
f 3969 3966 3967
f 3969 3967 3972
f 3979 3980 3959
f 3979 3959 3956
usemtl lamp
v 3.062500 5.312500 3.375000
v 3.062500 5.312500 3.625000
v 3.062500 5.375000 3.625000
f 3981 3982 3983
v 3.062500 5.375000 3.375000
f 3981 3983 3984
v 3.187500 5.312500 3.625000
v 3.187500 5.312500 3.375000
v 3.187500 5.375000 3.375000
f 3985 3986 3987
v 3.187500 5.375000 3.625000
f 3985 3987 3988
f 3982 3981 3986
f 3982 3986 3985
f 3984 3983 3988
f 3984 3988 3987
f 3986 3981 3984
f 3986 3984 3987
f 3982 3985 3988
f 3982 3988 3983
v 3.812500 5.312500 3.375000
v 3.812500 5.312500 3.625000
v 3.812500 5.375000 3.625000
f 3989 3990 3991
v 3.812500 5.375000 3.375000
f 3989 3991 3992
v 3.937500 5.312500 3.625000
v 3.937500 5.312500 3.375000
v 3.937500 5.375000 3.375000
f 3993 3994 3995
v 3.937500 5.375000 3.625000
f 3993 3995 3996
f 3990 3989 3994
f 3990 3994 3993
f 3992 3991 3996
f 3992 3996 3995
f 3994 3989 3992
f 3994 3992 3995
f 3990 3993 3996
f 3990 3996 3991
usemtl graphite
v 3.125000 5.312500 3.750000
v 3.125000 5.312500 3.875000
v 3.125000 5.375000 3.875000
f 3997 3998 3999
v 3.125000 5.375000 3.750000
f 3997 3999 4000
v 3.875000 5.312500 3.875000
v 3.875000 5.312500 3.750000
v 3.875000 5.375000 3.750000
f 4001 4002 4003
v 3.875000 5.375000 3.875000
f 4001 4003 4004
f 3998 3997 4002
f 3998 4002 4001
f 4000 3999 4004
f 4000 4004 4003
f 4002 3997 4000
f 4002 4000 4003
f 3998 4001 4004
f 3998 4004 3999
v 3.125000 5.312500 3.125000
v 3.125000 5.312500 3.250000
v 3.125000 5.375000 3.250000
f 4005 4006 4007
v 3.125000 5.375000 3.125000
f 4005 4007 4008
v 3.875000 5.312500 3.250000
v 3.875000 5.312500 3.125000
v 3.875000 5.375000 3.125000
f 4009 4010 4011
v 3.875000 5.375000 3.250000
f 4009 4011 4012
f 4006 4005 4010
f 4006 4010 4009
f 4008 4007 4012
f 4008 4012 4011
f 4010 4005 4008
f 4010 4008 4011
f 4006 4009 4012
f 4006 4012 4007
o frame_3_6_0
usemtl armor
v 3.000000 6.187500 0.187500
v 3.000000 6.187500 0.812500
v 3.000000 6.812500 0.812500
f 4013 4014 4015
v 3.000000 6.812500 0.187500
f 4013 4015 4016
v 4.000000 6.187500 0.812500
v 4.000000 6.187500 0.187500
v 4.000000 6.812500 0.187500
f 4017 4018 4019
v 4.000000 6.812500 0.812500
f 4017 4019 4020
f 4014 4013 4018
f 4014 4018 4017
f 4016 4015 4020
f 4016 4020 4019
f 4018 4013 4016
f 4018 4016 4019
f 4014 4017 4020
f 4014 4020 4015
usemtl steel
v 3.000000 6.000000 0.000000
v 3.000000 6.000000 0.187500
f 4021 4022 4013
v 3.000000 6.187500 0.000000
f 4021 4013 4023
v 4.000000 6.000000 0.187500
v 4.000000 6.000000 0.000000
v 4.000000 6.187500 0.000000
f 4024 4025 4026
f 4024 4026 4018
f 4022 4021 4025
f 4022 4025 4024
f 4023 4013 4018
f 4023 4018 4026
f 4025 4021 4023
f 4025 4023 4026
f 4022 4024 4018
f 4022 4018 4013
v 3.000000 6.000000 0.812500
v 3.000000 6.000000 1.000000
v 3.000000 6.187500 1.000000
f 4027 4028 4029
f 4027 4029 4014
v 4.000000 6.000000 1.000000
v 4.000000 6.000000 0.812500
f 4030 4031 4017
v 4.000000 6.187500 1.000000
f 4030 4017 4032
f 4028 4027 4031
f 4028 4031 4030
f 4014 4029 4032
f 4014 4032 4017
f 4031 4027 4014
f 4031 4014 4017
f 4028 4030 4032
f 4028 4032 4029
v 3.000000 6.812500 0.000000
v 3.000000 7.000000 0.187500
f 4033 4016 4034
v 3.000000 7.000000 0.000000
f 4033 4034 4035
v 4.000000 6.812500 0.000000
v 4.000000 7.000000 0.000000
f 4019 4036 4037
v 4.000000 7.000000 0.187500
f 4019 4037 4038
f 4016 4033 4036
f 4016 4036 4019
f 4035 4034 4038
f 4035 4038 4037
f 4036 4033 4035
f 4036 4035 4037
f 4016 4019 4038
f 4016 4038 4034
v 3.000000 6.812500 1.000000
v 3.000000 7.000000 1.000000
f 4015 4039 4040
v 3.000000 7.000000 0.812500
f 4015 4040 4041
v 4.000000 6.812500 1.000000
v 4.000000 7.000000 0.812500
f 4042 4020 4043
v 4.000000 7.000000 1.000000
f 4042 4043 4044
f 4039 4015 4020
f 4039 4020 4042
f 4041 4040 4044
f 4041 4044 4043
f 4020 4015 4041
f 4020 4041 4043
f 4039 4042 4044
f 4039 4044 4040
usemtl edge
v 3.000000 6.250000 0.062500
v 3.000000 6.250000 0.187500
v 3.000000 6.750000 0.187500
f 4045 4046 4047
v 3.000000 6.750000 0.062500
f 4045 4047 4048
v 4.000000 6.250000 0.187500
v 4.000000 6.250000 0.062500
v 4.000000 6.750000 0.062500
f 4049 4050 4051
v 4.000000 6.750000 0.187500
f 4049 4051 4052
f 4046 4045 4050
f 4046 4050 4049
f 4048 4047 4052
f 4048 4052 4051
f 4050 4045 4048
f 4050 4048 4051
f 4046 4049 4052
f 4046 4052 4047
v 3.000000 6.250000 0.812500
v 3.000000 6.250000 0.937500
v 3.000000 6.750000 0.937500
f 4053 4054 4055
v 3.000000 6.750000 0.812500
f 4053 4055 4056
v 4.000000 6.250000 0.937500
v 4.000000 6.250000 0.812500
v 4.000000 6.750000 0.812500
f 4057 4058 4059
v 4.000000 6.750000 0.937500
f 4057 4059 4060
f 4054 4053 4058
f 4054 4058 4057
f 4056 4055 4060
f 4056 4060 4059
f 4058 4053 4056
f 4058 4056 4059
f 4054 4057 4060
f 4054 4060 4055
v 3.000000 6.062500 0.250000
v 3.000000 6.062500 0.750000
v 3.000000 6.187500 0.750000
f 4061 4062 4063
v 3.000000 6.187500 0.250000
f 4061 4063 4064
v 4.000000 6.062500 0.750000
v 4.000000 6.062500 0.250000
v 4.000000 6.187500 0.250000
f 4065 4066 4067
v 4.000000 6.187500 0.750000
f 4065 4067 4068
f 4062 4061 4066
f 4062 4066 4065
f 4064 4063 4068
f 4064 4068 4067
f 4066 4061 4064
f 4066 4064 4067
f 4062 4065 4068
f 4062 4068 4063
v 3.000000 6.812500 0.250000
v 3.000000 6.812500 0.750000
v 3.000000 6.937500 0.750000
f 4069 4070 4071
v 3.000000 6.937500 0.250000
f 4069 4071 4072
v 4.000000 6.812500 0.750000
v 4.000000 6.812500 0.250000
v 4.000000 6.937500 0.250000
f 4073 4074 4075
v 4.000000 6.937500 0.750000
f 4073 4075 4076
f 4070 4069 4074
f 4070 4074 4073
f 4072 4071 4076
f 4072 4076 4075
f 4074 4069 4072
f 4074 4072 4075
f 4070 4073 4076
f 4070 4076 4071
o panel_3_6_1
usemtl armor
v 3.000000 6.187500 1.000000
v 3.000000 6.187500 2.000000
v 3.000000 7.000000 2.000000
f 4077 4078 4079
v 3.000000 7.000000 1.000000
f 4077 4079 4080
v 4.000000 6.187500 2.000000
v 4.000000 6.187500 1.000000
v 4.000000 7.000000 1.000000
f 4081 4082 4083
v 4.000000 7.000000 2.000000
f 4081 4083 4084
f 4078 4077 4082
f 4078 4082 4081
f 4080 4079 4084
f 4080 4084 4083
f 4082 4077 4080
f 4082 4080 4083
f 4078 4081 4084
f 4078 4084 4079
usemtl graphite
v 3.125000 6.125000 1.125000
v 3.125000 6.125000 1.875000
v 3.125000 6.187500 1.875000
f 4085 4086 4087
v 3.125000 6.187500 1.125000
f 4085 4087 4088
v 3.875000 6.125000 1.875000
v 3.875000 6.125000 1.125000
v 3.875000 6.187500 1.125000
f 4089 4090 4091
v 3.875000 6.187500 1.875000
f 4089 4091 4092
f 4086 4085 4090
f 4086 4090 4089
f 4088 4087 4092
f 4088 4092 4091
f 4090 4085 4088
f 4090 4088 4091
f 4086 4089 4092
f 4086 4092 4087
usemtl steel
v 3.000000 6.000000 1.000000
v 3.000000 6.000000 2.000000
f 4093 4094 4078
f 4093 4078 4077
v 3.125000 6.000000 2.000000
v 3.125000 6.000000 1.000000
v 3.125000 6.187500 1.000000
f 4095 4096 4097
v 3.125000 6.187500 2.000000
f 4095 4097 4098
f 4094 4093 4096
f 4094 4096 4095
f 4077 4078 4098
f 4077 4098 4097
f 4096 4093 4077
f 4096 4077 4097
f 4094 4095 4098
f 4094 4098 4078
v 3.875000 6.000000 1.000000
v 3.875000 6.000000 2.000000
v 3.875000 6.187500 2.000000
f 4099 4100 4101
v 3.875000 6.187500 1.000000
f 4099 4101 4102
v 4.000000 6.000000 2.000000
v 4.000000 6.000000 1.000000
f 4103 4104 4082
f 4103 4082 4081
f 4100 4099 4104
f 4100 4104 4103
f 4102 4101 4081
f 4102 4081 4082
f 4104 4099 4102
f 4104 4102 4082
f 4100 4103 4081
f 4100 4081 4101
v 3.125000 6.000000 1.875000
f 4105 4095 4098
f 4105 4098 4087
v 3.875000 6.000000 1.875000
f 4100 4106 4092
f 4100 4092 4101
f 4095 4105 4106
f 4095 4106 4100
f 4087 4098 4101
f 4087 4101 4092
f 4106 4105 4087
f 4106 4087 4092
f 4095 4100 4101
f 4095 4101 4098
v 3.125000 6.000000 1.125000
f 4096 4107 4088
f 4096 4088 4097
v 3.875000 6.000000 1.125000
f 4108 4099 4102
f 4108 4102 4091
f 4107 4096 4099
f 4107 4099 4108
f 4097 4088 4091
f 4097 4091 4102
f 4099 4096 4097
f 4099 4097 4102
f 4107 4108 4091
f 4107 4091 4088
o panel_3_6_2
usemtl armor
v 3.000000 6.187500 2.000000
v 3.000000 6.187500 3.000000
v 3.000000 7.000000 3.000000
f 4109 4110 4111
v 3.000000 7.000000 2.000000
f 4109 4111 4112
v 4.000000 6.187500 3.000000
v 4.000000 6.187500 2.000000
v 4.000000 7.000000 2.000000
f 4113 4114 4115
v 4.000000 7.000000 3.000000
f 4113 4115 4116
f 4110 4109 4114
f 4110 4114 4113
f 4112 4111 4116
f 4112 4116 4115
f 4114 4109 4112
f 4114 4112 4115
f 4110 4113 4116
f 4110 4116 4111
usemtl graphite
v 3.125000 6.125000 2.125000
v 3.125000 6.125000 2.875000
v 3.125000 6.187500 2.875000
f 4117 4118 4119
v 3.125000 6.187500 2.125000
f 4117 4119 4120
v 3.875000 6.125000 2.875000
v 3.875000 6.125000 2.125000
v 3.875000 6.187500 2.125000
f 4121 4122 4123
v 3.875000 6.187500 2.875000
f 4121 4123 4124
f 4118 4117 4122
f 4118 4122 4121
f 4120 4119 4124
f 4120 4124 4123
f 4122 4117 4120
f 4122 4120 4123
f 4118 4121 4124
f 4118 4124 4119
usemtl steel
v 3.000000 6.000000 2.000000
v 3.000000 6.000000 3.000000
f 4125 4126 4110
f 4125 4110 4109
v 3.125000 6.000000 3.000000
v 3.125000 6.000000 2.000000
v 3.125000 6.187500 2.000000
f 4127 4128 4129
v 3.125000 6.187500 3.000000
f 4127 4129 4130
f 4126 4125 4128
f 4126 4128 4127
f 4109 4110 4130
f 4109 4130 4129
f 4128 4125 4109
f 4128 4109 4129
f 4126 4127 4130
f 4126 4130 4110
v 3.875000 6.000000 2.000000
v 3.875000 6.000000 3.000000
v 3.875000 6.187500 3.000000
f 4131 4132 4133
v 3.875000 6.187500 2.000000
f 4131 4133 4134
v 4.000000 6.000000 3.000000
v 4.000000 6.000000 2.000000
f 4135 4136 4114
f 4135 4114 4113
f 4132 4131 4136
f 4132 4136 4135
f 4134 4133 4113
f 4134 4113 4114
f 4136 4131 4134
f 4136 4134 4114
f 4132 4135 4113
f 4132 4113 4133
v 3.125000 6.000000 2.875000
f 4137 4127 4130
f 4137 4130 4119
v 3.875000 6.000000 2.875000
f 4132 4138 4124
f 4132 4124 4133
f 4127 4137 4138
f 4127 4138 4132
f 4119 4130 4133
f 4119 4133 4124
f 4138 4137 4119
f 4138 4119 4124
f 4127 4132 4133
f 4127 4133 4130
v 3.125000 6.000000 2.125000
f 4128 4139 4120
f 4128 4120 4129
v 3.875000 6.000000 2.125000
f 4140 4131 4134
f 4140 4134 4123
f 4139 4128 4131
f 4139 4131 4140
f 4129 4120 4123
f 4129 4123 4134
f 4131 4128 4129
f 4131 4129 4134
f 4139 4140 4123
f 4139 4123 4120
o panel_3_6_3
usemtl armor
v 3.000000 6.187500 3.000000
v 3.000000 6.187500 4.000000
v 3.000000 7.000000 4.000000
f 4141 4142 4143
v 3.000000 7.000000 3.000000
f 4141 4143 4144
v 4.000000 6.187500 4.000000
v 4.000000 6.187500 3.000000
v 4.000000 7.000000 3.000000
f 4145 4146 4147
v 4.000000 7.000000 4.000000
f 4145 4147 4148
f 4142 4141 4146
f 4142 4146 4145
f 4144 4143 4148
f 4144 4148 4147
f 4146 4141 4144
f 4146 4144 4147
f 4142 4145 4148
f 4142 4148 4143
usemtl graphite
v 3.125000 6.125000 3.125000
v 3.125000 6.125000 3.875000
v 3.125000 6.187500 3.875000
f 4149 4150 4151
v 3.125000 6.187500 3.125000
f 4149 4151 4152
v 3.875000 6.125000 3.875000
v 3.875000 6.125000 3.125000
v 3.875000 6.187500 3.125000
f 4153 4154 4155
v 3.875000 6.187500 3.875000
f 4153 4155 4156
f 4150 4149 4154
f 4150 4154 4153
f 4152 4151 4156
f 4152 4156 4155
f 4154 4149 4152
f 4154 4152 4155
f 4150 4153 4156
f 4150 4156 4151
usemtl steel
v 3.000000 6.000000 3.000000
v 3.000000 6.000000 4.000000
f 4157 4158 4142
f 4157 4142 4141
v 3.125000 6.000000 4.000000
v 3.125000 6.000000 3.000000
v 3.125000 6.187500 3.000000
f 4159 4160 4161
v 3.125000 6.187500 4.000000
f 4159 4161 4162
f 4158 4157 4160
f 4158 4160 4159
f 4141 4142 4162
f 4141 4162 4161
f 4160 4157 4141
f 4160 4141 4161
f 4158 4159 4162
f 4158 4162 4142
v 3.875000 6.000000 3.000000
v 3.875000 6.000000 4.000000
v 3.875000 6.187500 4.000000
f 4163 4164 4165
v 3.875000 6.187500 3.000000
f 4163 4165 4166
v 4.000000 6.000000 4.000000
v 4.000000 6.000000 3.000000
f 4167 4168 4146
f 4167 4146 4145
f 4164 4163 4168
f 4164 4168 4167
f 4166 4165 4145
f 4166 4145 4146
f 4168 4163 4166
f 4168 4166 4146
f 4164 4167 4145
f 4164 4145 4165
v 3.125000 6.000000 3.875000
f 4169 4159 4162
f 4169 4162 4151
v 3.875000 6.000000 3.875000
f 4164 4170 4156
f 4164 4156 4165
f 4159 4169 4170
f 4159 4170 4164
f 4151 4162 4165
f 4151 4165 4156
f 4170 4169 4151
f 4170 4151 4156
f 4159 4164 4165
f 4159 4165 4162
v 3.125000 6.000000 3.125000
f 4160 4171 4152
f 4160 4152 4161
v 3.875000 6.000000 3.125000
f 4172 4163 4166
f 4172 4166 4155
f 4171 4160 4163
f 4171 4163 4172
f 4161 4152 4155
f 4161 4155 4166
f 4163 4160 4161
f 4163 4161 4166
f 4171 4172 4155
f 4171 4155 4152
o panel_3_6_4
usemtl armor
v 3.000000 6.187500 4.000000
v 3.000000 6.187500 5.000000
v 3.000000 7.000000 5.000000
f 4173 4174 4175
v 3.000000 7.000000 4.000000
f 4173 4175 4176
v 4.000000 6.187500 5.000000
v 4.000000 6.187500 4.000000
v 4.000000 7.000000 4.000000
f 4177 4178 4179
v 4.000000 7.000000 5.000000
f 4177 4179 4180
f 4174 4173 4178
f 4174 4178 4177
f 4176 4175 4180
f 4176 4180 4179
f 4178 4173 4176
f 4178 4176 4179
f 4174 4177 4180
f 4174 4180 4175
usemtl graphite
v 3.125000 6.125000 4.125000
v 3.125000 6.125000 4.875000
v 3.125000 6.187500 4.875000
f 4181 4182 4183
v 3.125000 6.187500 4.125000
f 4181 4183 4184
v 3.875000 6.125000 4.875000
v 3.875000 6.125000 4.125000
v 3.875000 6.187500 4.125000
f 4185 4186 4187
v 3.875000 6.187500 4.875000
f 4185 4187 4188
f 4182 4181 4186
f 4182 4186 4185
f 4184 4183 4188
f 4184 4188 4187
f 4186 4181 4184
f 4186 4184 4187
f 4182 4185 4188
f 4182 4188 4183
usemtl steel
v 3.000000 6.000000 4.000000
v 3.000000 6.000000 5.000000
f 4189 4190 4174
f 4189 4174 4173
v 3.125000 6.000000 5.000000
v 3.125000 6.000000 4.000000
v 3.125000 6.187500 4.000000
f 4191 4192 4193
v 3.125000 6.187500 5.000000
f 4191 4193 4194
f 4190 4189 4192
f 4190 4192 4191
f 4173 4174 4194
f 4173 4194 4193
f 4192 4189 4173
f 4192 4173 4193
f 4190 4191 4194
f 4190 4194 4174
v 3.875000 6.000000 4.000000
v 3.875000 6.000000 5.000000
v 3.875000 6.187500 5.000000
f 4195 4196 4197
v 3.875000 6.187500 4.000000
f 4195 4197 4198
v 4.000000 6.000000 5.000000
v 4.000000 6.000000 4.000000
f 4199 4200 4178
f 4199 4178 4177
f 4196 4195 4200
f 4196 4200 4199
f 4198 4197 4177
f 4198 4177 4178
f 4200 4195 4198
f 4200 4198 4178
f 4196 4199 4177
f 4196 4177 4197
v 3.125000 6.000000 4.875000
f 4201 4191 4194
f 4201 4194 4183
v 3.875000 6.000000 4.875000
f 4196 4202 4188
f 4196 4188 4197
f 4191 4201 4202
f 4191 4202 4196
f 4183 4194 4197
f 4183 4197 4188
f 4202 4201 4183
f 4202 4183 4188
f 4191 4196 4197
f 4191 4197 4194
v 3.125000 6.000000 4.125000
f 4192 4203 4184
f 4192 4184 4193
v 3.875000 6.000000 4.125000
f 4204 4195 4198
f 4204 4198 4187
f 4203 4192 4195
f 4203 4195 4204
f 4193 4184 4187
f 4193 4187 4198
f 4195 4192 4193
f 4195 4193 4198
f 4203 4204 4187
f 4203 4187 4184
o panel_3_6_5
usemtl armor
v 3.000000 6.187500 5.000000
v 3.000000 6.187500 6.000000
v 3.000000 7.000000 6.000000
f 4205 4206 4207
v 3.000000 7.000000 5.000000
f 4205 4207 4208
v 4.000000 6.187500 6.000000
v 4.000000 6.187500 5.000000
v 4.000000 7.000000 5.000000
f 4209 4210 4211
v 4.000000 7.000000 6.000000
f 4209 4211 4212
f 4206 4205 4210
f 4206 4210 4209
f 4208 4207 4212
f 4208 4212 4211
f 4210 4205 4208
f 4210 4208 4211
f 4206 4209 4212
f 4206 4212 4207
usemtl graphite
v 3.125000 6.125000 5.125000
v 3.125000 6.125000 5.875000
v 3.125000 6.187500 5.875000
f 4213 4214 4215
v 3.125000 6.187500 5.125000
f 4213 4215 4216
v 3.875000 6.125000 5.875000
v 3.875000 6.125000 5.125000
v 3.875000 6.187500 5.125000
f 4217 4218 4219
v 3.875000 6.187500 5.875000
f 4217 4219 4220
f 4214 4213 4218
f 4214 4218 4217
f 4216 4215 4220
f 4216 4220 4219
f 4218 4213 4216
f 4218 4216 4219
f 4214 4217 4220
f 4214 4220 4215
usemtl steel
v 3.000000 6.000000 5.000000
v 3.000000 6.000000 6.000000
f 4221 4222 4206
f 4221 4206 4205
v 3.125000 6.000000 6.000000
v 3.125000 6.000000 5.000000
v 3.125000 6.187500 5.000000
f 4223 4224 4225
v 3.125000 6.187500 6.000000
f 4223 4225 4226
f 4222 4221 4224
f 4222 4224 4223
f 4205 4206 4226
f 4205 4226 4225
f 4224 4221 4205
f 4224 4205 4225
f 4222 4223 4226
f 4222 4226 4206
v 3.875000 6.000000 5.000000
v 3.875000 6.000000 6.000000
v 3.875000 6.187500 6.000000
f 4227 4228 4229
v 3.875000 6.187500 5.000000
f 4227 4229 4230
v 4.000000 6.000000 6.000000
v 4.000000 6.000000 5.000000
f 4231 4232 4210
f 4231 4210 4209
f 4228 4227 4232
f 4228 4232 4231
f 4230 4229 4209
f 4230 4209 4210
f 4232 4227 4230
f 4232 4230 4210
f 4228 4231 4209
f 4228 4209 4229
v 3.125000 6.000000 5.875000
f 4233 4223 4226
f 4233 4226 4215
v 3.875000 6.000000 5.875000
f 4228 4234 4220
f 4228 4220 4229
f 4223 4233 4234
f 4223 4234 4228
f 4215 4226 4229
f 4215 4229 4220
f 4234 4233 4215
f 4234 4215 4220
f 4223 4228 4229
f 4223 4229 4226
v 3.125000 6.000000 5.125000
f 4224 4235 4216
f 4224 4216 4225
v 3.875000 6.000000 5.125000
f 4236 4227 4230
f 4236 4230 4219
f 4235 4224 4227
f 4235 4227 4236
f 4225 4216 4219
f 4225 4219 4230
f 4227 4224 4225
f 4227 4225 4230
f 4235 4236 4219
f 4235 4219 4216
o frame_3_6_6
usemtl armor
v 3.000000 6.187500 6.187500
v 3.000000 6.187500 6.812500
v 3.000000 6.812500 6.812500
f 4237 4238 4239
v 3.000000 6.812500 6.187500
f 4237 4239 4240
v 4.000000 6.187500 6.812500
v 4.000000 6.187500 6.187500
v 4.000000 6.812500 6.187500
f 4241 4242 4243
v 4.000000 6.812500 6.812500
f 4241 4243 4244
f 4238 4237 4242
f 4238 4242 4241
f 4240 4239 4244
f 4240 4244 4243
f 4242 4237 4240
f 4242 4240 4243
f 4238 4241 4244
f 4238 4244 4239
usemtl steel
v 3.000000 6.000000 6.000000
v 3.000000 6.000000 6.187500
f 4245 4246 4237
v 3.000000 6.187500 6.000000
f 4245 4237 4247
v 4.000000 6.000000 6.187500
v 4.000000 6.000000 6.000000
v 4.000000 6.187500 6.000000
f 4248 4249 4250
f 4248 4250 4242
f 4246 4245 4249
f 4246 4249 4248
f 4247 4237 4242
f 4247 4242 4250
f 4249 4245 4247
f 4249 4247 4250
f 4246 4248 4242
f 4246 4242 4237
v 3.000000 6.000000 6.812500
v 3.000000 6.000000 7.000000
v 3.000000 6.187500 7.000000
f 4251 4252 4253
f 4251 4253 4238
v 4.000000 6.000000 7.000000
v 4.000000 6.000000 6.812500
f 4254 4255 4241
v 4.000000 6.187500 7.000000
f 4254 4241 4256
f 4252 4251 4255
f 4252 4255 4254
f 4238 4253 4256
f 4238 4256 4241
f 4255 4251 4238
f 4255 4238 4241
f 4252 4254 4256
f 4252 4256 4253
v 3.000000 6.812500 6.000000
v 3.000000 7.000000 6.187500
f 4257 4240 4258
v 3.000000 7.000000 6.000000
f 4257 4258 4259
v 4.000000 6.812500 6.000000
v 4.000000 7.000000 6.000000
f 4243 4260 4261
v 4.000000 7.000000 6.187500
f 4243 4261 4262
f 4240 4257 4260
f 4240 4260 4243
f 4259 4258 4262
f 4259 4262 4261
f 4260 4257 4259
f 4260 4259 4261
f 4240 4243 4262
f 4240 4262 4258
v 3.000000 6.812500 7.000000
v 3.000000 7.000000 7.000000
f 4239 4263 4264
v 3.000000 7.000000 6.812500
f 4239 4264 4265
v 4.000000 6.812500 7.000000
v 4.000000 7.000000 6.812500
f 4266 4244 4267
v 4.000000 7.000000 7.000000
f 4266 4267 4268
f 4263 4239 4244
f 4263 4244 4266
f 4265 4264 4268
f 4265 4268 4267
f 4244 4239 4265
f 4244 4265 4267
f 4263 4266 4268
f 4263 4268 4264
usemtl edge
v 3.000000 6.250000 6.062500
v 3.000000 6.250000 6.187500
v 3.000000 6.750000 6.187500
f 4269 4270 4271
v 3.000000 6.750000 6.062500
f 4269 4271 4272
v 4.000000 6.250000 6.187500
v 4.000000 6.250000 6.062500
v 4.000000 6.750000 6.062500
f 4273 4274 4275
v 4.000000 6.750000 6.187500
f 4273 4275 4276
f 4270 4269 4274
f 4270 4274 4273
f 4272 4271 4276
f 4272 4276 4275
f 4274 4269 4272
f 4274 4272 4275
f 4270 4273 4276
f 4270 4276 4271
v 3.000000 6.250000 6.812500
v 3.000000 6.250000 6.937500
v 3.000000 6.750000 6.937500
f 4277 4278 4279
v 3.000000 6.750000 6.812500
f 4277 4279 4280
v 4.000000 6.250000 6.937500
v 4.000000 6.250000 6.812500
v 4.000000 6.750000 6.812500
f 4281 4282 4283
v 4.000000 6.750000 6.937500
f 4281 4283 4284
f 4278 4277 4282
f 4278 4282 4281
f 4280 4279 4284
f 4280 4284 4283
f 4282 4277 4280
f 4282 4280 4283
f 4278 4281 4284
f 4278 4284 4279
v 3.000000 6.062500 6.250000
v 3.000000 6.062500 6.750000
v 3.000000 6.187500 6.750000
f 4285 4286 4287
v 3.000000 6.187500 6.250000
f 4285 4287 4288
v 4.000000 6.062500 6.750000
v 4.000000 6.062500 6.250000
v 4.000000 6.187500 6.250000
f 4289 4290 4291
v 4.000000 6.187500 6.750000
f 4289 4291 4292
f 4286 4285 4290
f 4286 4290 4289
f 4288 4287 4292
f 4288 4292 4291
f 4290 4285 4288
f 4290 4288 4291
f 4286 4289 4292
f 4286 4292 4287
v 3.000000 6.812500 6.250000
v 3.000000 6.812500 6.750000
v 3.000000 6.937500 6.750000
f 4293 4294 4295
v 3.000000 6.937500 6.250000
f 4293 4295 4296
v 4.000000 6.812500 6.750000
v 4.000000 6.812500 6.250000
v 4.000000 6.937500 6.250000
f 4297 4298 4299
v 4.000000 6.937500 6.750000
f 4297 4299 4300
f 4294 4293 4298
f 4294 4298 4297
f 4296 4295 4300
f 4296 4300 4299
f 4298 4293 4296
f 4298 4296 4299
f 4294 4297 4300
f 4294 4300 4295
o frame_4_0_0
usemtl armor
v 4.000000 0.187500 0.187500
v 4.000000 0.187500 0.812500
v 4.000000 0.812500 0.812500
f 4301 4302 4303
v 4.000000 0.812500 0.187500
f 4301 4303 4304
v 5.000000 0.187500 0.812500
v 5.000000 0.187500 0.187500
v 5.000000 0.812500 0.187500
f 4305 4306 4307
v 5.000000 0.812500 0.812500
f 4305 4307 4308
f 4302 4301 4306
f 4302 4306 4305
f 4304 4303 4308
f 4304 4308 4307
f 4306 4301 4304
f 4306 4304 4307
f 4302 4305 4308
f 4302 4308 4303
usemtl steel
v 4.000000 0.000000 0.000000
v 4.000000 0.000000 0.187500
f 4309 4310 4301
v 4.000000 0.187500 0.000000
f 4309 4301 4311
v 5.000000 0.000000 0.187500
v 5.000000 0.000000 0.000000
v 5.000000 0.187500 0.000000
f 4312 4313 4314
f 4312 4314 4306
f 4310 4309 4313
f 4310 4313 4312
f 4311 4301 4306
f 4311 4306 4314
f 4313 4309 4311
f 4313 4311 4314
f 4310 4312 4306
f 4310 4306 4301
v 4.000000 0.000000 0.812500
v 4.000000 0.000000 1.000000
v 4.000000 0.187500 1.000000
f 4315 4316 4317
f 4315 4317 4302
v 5.000000 0.000000 1.000000
v 5.000000 0.000000 0.812500
f 4318 4319 4305
v 5.000000 0.187500 1.000000
f 4318 4305 4320
f 4316 4315 4319
f 4316 4319 4318
f 4302 4317 4320
f 4302 4320 4305
f 4319 4315 4302
f 4319 4302 4305
f 4316 4318 4320
f 4316 4320 4317
v 4.000000 0.812500 0.000000
v 4.000000 1.000000 0.187500
f 4321 4304 4322
v 4.000000 1.000000 0.000000
f 4321 4322 4323
v 5.000000 0.812500 0.000000
v 5.000000 1.000000 0.000000
f 4307 4324 4325
v 5.000000 1.000000 0.187500
f 4307 4325 4326
f 4304 4321 4324
f 4304 4324 4307
f 4323 4322 4326
f 4323 4326 4325
f 4324 4321 4323
f 4324 4323 4325
f 4304 4307 4326
f 4304 4326 4322
v 4.000000 0.812500 1.000000
v 4.000000 1.000000 1.000000
f 4303 4327 4328
v 4.000000 1.000000 0.812500
f 4303 4328 4329
v 5.000000 0.812500 1.000000
v 5.000000 1.000000 0.812500
f 4330 4308 4331
v 5.000000 1.000000 1.000000
f 4330 4331 4332
f 4327 4303 4308
f 4327 4308 4330
f 4329 4328 4332
f 4329 4332 4331
f 4308 4303 4329
f 4308 4329 4331
f 4327 4330 4332
f 4327 4332 4328
usemtl edge
v 4.000000 0.250000 0.062500
v 4.000000 0.250000 0.187500
v 4.000000 0.750000 0.187500
f 4333 4334 4335
v 4.000000 0.750000 0.062500
f 4333 4335 4336
v 5.000000 0.250000 0.187500
v 5.000000 0.250000 0.062500
v 5.000000 0.750000 0.062500
f 4337 4338 4339
v 5.000000 0.750000 0.187500
f 4337 4339 4340
f 4334 4333 4338
f 4334 4338 4337
f 4336 4335 4340
f 4336 4340 4339
f 4338 4333 4336
f 4338 4336 4339
f 4334 4337 4340
f 4334 4340 4335
v 4.000000 0.250000 0.812500
v 4.000000 0.250000 0.937500
v 4.000000 0.750000 0.937500
f 4341 4342 4343
v 4.000000 0.750000 0.812500
f 4341 4343 4344
v 5.000000 0.250000 0.937500
v 5.000000 0.250000 0.812500
v 5.000000 0.750000 0.812500
f 4345 4346 4347
v 5.000000 0.750000 0.937500
f 4345 4347 4348
f 4342 4341 4346
f 4342 4346 4345
f 4344 4343 4348
f 4344 4348 4347
f 4346 4341 4344
f 4346 4344 4347
f 4342 4345 4348
f 4342 4348 4343
v 4.000000 0.062500 0.250000
v 4.000000 0.062500 0.750000
v 4.000000 0.187500 0.750000
f 4349 4350 4351
v 4.000000 0.187500 0.250000
f 4349 4351 4352
v 5.000000 0.062500 0.750000
v 5.000000 0.062500 0.250000
v 5.000000 0.187500 0.250000
f 4353 4354 4355
v 5.000000 0.187500 0.750000
f 4353 4355 4356
f 4350 4349 4354
f 4350 4354 4353
f 4352 4351 4356
f 4352 4356 4355
f 4354 4349 4352
f 4354 4352 4355
f 4350 4353 4356
f 4350 4356 4351
v 4.000000 0.812500 0.250000
v 4.000000 0.812500 0.750000
v 4.000000 0.937500 0.750000
f 4357 4358 4359
v 4.000000 0.937500 0.250000
f 4357 4359 4360
v 5.000000 0.812500 0.750000
v 5.000000 0.812500 0.250000
v 5.000000 0.937500 0.250000
f 4361 4362 4363
v 5.000000 0.937500 0.750000
f 4361 4363 4364
f 4358 4357 4362
f 4358 4362 4361
f 4360 4359 4364
f 4360 4364 4363
f 4362 4357 4360
f 4362 4360 4363
f 4358 4361 4364
f 4358 4364 4359
o panel_4_0_1
usemtl armor
v 4.000000 0.000000 1.000000
v 4.000000 0.000000 2.000000
v 4.000000 0.812500 2.000000
f 4365 4366 4367
v 4.000000 0.812500 1.000000
f 4365 4367 4368
v 5.000000 0.000000 2.000000
v 5.000000 0.000000 1.000000
v 5.000000 0.812500 1.000000
f 4369 4370 4371
v 5.000000 0.812500 2.000000
f 4369 4371 4372
f 4366 4365 4370
f 4366 4370 4369
f 4368 4367 4372
f 4368 4372 4371
f 4370 4365 4368
f 4370 4368 4371
f 4366 4369 4372
f 4366 4372 4367
usemtl graphite
v 4.125000 0.812500 1.125000
v 4.125000 0.812500 1.875000
v 4.125000 0.875000 1.875000
f 4373 4374 4375
v 4.125000 0.875000 1.125000
f 4373 4375 4376
v 4.875000 0.812500 1.875000
v 4.875000 0.812500 1.125000
v 4.875000 0.875000 1.125000
f 4377 4378 4379
v 4.875000 0.875000 1.875000
f 4377 4379 4380
f 4374 4373 4378
f 4374 4378 4377
f 4376 4375 4380
f 4376 4380 4379
f 4378 4373 4376
f 4378 4376 4379
f 4374 4377 4380
f 4374 4380 4375
usemtl steel
v 4.000000 1.000000 2.000000
f 4368 4367 4381
v 4.000000 1.000000 1.000000
f 4368 4381 4382
v 4.125000 0.812500 2.000000
v 4.125000 0.812500 1.000000
v 4.125000 1.000000 1.000000
f 4383 4384 4385
v 4.125000 1.000000 2.000000
f 4383 4385 4386
f 4367 4368 4384
f 4367 4384 4383
f 4382 4381 4386
f 4382 4386 4385
f 4384 4368 4382
f 4384 4382 4385
f 4367 4383 4386
f 4367 4386 4381
v 4.875000 0.812500 1.000000
v 4.875000 0.812500 2.000000
v 4.875000 1.000000 2.000000
f 4387 4388 4389
v 4.875000 1.000000 1.000000
f 4387 4389 4390
v 5.000000 1.000000 1.000000
f 4372 4371 4391
v 5.000000 1.000000 2.000000
f 4372 4391 4392
f 4388 4387 4371
f 4388 4371 4372
f 4390 4389 4392
f 4390 4392 4391
f 4371 4387 4390
f 4371 4390 4391
f 4388 4372 4392
f 4388 4392 4389
v 4.125000 1.000000 1.125000
f 4384 4373 4393
f 4384 4393 4385
f 4378 4387 4390
v 4.875000 1.000000 1.125000
f 4378 4390 4394
f 4373 4384 4387
f 4373 4387 4378
f 4385 4393 4394
f 4385 4394 4390
f 4387 4384 4385
f 4387 4385 4390
f 4373 4378 4394
f 4373 4394 4393
f 4374 4383 4386
v 4.125000 1.000000 1.875000
f 4374 4386 4395
v 4.875000 1.000000 1.875000
f 4388 4377 4396
f 4388 4396 4389
f 4383 4374 4377
f 4383 4377 4388
f 4395 4386 4389
f 4395 4389 4396
f 4377 4374 4395
f 4377 4395 4396
f 4383 4388 4389
f 4383 4389 4386
o panel_4_0_2
usemtl armor
v 4.000000 0.000000 2.000000
v 4.000000 0.000000 3.000000
v 4.000000 0.812500 3.000000
f 4397 4398 4399
v 4.000000 0.812500 2.000000
f 4397 4399 4400
v 5.000000 0.000000 3.000000
v 5.000000 0.000000 2.000000
v 5.000000 0.812500 2.000000
f 4401 4402 4403
v 5.000000 0.812500 3.000000
f 4401 4403 4404
f 4398 4397 4402
f 4398 4402 4401
f 4400 4399 4404
f 4400 4404 4403
f 4402 4397 4400
f 4402 4400 4403
f 4398 4401 4404
f 4398 4404 4399
usemtl graphite
v 4.125000 0.812500 2.125000
v 4.125000 0.812500 2.875000
v 4.125000 0.875000 2.875000
f 4405 4406 4407
v 4.125000 0.875000 2.125000
f 4405 4407 4408
v 4.875000 0.812500 2.875000
v 4.875000 0.812500 2.125000
v 4.875000 0.875000 2.125000
f 4409 4410 4411
v 4.875000 0.875000 2.875000
f 4409 4411 4412
f 4406 4405 4410
f 4406 4410 4409
f 4408 4407 4412
f 4408 4412 4411
f 4410 4405 4408
f 4410 4408 4411
f 4406 4409 4412
f 4406 4412 4407
usemtl steel
v 4.000000 1.000000 3.000000
f 4400 4399 4413
v 4.000000 1.000000 2.000000
f 4400 4413 4414
v 4.125000 0.812500 3.000000
v 4.125000 0.812500 2.000000
v 4.125000 1.000000 2.000000
f 4415 4416 4417
v 4.125000 1.000000 3.000000
f 4415 4417 4418
f 4399 4400 4416
f 4399 4416 4415
f 4414 4413 4418
f 4414 4418 4417
f 4416 4400 4414
f 4416 4414 4417
f 4399 4415 4418
f 4399 4418 4413
v 4.875000 0.812500 2.000000
v 4.875000 0.812500 3.000000
v 4.875000 1.000000 3.000000
f 4419 4420 4421
v 4.875000 1.000000 2.000000
f 4419 4421 4422
v 5.000000 1.000000 2.000000
f 4404 4403 4423
v 5.000000 1.000000 3.000000
f 4404 4423 4424
f 4420 4419 4403
f 4420 4403 4404
f 4422 4421 4424
f 4422 4424 4423
f 4403 4419 4422
f 4403 4422 4423
f 4420 4404 4424
f 4420 4424 4421
v 4.125000 1.000000 2.125000
f 4416 4405 4425
f 4416 4425 4417
f 4410 4419 4422
v 4.875000 1.000000 2.125000
f 4410 4422 4426
f 4405 4416 4419
f 4405 4419 4410
f 4417 4425 4426
f 4417 4426 4422
f 4419 4416 4417
f 4419 4417 4422
f 4405 4410 4426
f 4405 4426 4425
f 4406 4415 4418
v 4.125000 1.000000 2.875000
f 4406 4418 4427
v 4.875000 1.000000 2.875000
f 4420 4409 4428
f 4420 4428 4421
f 4415 4406 4409
f 4415 4409 4420
f 4427 4418 4421
f 4427 4421 4428
f 4409 4406 4427
f 4409 4427 4428
f 4415 4420 4421
f 4415 4421 4418
o panel_4_0_3
usemtl armor
v 4.000000 0.000000 3.000000
v 4.000000 0.000000 4.000000
v 4.000000 0.812500 4.000000
f 4429 4430 4431
v 4.000000 0.812500 3.000000
f 4429 4431 4432
v 5.000000 0.000000 4.000000
v 5.000000 0.000000 3.000000
v 5.000000 0.812500 3.000000
f 4433 4434 4435
v 5.000000 0.812500 4.000000
f 4433 4435 4436
f 4430 4429 4434
f 4430 4434 4433
f 4432 4431 4436
f 4432 4436 4435
f 4434 4429 4432
f 4434 4432 4435
f 4430 4433 4436
f 4430 4436 4431
usemtl graphite
v 4.125000 0.812500 3.125000
v 4.125000 0.812500 3.875000
v 4.125000 0.875000 3.875000
f 4437 4438 4439
v 4.125000 0.875000 3.125000
f 4437 4439 4440
v 4.875000 0.812500 3.875000
v 4.875000 0.812500 3.125000
v 4.875000 0.875000 3.125000
f 4441 4442 4443
v 4.875000 0.875000 3.875000
f 4441 4443 4444
f 4438 4437 4442
f 4438 4442 4441
f 4440 4439 4444
f 4440 4444 4443
f 4442 4437 4440
f 4442 4440 4443
f 4438 4441 4444
f 4438 4444 4439
usemtl steel
v 4.000000 1.000000 4.000000
f 4432 4431 4445
v 4.000000 1.000000 3.000000
f 4432 4445 4446
v 4.125000 0.812500 4.000000
v 4.125000 0.812500 3.000000
v 4.125000 1.000000 3.000000
f 4447 4448 4449
v 4.125000 1.000000 4.000000
f 4447 4449 4450
f 4431 4432 4448
f 4431 4448 4447
f 4446 4445 4450
f 4446 4450 4449
f 4448 4432 4446
f 4448 4446 4449
f 4431 4447 4450
f 4431 4450 4445
v 4.875000 0.812500 3.000000
v 4.875000 0.812500 4.000000
v 4.875000 1.000000 4.000000
f 4451 4452 4453
v 4.875000 1.000000 3.000000
f 4451 4453 4454
v 5.000000 1.000000 3.000000
f 4436 4435 4455
v 5.000000 1.000000 4.000000
f 4436 4455 4456
f 4452 4451 4435
f 4452 4435 4436
f 4454 4453 4456
f 4454 4456 4455
f 4435 4451 4454
f 4435 4454 4455
f 4452 4436 4456
f 4452 4456 4453
v 4.125000 1.000000 3.125000
f 4448 4437 4457
f 4448 4457 4449
f 4442 4451 4454
v 4.875000 1.000000 3.125000
f 4442 4454 4458
f 4437 4448 4451
f 4437 4451 4442
f 4449 4457 4458
f 4449 4458 4454
f 4451 4448 4449
f 4451 4449 4454
f 4437 4442 4458
f 4437 4458 4457
f 4438 4447 4450
v 4.125000 1.000000 3.875000
f 4438 4450 4459
v 4.875000 1.000000 3.875000
f 4452 4441 4460
f 4452 4460 4453
f 4447 4438 4441
f 4447 4441 4452
f 4459 4450 4453
f 4459 4453 4460
f 4441 4438 4459
f 4441 4459 4460
f 4447 4452 4453
f 4447 4453 4450
o panel_4_0_4
usemtl armor
v 4.000000 0.000000 4.000000
v 4.000000 0.000000 5.000000
v 4.000000 0.812500 5.000000
f 4461 4462 4463
v 4.000000 0.812500 4.000000
f 4461 4463 4464
v 5.000000 0.000000 5.000000
v 5.000000 0.000000 4.000000
v 5.000000 0.812500 4.000000
f 4465 4466 4467
v 5.000000 0.812500 5.000000
f 4465 4467 4468
f 4462 4461 4466
f 4462 4466 4465
f 4464 4463 4468
f 4464 4468 4467
f 4466 4461 4464
f 4466 4464 4467
f 4462 4465 4468
f 4462 4468 4463
usemtl graphite
v 4.125000 0.812500 4.125000
v 4.125000 0.812500 4.875000
v 4.125000 0.875000 4.875000
f 4469 4470 4471
v 4.125000 0.875000 4.125000
f 4469 4471 4472
v 4.875000 0.812500 4.875000
v 4.875000 0.812500 4.125000
v 4.875000 0.875000 4.125000
f 4473 4474 4475
v 4.875000 0.875000 4.875000
f 4473 4475 4476
f 4470 4469 4474
f 4470 4474 4473
f 4472 4471 4476
f 4472 4476 4475
f 4474 4469 4472
f 4474 4472 4475
f 4470 4473 4476
f 4470 4476 4471
usemtl steel
v 4.000000 1.000000 5.000000
f 4464 4463 4477
v 4.000000 1.000000 4.000000
f 4464 4477 4478
v 4.125000 0.812500 5.000000
v 4.125000 0.812500 4.000000
v 4.125000 1.000000 4.000000
f 4479 4480 4481
v 4.125000 1.000000 5.000000
f 4479 4481 4482
f 4463 4464 4480
f 4463 4480 4479
f 4478 4477 4482
f 4478 4482 4481
f 4480 4464 4478
f 4480 4478 4481
f 4463 4479 4482
f 4463 4482 4477
v 4.875000 0.812500 4.000000
v 4.875000 0.812500 5.000000
v 4.875000 1.000000 5.000000
f 4483 4484 4485
v 4.875000 1.000000 4.000000
f 4483 4485 4486
v 5.000000 1.000000 4.000000
f 4468 4467 4487
v 5.000000 1.000000 5.000000
f 4468 4487 4488
f 4484 4483 4467
f 4484 4467 4468
f 4486 4485 4488
f 4486 4488 4487
f 4467 4483 4486
f 4467 4486 4487
f 4484 4468 4488
f 4484 4488 4485
v 4.125000 1.000000 4.125000
f 4480 4469 4489
f 4480 4489 4481
f 4474 4483 4486
v 4.875000 1.000000 4.125000
f 4474 4486 4490
f 4469 4480 4483
f 4469 4483 4474
f 4481 4489 4490
f 4481 4490 4486
f 4483 4480 4481
f 4483 4481 4486
f 4469 4474 4490
f 4469 4490 4489
f 4470 4479 4482
v 4.125000 1.000000 4.875000
f 4470 4482 4491
v 4.875000 1.000000 4.875000
f 4484 4473 4492
f 4484 4492 4485
f 4479 4470 4473
f 4479 4473 4484
f 4491 4482 4485
f 4491 4485 4492
f 4473 4470 4491
f 4473 4491 4492
f 4479 4484 4485
f 4479 4485 4482
o panel_4_0_5
usemtl armor
v 4.000000 0.000000 5.000000
v 4.000000 0.000000 6.000000
v 4.000000 0.812500 6.000000
f 4493 4494 4495
v 4.000000 0.812500 5.000000
f 4493 4495 4496
v 5.000000 0.000000 6.000000
v 5.000000 0.000000 5.000000
v 5.000000 0.812500 5.000000
f 4497 4498 4499
v 5.000000 0.812500 6.000000
f 4497 4499 4500
f 4494 4493 4498
f 4494 4498 4497
f 4496 4495 4500
f 4496 4500 4499
f 4498 4493 4496
f 4498 4496 4499
f 4494 4497 4500
f 4494 4500 4495
usemtl graphite
v 4.125000 0.812500 5.125000
v 4.125000 0.812500 5.875000
v 4.125000 0.875000 5.875000
f 4501 4502 4503
v 4.125000 0.875000 5.125000
f 4501 4503 4504
v 4.875000 0.812500 5.875000
v 4.875000 0.812500 5.125000
v 4.875000 0.875000 5.125000
f 4505 4506 4507
v 4.875000 0.875000 5.875000
f 4505 4507 4508
f 4502 4501 4506
f 4502 4506 4505
f 4504 4503 4508
f 4504 4508 4507
f 4506 4501 4504
f 4506 4504 4507
f 4502 4505 4508
f 4502 4508 4503
usemtl steel
v 4.000000 1.000000 6.000000
f 4496 4495 4509
v 4.000000 1.000000 5.000000
f 4496 4509 4510
v 4.125000 0.812500 6.000000
v 4.125000 0.812500 5.000000
v 4.125000 1.000000 5.000000
f 4511 4512 4513
v 4.125000 1.000000 6.000000
f 4511 4513 4514
f 4495 4496 4512
f 4495 4512 4511
f 4510 4509 4514
f 4510 4514 4513
f 4512 4496 4510
f 4512 4510 4513
f 4495 4511 4514
f 4495 4514 4509
v 4.875000 0.812500 5.000000
v 4.875000 0.812500 6.000000
v 4.875000 1.000000 6.000000
f 4515 4516 4517
v 4.875000 1.000000 5.000000
f 4515 4517 4518
v 5.000000 1.000000 5.000000
f 4500 4499 4519
v 5.000000 1.000000 6.000000
f 4500 4519 4520
f 4516 4515 4499
f 4516 4499 4500
f 4518 4517 4520
f 4518 4520 4519
f 4499 4515 4518
f 4499 4518 4519
f 4516 4500 4520
f 4516 4520 4517
v 4.125000 1.000000 5.125000
f 4512 4501 4521
f 4512 4521 4513
f 4506 4515 4518
v 4.875000 1.000000 5.125000
f 4506 4518 4522
f 4501 4512 4515
f 4501 4515 4506
f 4513 4521 4522
f 4513 4522 4518
f 4515 4512 4513
f 4515 4513 4518
f 4501 4506 4522
f 4501 4522 4521
f 4502 4511 4514
v 4.125000 1.000000 5.875000
f 4502 4514 4523
v 4.875000 1.000000 5.875000
f 4516 4505 4524
f 4516 4524 4517
f 4511 4502 4505
f 4511 4505 4516
f 4523 4514 4517
f 4523 4517 4524
f 4505 4502 4523
f 4505 4523 4524
f 4511 4516 4517
f 4511 4517 4514
o frame_4_0_6
usemtl armor
v 4.000000 0.187500 6.187500
v 4.000000 0.187500 6.812500
v 4.000000 0.812500 6.812500
f 4525 4526 4527
v 4.000000 0.812500 6.187500
f 4525 4527 4528
v 5.000000 0.187500 6.812500
v 5.000000 0.187500 6.187500
v 5.000000 0.812500 6.187500
f 4529 4530 4531
v 5.000000 0.812500 6.812500
f 4529 4531 4532
f 4526 4525 4530
f 4526 4530 4529
f 4528 4527 4532
f 4528 4532 4531
f 4530 4525 4528
f 4530 4528 4531
f 4526 4529 4532
f 4526 4532 4527
usemtl steel
v 4.000000 0.000000 6.000000
v 4.000000 0.000000 6.187500
f 4533 4534 4525
v 4.000000 0.187500 6.000000
f 4533 4525 4535
v 5.000000 0.000000 6.187500
v 5.000000 0.000000 6.000000
v 5.000000 0.187500 6.000000
f 4536 4537 4538
f 4536 4538 4530
f 4534 4533 4537
f 4534 4537 4536
f 4535 4525 4530
f 4535 4530 4538
f 4537 4533 4535
f 4537 4535 4538
f 4534 4536 4530
f 4534 4530 4525
v 4.000000 0.000000 6.812500
v 4.000000 0.000000 7.000000
v 4.000000 0.187500 7.000000
f 4539 4540 4541
f 4539 4541 4526
v 5.000000 0.000000 7.000000
v 5.000000 0.000000 6.812500
f 4542 4543 4529
v 5.000000 0.187500 7.000000
f 4542 4529 4544
f 4540 4539 4543
f 4540 4543 4542
f 4526 4541 4544
f 4526 4544 4529
f 4543 4539 4526
f 4543 4526 4529
f 4540 4542 4544
f 4540 4544 4541
v 4.000000 0.812500 6.000000
v 4.000000 1.000000 6.187500
f 4545 4528 4546
v 4.000000 1.000000 6.000000
f 4545 4546 4547
v 5.000000 0.812500 6.000000
v 5.000000 1.000000 6.000000
f 4531 4548 4549
v 5.000000 1.000000 6.187500
f 4531 4549 4550
f 4528 4545 4548
f 4528 4548 4531
f 4547 4546 4550
f 4547 4550 4549
f 4548 4545 4547
f 4548 4547 4549
f 4528 4531 4550
f 4528 4550 4546
v 4.000000 0.812500 7.000000
v 4.000000 1.000000 7.000000
f 4527 4551 4552
v 4.000000 1.000000 6.812500
f 4527 4552 4553
v 5.000000 0.812500 7.000000
v 5.000000 1.000000 6.812500
f 4554 4532 4555
v 5.000000 1.000000 7.000000
f 4554 4555 4556
f 4551 4527 4532
f 4551 4532 4554
f 4553 4552 4556
f 4553 4556 4555
f 4532 4527 4553
f 4532 4553 4555
f 4551 4554 4556
f 4551 4556 4552
usemtl edge
v 4.000000 0.250000 6.062500
v 4.000000 0.250000 6.187500
v 4.000000 0.750000 6.187500
f 4557 4558 4559
v 4.000000 0.750000 6.062500
f 4557 4559 4560
v 5.000000 0.250000 6.187500
v 5.000000 0.250000 6.062500
v 5.000000 0.750000 6.062500
f 4561 4562 4563
v 5.000000 0.750000 6.187500
f 4561 4563 4564
f 4558 4557 4562
f 4558 4562 4561
f 4560 4559 4564
f 4560 4564 4563
f 4562 4557 4560
f 4562 4560 4563
f 4558 4561 4564
f 4558 4564 4559
v 4.000000 0.250000 6.812500
v 4.000000 0.250000 6.937500
v 4.000000 0.750000 6.937500
f 4565 4566 4567
v 4.000000 0.750000 6.812500
f 4565 4567 4568
v 5.000000 0.250000 6.937500
v 5.000000 0.250000 6.812500
v 5.000000 0.750000 6.812500
f 4569 4570 4571
v 5.000000 0.750000 6.937500
f 4569 4571 4572
f 4566 4565 4570
f 4566 4570 4569
f 4568 4567 4572
f 4568 4572 4571
f 4570 4565 4568
f 4570 4568 4571
f 4566 4569 4572
f 4566 4572 4567
v 4.000000 0.062500 6.250000
v 4.000000 0.062500 6.750000
v 4.000000 0.187500 6.750000
f 4573 4574 4575
v 4.000000 0.187500 6.250000
f 4573 4575 4576
v 5.000000 0.062500 6.750000
v 5.000000 0.062500 6.250000
v 5.000000 0.187500 6.250000
f 4577 4578 4579
v 5.000000 0.187500 6.750000
f 4577 4579 4580
f 4574 4573 4578
f 4574 4578 4577
f 4576 4575 4580
f 4576 4580 4579
f 4578 4573 4576
f 4578 4576 4579
f 4574 4577 4580
f 4574 4580 4575
v 4.000000 0.812500 6.250000
v 4.000000 0.812500 6.750000
v 4.000000 0.937500 6.750000
f 4581 4582 4583
v 4.000000 0.937500 6.250000
f 4581 4583 4584
v 5.000000 0.812500 6.750000
v 5.000000 0.812500 6.250000
v 5.000000 0.937500 6.250000
f 4585 4586 4587
v 5.000000 0.937500 6.750000
f 4585 4587 4588
f 4582 4581 4586
f 4582 4586 4585
f 4584 4583 4588
f 4584 4588 4587
f 4586 4581 4584
f 4586 4584 4587
f 4582 4585 4588
f 4582 4588 4583
o output_4_1_6
usemtl armor
v 4.000000 1.000000 6.000000
v 4.000000 1.000000 6.812500
v 4.000000 2.000000 6.812500
f 4589 4590 4591
v 4.000000 2.000000 6.000000
f 4589 4591 4592
v 5.000000 1.000000 6.812500
v 5.000000 1.000000 6.000000
v 5.000000 2.000000 6.000000
f 4593 4594 4595
v 5.000000 2.000000 6.812500
f 4593 4595 4596
f 4590 4589 4594
f 4590 4594 4593
f 4592 4591 4596
f 4592 4596 4595
f 4594 4589 4592
f 4594 4592 4595
f 4590 4593 4596
f 4590 4596 4591
usemtl graphite
v 4.125000 1.125000 6.812500
v 4.125000 1.125000 6.875000
v 4.125000 1.875000 6.875000
f 4597 4598 4599
v 4.125000 1.875000 6.812500
f 4597 4599 4600
v 4.875000 1.125000 6.875000
v 4.875000 1.125000 6.812500
v 4.875000 1.875000 6.812500
f 4601 4602 4603
v 4.875000 1.875000 6.875000
f 4601 4603 4604
f 4598 4597 4602
f 4598 4602 4601
f 4600 4599 4604
f 4600 4604 4603
f 4602 4597 4600
f 4602 4600 4603
f 4598 4601 4604
f 4598 4604 4599
usemtl steel
v 4.875000 1.000000 6.812500
v 4.875000 1.000000 7.000000
v 4.875000 2.000000 7.000000
f 4605 4606 4607
v 4.875000 2.000000 6.812500
f 4605 4607 4608
v 5.000000 1.000000 7.000000
f 4609 4593 4596
v 5.000000 2.000000 7.000000
f 4609 4596 4610
f 4606 4605 4593
f 4606 4593 4609
f 4608 4607 4610
f 4608 4610 4596
f 4593 4605 4608
f 4593 4608 4596
f 4606 4609 4610
f 4606 4610 4607
v 4.000000 1.000000 7.000000
v 4.000000 2.000000 7.000000
f 4590 4611 4612
f 4590 4612 4591
v 4.125000 1.000000 7.000000
v 4.125000 1.000000 6.812500
v 4.125000 2.000000 6.812500
f 4613 4614 4615
v 4.125000 2.000000 7.000000
f 4613 4615 4616
f 4611 4590 4614
f 4611 4614 4613
f 4591 4612 4616
f 4591 4616 4615
f 4614 4590 4591
f 4614 4591 4615
f 4611 4613 4616
f 4611 4616 4612
v 4.125000 1.125000 7.000000
f 4614 4613 4617
f 4614 4617 4597
f 4606 4605 4602
v 4.875000 1.125000 7.000000
f 4606 4602 4618
f 4613 4614 4605
f 4613 4605 4606
f 4597 4617 4618
f 4597 4618 4602
f 4605 4614 4597
f 4605 4597 4602
f 4613 4606 4618
f 4613 4618 4617
v 4.125000 1.875000 7.000000
f 4600 4619 4616
f 4600 4616 4615
v 4.875000 1.875000 7.000000
f 4620 4603 4608
f 4620 4608 4607
f 4619 4600 4603
f 4619 4603 4620
f 4615 4616 4607
f 4615 4607 4608
f 4603 4600 4615
f 4603 4615 4608
f 4619 4620 4607
f 4619 4607 4616
v 4.625000 1.250000 6.875000
v 4.625000 1.250000 7.062500
v 4.625000 1.750000 7.062500
f 4621 4622 4623
v 4.625000 1.750000 6.875000
f 4621 4623 4624
v 4.750000 1.250000 7.062500
v 4.750000 1.250000 6.875000
v 4.750000 1.750000 6.875000
f 4625 4626 4627
v 4.750000 1.750000 7.062500
f 4625 4627 4628
f 4622 4621 4626
f 4622 4626 4625
f 4624 4623 4628
f 4624 4628 4627
f 4626 4621 4624
f 4626 4624 4627
f 4622 4625 4628
f 4622 4628 4623
v 4.250000 1.250000 6.875000
v 4.250000 1.250000 7.062500
v 4.250000 1.750000 7.062500
f 4629 4630 4631
v 4.250000 1.750000 6.875000
f 4629 4631 4632
v 4.375000 1.250000 7.062500
v 4.375000 1.250000 6.875000
v 4.375000 1.750000 6.875000
f 4633 4634 4635
v 4.375000 1.750000 7.062500
f 4633 4635 4636
f 4630 4629 4634
f 4630 4634 4633
f 4632 4631 4636
f 4632 4636 4635
f 4634 4629 4632
f 4634 4632 4635
f 4630 4633 4636
f 4630 4636 4631
v 4.375000 1.375000 7.062500
f 4634 4633 4637
v 4.375000 1.375000 6.875000
f 4634 4637 4638
v 4.625000 1.375000 6.875000
f 4622 4621 4639
v 4.625000 1.375000 7.062500
f 4622 4639 4640
f 4633 4634 4621
f 4633 4621 4622
f 4638 4637 4640
f 4638 4640 4639
f 4621 4634 4638
f 4621 4638 4639
f 4633 4622 4640
f 4633 4640 4637
v 4.375000 1.625000 6.875000
v 4.375000 1.625000 7.062500
f 4641 4642 4636
f 4641 4636 4635
v 4.625000 1.625000 7.062500
v 4.625000 1.625000 6.875000
f 4643 4644 4624
f 4643 4624 4623
f 4642 4641 4644
f 4642 4644 4643
f 4635 4636 4623
f 4635 4623 4624
f 4644 4641 4635
f 4644 4635 4624
f 4642 4643 4623
f 4642 4623 4636
usemtl recess
v 4.375000 1.375000 6.937500
v 4.375000 1.625000 6.937500
f 4638 4645 4646
f 4638 4646 4641
v 4.625000 1.375000 6.937500
f 4647 4639 4644
v 4.625000 1.625000 6.937500
f 4647 4644 4648
f 4645 4638 4639
f 4645 4639 4647
f 4641 4646 4648
f 4641 4648 4644
f 4639 4638 4641
f 4639 4641 4644
f 4645 4647 4648
f 4645 4648 4646
usemtl orbit
v 4.437500 1.812500 7.000000
v 4.437500 1.812500 7.015625
v 4.437500 1.875000 7.015625
f 4649 4650 4651
v 4.437500 1.875000 7.000000
f 4649 4651 4652
v 4.562500 1.812500 7.015625
v 4.562500 1.812500 7.000000
v 4.562500 1.875000 7.000000
f 4653 4654 4655
v 4.562500 1.875000 7.015625
f 4653 4655 4656
f 4650 4649 4654
f 4650 4654 4653
f 4652 4651 4656
f 4652 4656 4655
f 4654 4649 4652
f 4654 4652 4655
f 4650 4653 4656
f 4650 4656 4651
o frame_4_6_0
usemtl armor
v 4.000000 6.187500 0.187500
v 4.000000 6.187500 0.812500
v 4.000000 6.812500 0.812500
f 4657 4658 4659
v 4.000000 6.812500 0.187500
f 4657 4659 4660
v 5.000000 6.187500 0.812500
v 5.000000 6.187500 0.187500
v 5.000000 6.812500 0.187500
f 4661 4662 4663
v 5.000000 6.812500 0.812500
f 4661 4663 4664
f 4658 4657 4662
f 4658 4662 4661
f 4660 4659 4664
f 4660 4664 4663
f 4662 4657 4660
f 4662 4660 4663
f 4658 4661 4664
f 4658 4664 4659
usemtl steel
v 4.000000 6.000000 0.000000
v 4.000000 6.000000 0.187500
f 4665 4666 4657
v 4.000000 6.187500 0.000000
f 4665 4657 4667
v 5.000000 6.000000 0.187500
v 5.000000 6.000000 0.000000
v 5.000000 6.187500 0.000000
f 4668 4669 4670
f 4668 4670 4662
f 4666 4665 4669
f 4666 4669 4668
f 4667 4657 4662
f 4667 4662 4670
f 4669 4665 4667
f 4669 4667 4670
f 4666 4668 4662
f 4666 4662 4657
v 4.000000 6.000000 0.812500
v 4.000000 6.000000 1.000000
v 4.000000 6.187500 1.000000
f 4671 4672 4673
f 4671 4673 4658
v 5.000000 6.000000 1.000000
v 5.000000 6.000000 0.812500
f 4674 4675 4661
v 5.000000 6.187500 1.000000
f 4674 4661 4676
f 4672 4671 4675
f 4672 4675 4674
f 4658 4673 4676
f 4658 4676 4661
f 4675 4671 4658
f 4675 4658 4661
f 4672 4674 4676
f 4672 4676 4673
v 4.000000 6.812500 0.000000
v 4.000000 7.000000 0.187500
f 4677 4660 4678
v 4.000000 7.000000 0.000000
f 4677 4678 4679
v 5.000000 6.812500 0.000000
v 5.000000 7.000000 0.000000
f 4663 4680 4681
v 5.000000 7.000000 0.187500
f 4663 4681 4682
f 4660 4677 4680
f 4660 4680 4663
f 4679 4678 4682
f 4679 4682 4681
f 4680 4677 4679
f 4680 4679 4681
f 4660 4663 4682
f 4660 4682 4678
v 4.000000 6.812500 1.000000
v 4.000000 7.000000 1.000000
f 4659 4683 4684
v 4.000000 7.000000 0.812500
f 4659 4684 4685
v 5.000000 6.812500 1.000000
v 5.000000 7.000000 0.812500
f 4686 4664 4687
v 5.000000 7.000000 1.000000
f 4686 4687 4688
f 4683 4659 4664
f 4683 4664 4686
f 4685 4684 4688
f 4685 4688 4687
f 4664 4659 4685
f 4664 4685 4687
f 4683 4686 4688
f 4683 4688 4684
usemtl edge
v 4.000000 6.250000 0.062500
v 4.000000 6.250000 0.187500
v 4.000000 6.750000 0.187500
f 4689 4690 4691
v 4.000000 6.750000 0.062500
f 4689 4691 4692
v 5.000000 6.250000 0.187500
v 5.000000 6.250000 0.062500
v 5.000000 6.750000 0.062500
f 4693 4694 4695
v 5.000000 6.750000 0.187500
f 4693 4695 4696
f 4690 4689 4694
f 4690 4694 4693
f 4692 4691 4696
f 4692 4696 4695
f 4694 4689 4692
f 4694 4692 4695
f 4690 4693 4696
f 4690 4696 4691
v 4.000000 6.250000 0.812500
v 4.000000 6.250000 0.937500
v 4.000000 6.750000 0.937500
f 4697 4698 4699
v 4.000000 6.750000 0.812500
f 4697 4699 4700
v 5.000000 6.250000 0.937500
v 5.000000 6.250000 0.812500
v 5.000000 6.750000 0.812500
f 4701 4702 4703
v 5.000000 6.750000 0.937500
f 4701 4703 4704
f 4698 4697 4702
f 4698 4702 4701
f 4700 4699 4704
f 4700 4704 4703
f 4702 4697 4700
f 4702 4700 4703
f 4698 4701 4704
f 4698 4704 4699
v 4.000000 6.062500 0.250000
v 4.000000 6.062500 0.750000
v 4.000000 6.187500 0.750000
f 4705 4706 4707
v 4.000000 6.187500 0.250000
f 4705 4707 4708
v 5.000000 6.062500 0.750000
v 5.000000 6.062500 0.250000
v 5.000000 6.187500 0.250000
f 4709 4710 4711
v 5.000000 6.187500 0.750000
f 4709 4711 4712
f 4706 4705 4710
f 4706 4710 4709
f 4708 4707 4712
f 4708 4712 4711
f 4710 4705 4708
f 4710 4708 4711
f 4706 4709 4712
f 4706 4712 4707
v 4.000000 6.812500 0.250000
v 4.000000 6.812500 0.750000
v 4.000000 6.937500 0.750000
f 4713 4714 4715
v 4.000000 6.937500 0.250000
f 4713 4715 4716
v 5.000000 6.812500 0.750000
v 5.000000 6.812500 0.250000
v 5.000000 6.937500 0.250000
f 4717 4718 4719
v 5.000000 6.937500 0.750000
f 4717 4719 4720
f 4714 4713 4718
f 4714 4718 4717
f 4716 4715 4720
f 4716 4720 4719
f 4718 4713 4716
f 4718 4716 4719
f 4714 4717 4720
f 4714 4720 4715
o panel_4_6_1
usemtl armor
v 4.000000 6.187500 1.000000
v 4.000000 6.187500 2.000000
v 4.000000 7.000000 2.000000
f 4721 4722 4723
v 4.000000 7.000000 1.000000
f 4721 4723 4724
v 5.000000 6.187500 2.000000
v 5.000000 6.187500 1.000000
v 5.000000 7.000000 1.000000
f 4725 4726 4727
v 5.000000 7.000000 2.000000
f 4725 4727 4728
f 4722 4721 4726
f 4722 4726 4725
f 4724 4723 4728
f 4724 4728 4727
f 4726 4721 4724
f 4726 4724 4727
f 4722 4725 4728
f 4722 4728 4723
usemtl graphite
v 4.125000 6.125000 1.125000
v 4.125000 6.125000 1.875000
v 4.125000 6.187500 1.875000
f 4729 4730 4731
v 4.125000 6.187500 1.125000
f 4729 4731 4732
v 4.875000 6.125000 1.875000
v 4.875000 6.125000 1.125000
v 4.875000 6.187500 1.125000
f 4733 4734 4735
v 4.875000 6.187500 1.875000
f 4733 4735 4736
f 4730 4729 4734
f 4730 4734 4733
f 4732 4731 4736
f 4732 4736 4735
f 4734 4729 4732
f 4734 4732 4735
f 4730 4733 4736
f 4730 4736 4731
usemtl steel
v 4.000000 6.000000 1.000000
v 4.000000 6.000000 2.000000
f 4737 4738 4722
f 4737 4722 4721
v 4.125000 6.000000 2.000000
v 4.125000 6.000000 1.000000
v 4.125000 6.187500 1.000000
f 4739 4740 4741
v 4.125000 6.187500 2.000000
f 4739 4741 4742
f 4738 4737 4740
f 4738 4740 4739
f 4721 4722 4742
f 4721 4742 4741
f 4740 4737 4721
f 4740 4721 4741
f 4738 4739 4742
f 4738 4742 4722
v 4.875000 6.000000 1.000000
v 4.875000 6.000000 2.000000
v 4.875000 6.187500 2.000000
f 4743 4744 4745
v 4.875000 6.187500 1.000000
f 4743 4745 4746
v 5.000000 6.000000 2.000000
v 5.000000 6.000000 1.000000
f 4747 4748 4726
f 4747 4726 4725
f 4744 4743 4748
f 4744 4748 4747
f 4746 4745 4725
f 4746 4725 4726
f 4748 4743 4746
f 4748 4746 4726
f 4744 4747 4725
f 4744 4725 4745
v 4.125000 6.000000 1.875000
f 4749 4739 4742
f 4749 4742 4731
v 4.875000 6.000000 1.875000
f 4744 4750 4736
f 4744 4736 4745
f 4739 4749 4750
f 4739 4750 4744
f 4731 4742 4745
f 4731 4745 4736
f 4750 4749 4731
f 4750 4731 4736
f 4739 4744 4745
f 4739 4745 4742
v 4.125000 6.000000 1.125000
f 4740 4751 4732
f 4740 4732 4741
v 4.875000 6.000000 1.125000
f 4752 4743 4746
f 4752 4746 4735
f 4751 4740 4743
f 4751 4743 4752
f 4741 4732 4735
f 4741 4735 4746
f 4743 4740 4741
f 4743 4741 4746
f 4751 4752 4735
f 4751 4735 4732
o panel_4_6_2
usemtl armor
v 4.000000 6.187500 2.000000
v 4.000000 6.187500 3.000000
v 4.000000 7.000000 3.000000
f 4753 4754 4755
v 4.000000 7.000000 2.000000
f 4753 4755 4756
v 5.000000 6.187500 3.000000
v 5.000000 6.187500 2.000000
v 5.000000 7.000000 2.000000
f 4757 4758 4759
v 5.000000 7.000000 3.000000
f 4757 4759 4760
f 4754 4753 4758
f 4754 4758 4757
f 4756 4755 4760
f 4756 4760 4759
f 4758 4753 4756
f 4758 4756 4759
f 4754 4757 4760
f 4754 4760 4755
usemtl graphite
v 4.125000 6.125000 2.125000
v 4.125000 6.125000 2.875000
v 4.125000 6.187500 2.875000
f 4761 4762 4763
v 4.125000 6.187500 2.125000
f 4761 4763 4764
v 4.875000 6.125000 2.875000
v 4.875000 6.125000 2.125000
v 4.875000 6.187500 2.125000
f 4765 4766 4767
v 4.875000 6.187500 2.875000
f 4765 4767 4768
f 4762 4761 4766
f 4762 4766 4765
f 4764 4763 4768
f 4764 4768 4767
f 4766 4761 4764
f 4766 4764 4767
f 4762 4765 4768
f 4762 4768 4763
usemtl steel
v 4.000000 6.000000 2.000000
v 4.000000 6.000000 3.000000
f 4769 4770 4754
f 4769 4754 4753
v 4.125000 6.000000 3.000000
v 4.125000 6.000000 2.000000
v 4.125000 6.187500 2.000000
f 4771 4772 4773
v 4.125000 6.187500 3.000000
f 4771 4773 4774
f 4770 4769 4772
f 4770 4772 4771
f 4753 4754 4774
f 4753 4774 4773
f 4772 4769 4753
f 4772 4753 4773
f 4770 4771 4774
f 4770 4774 4754
v 4.875000 6.000000 2.000000
v 4.875000 6.000000 3.000000
v 4.875000 6.187500 3.000000
f 4775 4776 4777
v 4.875000 6.187500 2.000000
f 4775 4777 4778
v 5.000000 6.000000 3.000000
v 5.000000 6.000000 2.000000
f 4779 4780 4758
f 4779 4758 4757
f 4776 4775 4780
f 4776 4780 4779
f 4778 4777 4757
f 4778 4757 4758
f 4780 4775 4778
f 4780 4778 4758
f 4776 4779 4757
f 4776 4757 4777
v 4.125000 6.000000 2.875000
f 4781 4771 4774
f 4781 4774 4763
v 4.875000 6.000000 2.875000
f 4776 4782 4768
f 4776 4768 4777
f 4771 4781 4782
f 4771 4782 4776
f 4763 4774 4777
f 4763 4777 4768
f 4782 4781 4763
f 4782 4763 4768
f 4771 4776 4777
f 4771 4777 4774
v 4.125000 6.000000 2.125000
f 4772 4783 4764
f 4772 4764 4773
v 4.875000 6.000000 2.125000
f 4784 4775 4778
f 4784 4778 4767
f 4783 4772 4775
f 4783 4775 4784
f 4773 4764 4767
f 4773 4767 4778
f 4775 4772 4773
f 4775 4773 4778
f 4783 4784 4767
f 4783 4767 4764
o panel_4_6_3
usemtl armor
v 4.000000 6.187500 3.000000
v 4.000000 6.187500 4.000000
v 4.000000 7.000000 4.000000
f 4785 4786 4787
v 4.000000 7.000000 3.000000
f 4785 4787 4788
v 5.000000 6.187500 4.000000
v 5.000000 6.187500 3.000000
v 5.000000 7.000000 3.000000
f 4789 4790 4791
v 5.000000 7.000000 4.000000
f 4789 4791 4792
f 4786 4785 4790
f 4786 4790 4789
f 4788 4787 4792
f 4788 4792 4791
f 4790 4785 4788
f 4790 4788 4791
f 4786 4789 4792
f 4786 4792 4787
usemtl graphite
v 4.125000 6.125000 3.125000
v 4.125000 6.125000 3.875000
v 4.125000 6.187500 3.875000
f 4793 4794 4795
v 4.125000 6.187500 3.125000
f 4793 4795 4796
v 4.875000 6.125000 3.875000
v 4.875000 6.125000 3.125000
v 4.875000 6.187500 3.125000
f 4797 4798 4799
v 4.875000 6.187500 3.875000
f 4797 4799 4800
f 4794 4793 4798
f 4794 4798 4797
f 4796 4795 4800
f 4796 4800 4799
f 4798 4793 4796
f 4798 4796 4799
f 4794 4797 4800
f 4794 4800 4795
usemtl steel
v 4.000000 6.000000 3.000000
v 4.000000 6.000000 4.000000
f 4801 4802 4786
f 4801 4786 4785
v 4.125000 6.000000 4.000000
v 4.125000 6.000000 3.000000
v 4.125000 6.187500 3.000000
f 4803 4804 4805
v 4.125000 6.187500 4.000000
f 4803 4805 4806
f 4802 4801 4804
f 4802 4804 4803
f 4785 4786 4806
f 4785 4806 4805
f 4804 4801 4785
f 4804 4785 4805
f 4802 4803 4806
f 4802 4806 4786
v 4.875000 6.000000 3.000000
v 4.875000 6.000000 4.000000
v 4.875000 6.187500 4.000000
f 4807 4808 4809
v 4.875000 6.187500 3.000000
f 4807 4809 4810
v 5.000000 6.000000 4.000000
v 5.000000 6.000000 3.000000
f 4811 4812 4790
f 4811 4790 4789
f 4808 4807 4812
f 4808 4812 4811
f 4810 4809 4789
f 4810 4789 4790
f 4812 4807 4810
f 4812 4810 4790
f 4808 4811 4789
f 4808 4789 4809
v 4.125000 6.000000 3.875000
f 4813 4803 4806
f 4813 4806 4795
v 4.875000 6.000000 3.875000
f 4808 4814 4800
f 4808 4800 4809
f 4803 4813 4814
f 4803 4814 4808
f 4795 4806 4809
f 4795 4809 4800
f 4814 4813 4795
f 4814 4795 4800
f 4803 4808 4809
f 4803 4809 4806
v 4.125000 6.000000 3.125000
f 4804 4815 4796
f 4804 4796 4805
v 4.875000 6.000000 3.125000
f 4816 4807 4810
f 4816 4810 4799
f 4815 4804 4807
f 4815 4807 4816
f 4805 4796 4799
f 4805 4799 4810
f 4807 4804 4805
f 4807 4805 4810
f 4815 4816 4799
f 4815 4799 4796
o panel_4_6_4
usemtl armor
v 4.000000 6.187500 4.000000
v 4.000000 6.187500 5.000000
v 4.000000 7.000000 5.000000
f 4817 4818 4819
v 4.000000 7.000000 4.000000
f 4817 4819 4820
v 5.000000 6.187500 5.000000
v 5.000000 6.187500 4.000000
v 5.000000 7.000000 4.000000
f 4821 4822 4823
v 5.000000 7.000000 5.000000
f 4821 4823 4824
f 4818 4817 4822
f 4818 4822 4821
f 4820 4819 4824
f 4820 4824 4823
f 4822 4817 4820
f 4822 4820 4823
f 4818 4821 4824
f 4818 4824 4819
usemtl graphite
v 4.125000 6.125000 4.125000
v 4.125000 6.125000 4.875000
v 4.125000 6.187500 4.875000
f 4825 4826 4827
v 4.125000 6.187500 4.125000
f 4825 4827 4828
v 4.875000 6.125000 4.875000
v 4.875000 6.125000 4.125000
v 4.875000 6.187500 4.125000
f 4829 4830 4831
v 4.875000 6.187500 4.875000
f 4829 4831 4832
f 4826 4825 4830
f 4826 4830 4829
f 4828 4827 4832
f 4828 4832 4831
f 4830 4825 4828
f 4830 4828 4831
f 4826 4829 4832
f 4826 4832 4827
usemtl steel
v 4.000000 6.000000 4.000000
v 4.000000 6.000000 5.000000
f 4833 4834 4818
f 4833 4818 4817
v 4.125000 6.000000 5.000000
v 4.125000 6.000000 4.000000
v 4.125000 6.187500 4.000000
f 4835 4836 4837
v 4.125000 6.187500 5.000000
f 4835 4837 4838
f 4834 4833 4836
f 4834 4836 4835
f 4817 4818 4838
f 4817 4838 4837
f 4836 4833 4817
f 4836 4817 4837
f 4834 4835 4838
f 4834 4838 4818
v 4.875000 6.000000 4.000000
v 4.875000 6.000000 5.000000
v 4.875000 6.187500 5.000000
f 4839 4840 4841
v 4.875000 6.187500 4.000000
f 4839 4841 4842
v 5.000000 6.000000 5.000000
v 5.000000 6.000000 4.000000
f 4843 4844 4822
f 4843 4822 4821
f 4840 4839 4844
f 4840 4844 4843
f 4842 4841 4821
f 4842 4821 4822
f 4844 4839 4842
f 4844 4842 4822
f 4840 4843 4821
f 4840 4821 4841
v 4.125000 6.000000 4.875000
f 4845 4835 4838
f 4845 4838 4827
v 4.875000 6.000000 4.875000
f 4840 4846 4832
f 4840 4832 4841
f 4835 4845 4846
f 4835 4846 4840
f 4827 4838 4841
f 4827 4841 4832
f 4846 4845 4827
f 4846 4827 4832
f 4835 4840 4841
f 4835 4841 4838
v 4.125000 6.000000 4.125000
f 4836 4847 4828
f 4836 4828 4837
v 4.875000 6.000000 4.125000
f 4848 4839 4842
f 4848 4842 4831
f 4847 4836 4839
f 4847 4839 4848
f 4837 4828 4831
f 4837 4831 4842
f 4839 4836 4837
f 4839 4837 4842
f 4847 4848 4831
f 4847 4831 4828
o panel_4_6_5
usemtl armor
v 4.000000 6.187500 5.000000
v 4.000000 6.187500 6.000000
v 4.000000 7.000000 6.000000
f 4849 4850 4851
v 4.000000 7.000000 5.000000
f 4849 4851 4852
v 5.000000 6.187500 6.000000
v 5.000000 6.187500 5.000000
v 5.000000 7.000000 5.000000
f 4853 4854 4855
v 5.000000 7.000000 6.000000
f 4853 4855 4856
f 4850 4849 4854
f 4850 4854 4853
f 4852 4851 4856
f 4852 4856 4855
f 4854 4849 4852
f 4854 4852 4855
f 4850 4853 4856
f 4850 4856 4851
usemtl graphite
v 4.125000 6.125000 5.125000
v 4.125000 6.125000 5.875000
v 4.125000 6.187500 5.875000
f 4857 4858 4859
v 4.125000 6.187500 5.125000
f 4857 4859 4860
v 4.875000 6.125000 5.875000
v 4.875000 6.125000 5.125000
v 4.875000 6.187500 5.125000
f 4861 4862 4863
v 4.875000 6.187500 5.875000
f 4861 4863 4864
f 4858 4857 4862
f 4858 4862 4861
f 4860 4859 4864
f 4860 4864 4863
f 4862 4857 4860
f 4862 4860 4863
f 4858 4861 4864
f 4858 4864 4859
usemtl steel
v 4.000000 6.000000 5.000000
v 4.000000 6.000000 6.000000
f 4865 4866 4850
f 4865 4850 4849
v 4.125000 6.000000 6.000000
v 4.125000 6.000000 5.000000
v 4.125000 6.187500 5.000000
f 4867 4868 4869
v 4.125000 6.187500 6.000000
f 4867 4869 4870
f 4866 4865 4868
f 4866 4868 4867
f 4849 4850 4870
f 4849 4870 4869
f 4868 4865 4849
f 4868 4849 4869
f 4866 4867 4870
f 4866 4870 4850
v 4.875000 6.000000 5.000000
v 4.875000 6.000000 6.000000
v 4.875000 6.187500 6.000000
f 4871 4872 4873
v 4.875000 6.187500 5.000000
f 4871 4873 4874
v 5.000000 6.000000 6.000000
v 5.000000 6.000000 5.000000
f 4875 4876 4854
f 4875 4854 4853
f 4872 4871 4876
f 4872 4876 4875
f 4874 4873 4853
f 4874 4853 4854
f 4876 4871 4874
f 4876 4874 4854
f 4872 4875 4853
f 4872 4853 4873
v 4.125000 6.000000 5.875000
f 4877 4867 4870
f 4877 4870 4859
v 4.875000 6.000000 5.875000
f 4872 4878 4864
f 4872 4864 4873
f 4867 4877 4878
f 4867 4878 4872
f 4859 4870 4873
f 4859 4873 4864
f 4878 4877 4859
f 4878 4859 4864
f 4867 4872 4873
f 4867 4873 4870
v 4.125000 6.000000 5.125000
f 4868 4879 4860
f 4868 4860 4869
v 4.875000 6.000000 5.125000
f 4880 4871 4874
f 4880 4874 4863
f 4879 4868 4871
f 4879 4871 4880
f 4869 4860 4863
f 4869 4863 4874
f 4871 4868 4869
f 4871 4869 4874
f 4879 4880 4863
f 4879 4863 4860
o frame_4_6_6
usemtl armor
v 4.000000 6.187500 6.187500
v 4.000000 6.187500 6.812500
v 4.000000 6.812500 6.812500
f 4881 4882 4883
v 4.000000 6.812500 6.187500
f 4881 4883 4884
v 5.000000 6.187500 6.812500
v 5.000000 6.187500 6.187500
v 5.000000 6.812500 6.187500
f 4885 4886 4887
v 5.000000 6.812500 6.812500
f 4885 4887 4888
f 4882 4881 4886
f 4882 4886 4885
f 4884 4883 4888
f 4884 4888 4887
f 4886 4881 4884
f 4886 4884 4887
f 4882 4885 4888
f 4882 4888 4883
usemtl steel
v 4.000000 6.000000 6.000000
v 4.000000 6.000000 6.187500
f 4889 4890 4881
v 4.000000 6.187500 6.000000
f 4889 4881 4891
v 5.000000 6.000000 6.187500
v 5.000000 6.000000 6.000000
v 5.000000 6.187500 6.000000
f 4892 4893 4894
f 4892 4894 4886
f 4890 4889 4893
f 4890 4893 4892
f 4891 4881 4886
f 4891 4886 4894
f 4893 4889 4891
f 4893 4891 4894
f 4890 4892 4886
f 4890 4886 4881
v 4.000000 6.000000 6.812500
v 4.000000 6.000000 7.000000
v 4.000000 6.187500 7.000000
f 4895 4896 4897
f 4895 4897 4882
v 5.000000 6.000000 7.000000
v 5.000000 6.000000 6.812500
f 4898 4899 4885
v 5.000000 6.187500 7.000000
f 4898 4885 4900
f 4896 4895 4899
f 4896 4899 4898
f 4882 4897 4900
f 4882 4900 4885
f 4899 4895 4882
f 4899 4882 4885
f 4896 4898 4900
f 4896 4900 4897
v 4.000000 6.812500 6.000000
v 4.000000 7.000000 6.187500
f 4901 4884 4902
v 4.000000 7.000000 6.000000
f 4901 4902 4903
v 5.000000 6.812500 6.000000
v 5.000000 7.000000 6.000000
f 4887 4904 4905
v 5.000000 7.000000 6.187500
f 4887 4905 4906
f 4884 4901 4904
f 4884 4904 4887
f 4903 4902 4906
f 4903 4906 4905
f 4904 4901 4903
f 4904 4903 4905
f 4884 4887 4906
f 4884 4906 4902
v 4.000000 6.812500 7.000000
v 4.000000 7.000000 7.000000
f 4883 4907 4908
v 4.000000 7.000000 6.812500
f 4883 4908 4909
v 5.000000 6.812500 7.000000
v 5.000000 7.000000 6.812500
f 4910 4888 4911
v 5.000000 7.000000 7.000000
f 4910 4911 4912
f 4907 4883 4888
f 4907 4888 4910
f 4909 4908 4912
f 4909 4912 4911
f 4888 4883 4909
f 4888 4909 4911
f 4907 4910 4912
f 4907 4912 4908
usemtl edge
v 4.000000 6.250000 6.062500
v 4.000000 6.250000 6.187500
v 4.000000 6.750000 6.187500
f 4913 4914 4915
v 4.000000 6.750000 6.062500
f 4913 4915 4916
v 5.000000 6.250000 6.187500
v 5.000000 6.250000 6.062500
v 5.000000 6.750000 6.062500
f 4917 4918 4919
v 5.000000 6.750000 6.187500
f 4917 4919 4920
f 4914 4913 4918
f 4914 4918 4917
f 4916 4915 4920
f 4916 4920 4919
f 4918 4913 4916
f 4918 4916 4919
f 4914 4917 4920
f 4914 4920 4915
v 4.000000 6.250000 6.812500
v 4.000000 6.250000 6.937500
v 4.000000 6.750000 6.937500
f 4921 4922 4923
v 4.000000 6.750000 6.812500
f 4921 4923 4924
v 5.000000 6.250000 6.937500
v 5.000000 6.250000 6.812500
v 5.000000 6.750000 6.812500
f 4925 4926 4927
v 5.000000 6.750000 6.937500
f 4925 4927 4928
f 4922 4921 4926
f 4922 4926 4925
f 4924 4923 4928
f 4924 4928 4927
f 4926 4921 4924
f 4926 4924 4927
f 4922 4925 4928
f 4922 4928 4923
v 4.000000 6.062500 6.250000
v 4.000000 6.062500 6.750000
v 4.000000 6.187500 6.750000
f 4929 4930 4931
v 4.000000 6.187500 6.250000
f 4929 4931 4932
v 5.000000 6.062500 6.750000
v 5.000000 6.062500 6.250000
v 5.000000 6.187500 6.250000
f 4933 4934 4935
v 5.000000 6.187500 6.750000
f 4933 4935 4936
f 4930 4929 4934
f 4930 4934 4933
f 4932 4931 4936
f 4932 4936 4935
f 4934 4929 4932
f 4934 4932 4935
f 4930 4933 4936
f 4930 4936 4931
v 4.000000 6.812500 6.250000
v 4.000000 6.812500 6.750000
v 4.000000 6.937500 6.750000
f 4937 4938 4939
v 4.000000 6.937500 6.250000
f 4937 4939 4940
v 5.000000 6.812500 6.750000
v 5.000000 6.812500 6.250000
v 5.000000 6.937500 6.250000
f 4941 4942 4943
v 5.000000 6.937500 6.750000
f 4941 4943 4944
f 4938 4937 4942
f 4938 4942 4941
f 4940 4939 4944
f 4940 4944 4943
f 4942 4937 4940
f 4942 4940 4943
f 4938 4941 4944
f 4938 4944 4939
o frame_5_0_0
usemtl armor
v 5.000000 0.187500 0.187500
v 5.000000 0.187500 0.812500
v 5.000000 0.812500 0.812500
f 4945 4946 4947
v 5.000000 0.812500 0.187500
f 4945 4947 4948
v 6.000000 0.187500 0.812500
v 6.000000 0.187500 0.187500
v 6.000000 0.812500 0.187500
f 4949 4950 4951
v 6.000000 0.812500 0.812500
f 4949 4951 4952
f 4946 4945 4950
f 4946 4950 4949
f 4948 4947 4952
f 4948 4952 4951
f 4950 4945 4948
f 4950 4948 4951
f 4946 4949 4952
f 4946 4952 4947
usemtl steel
v 5.000000 0.000000 0.000000
v 5.000000 0.000000 0.187500
f 4953 4954 4945
v 5.000000 0.187500 0.000000
f 4953 4945 4955
v 6.000000 0.000000 0.187500
v 6.000000 0.000000 0.000000
v 6.000000 0.187500 0.000000
f 4956 4957 4958
f 4956 4958 4950
f 4954 4953 4957
f 4954 4957 4956
f 4955 4945 4950
f 4955 4950 4958
f 4957 4953 4955
f 4957 4955 4958
f 4954 4956 4950
f 4954 4950 4945
v 5.000000 0.000000 0.812500
v 5.000000 0.000000 1.000000
v 5.000000 0.187500 1.000000
f 4959 4960 4961
f 4959 4961 4946
v 6.000000 0.000000 1.000000
v 6.000000 0.000000 0.812500
f 4962 4963 4949
v 6.000000 0.187500 1.000000
f 4962 4949 4964
f 4960 4959 4963
f 4960 4963 4962
f 4946 4961 4964
f 4946 4964 4949
f 4963 4959 4946
f 4963 4946 4949
f 4960 4962 4964
f 4960 4964 4961
v 5.000000 0.812500 0.000000
v 5.000000 1.000000 0.187500
f 4965 4948 4966
v 5.000000 1.000000 0.000000
f 4965 4966 4967
v 6.000000 0.812500 0.000000
v 6.000000 1.000000 0.000000
f 4951 4968 4969
v 6.000000 1.000000 0.187500
f 4951 4969 4970
f 4948 4965 4968
f 4948 4968 4951
f 4967 4966 4970
f 4967 4970 4969
f 4968 4965 4967
f 4968 4967 4969
f 4948 4951 4970
f 4948 4970 4966
v 5.000000 0.812500 1.000000
v 5.000000 1.000000 1.000000
f 4947 4971 4972
v 5.000000 1.000000 0.812500
f 4947 4972 4973
v 6.000000 0.812500 1.000000
v 6.000000 1.000000 0.812500
f 4974 4952 4975
v 6.000000 1.000000 1.000000
f 4974 4975 4976
f 4971 4947 4952
f 4971 4952 4974
f 4973 4972 4976
f 4973 4976 4975
f 4952 4947 4973
f 4952 4973 4975
f 4971 4974 4976
f 4971 4976 4972
usemtl edge
v 5.000000 0.250000 0.062500
v 5.000000 0.250000 0.187500
v 5.000000 0.750000 0.187500
f 4977 4978 4979
v 5.000000 0.750000 0.062500
f 4977 4979 4980
v 6.000000 0.250000 0.187500
v 6.000000 0.250000 0.062500
v 6.000000 0.750000 0.062500
f 4981 4982 4983
v 6.000000 0.750000 0.187500
f 4981 4983 4984
f 4978 4977 4982
f 4978 4982 4981
f 4980 4979 4984
f 4980 4984 4983
f 4982 4977 4980
f 4982 4980 4983
f 4978 4981 4984
f 4978 4984 4979
v 5.000000 0.250000 0.812500
v 5.000000 0.250000 0.937500
v 5.000000 0.750000 0.937500
f 4985 4986 4987
v 5.000000 0.750000 0.812500
f 4985 4987 4988
v 6.000000 0.250000 0.937500
v 6.000000 0.250000 0.812500
v 6.000000 0.750000 0.812500
f 4989 4990 4991
v 6.000000 0.750000 0.937500
f 4989 4991 4992
f 4986 4985 4990
f 4986 4990 4989
f 4988 4987 4992
f 4988 4992 4991
f 4990 4985 4988
f 4990 4988 4991
f 4986 4989 4992
f 4986 4992 4987
v 5.000000 0.062500 0.250000
v 5.000000 0.062500 0.750000
v 5.000000 0.187500 0.750000
f 4993 4994 4995
v 5.000000 0.187500 0.250000
f 4993 4995 4996
v 6.000000 0.062500 0.750000
v 6.000000 0.062500 0.250000
v 6.000000 0.187500 0.250000
f 4997 4998 4999
v 6.000000 0.187500 0.750000
f 4997 4999 5000
f 4994 4993 4998
f 4994 4998 4997
f 4996 4995 5000
f 4996 5000 4999
f 4998 4993 4996
f 4998 4996 4999
f 4994 4997 5000
f 4994 5000 4995
v 5.000000 0.812500 0.250000
v 5.000000 0.812500 0.750000
v 5.000000 0.937500 0.750000
f 5001 5002 5003
v 5.000000 0.937500 0.250000
f 5001 5003 5004
v 6.000000 0.812500 0.750000
v 6.000000 0.812500 0.250000
v 6.000000 0.937500 0.250000
f 5005 5006 5007
v 6.000000 0.937500 0.750000
f 5005 5007 5008
f 5002 5001 5006
f 5002 5006 5005
f 5004 5003 5008
f 5004 5008 5007
f 5006 5001 5004
f 5006 5004 5007
f 5002 5005 5008
f 5002 5008 5003
o panel_5_0_1
usemtl armor
v 5.000000 0.000000 1.000000
v 5.000000 0.000000 2.000000
v 5.000000 0.812500 2.000000
f 5009 5010 5011
v 5.000000 0.812500 1.000000
f 5009 5011 5012
v 6.000000 0.000000 2.000000
v 6.000000 0.000000 1.000000
v 6.000000 0.812500 1.000000
f 5013 5014 5015
v 6.000000 0.812500 2.000000
f 5013 5015 5016
f 5010 5009 5014
f 5010 5014 5013
f 5012 5011 5016
f 5012 5016 5015
f 5014 5009 5012
f 5014 5012 5015
f 5010 5013 5016
f 5010 5016 5011
usemtl graphite
v 5.125000 0.812500 1.125000
v 5.125000 0.812500 1.875000
v 5.125000 0.875000 1.875000
f 5017 5018 5019
v 5.125000 0.875000 1.125000
f 5017 5019 5020
v 5.875000 0.812500 1.875000
v 5.875000 0.812500 1.125000
v 5.875000 0.875000 1.125000
f 5021 5022 5023
v 5.875000 0.875000 1.875000
f 5021 5023 5024
f 5018 5017 5022
f 5018 5022 5021
f 5020 5019 5024
f 5020 5024 5023
f 5022 5017 5020
f 5022 5020 5023
f 5018 5021 5024
f 5018 5024 5019
usemtl steel
v 5.000000 1.000000 2.000000
f 5012 5011 5025
v 5.000000 1.000000 1.000000
f 5012 5025 5026
v 5.125000 0.812500 2.000000
v 5.125000 0.812500 1.000000
v 5.125000 1.000000 1.000000
f 5027 5028 5029
v 5.125000 1.000000 2.000000
f 5027 5029 5030
f 5011 5012 5028
f 5011 5028 5027
f 5026 5025 5030
f 5026 5030 5029
f 5028 5012 5026
f 5028 5026 5029
f 5011 5027 5030
f 5011 5030 5025
v 5.875000 0.812500 1.000000
v 5.875000 0.812500 2.000000
v 5.875000 1.000000 2.000000
f 5031 5032 5033
v 5.875000 1.000000 1.000000
f 5031 5033 5034
v 6.000000 1.000000 1.000000
f 5016 5015 5035
v 6.000000 1.000000 2.000000
f 5016 5035 5036
f 5032 5031 5015
f 5032 5015 5016
f 5034 5033 5036
f 5034 5036 5035
f 5015 5031 5034
f 5015 5034 5035
f 5032 5016 5036
f 5032 5036 5033
v 5.125000 1.000000 1.125000
f 5028 5017 5037
f 5028 5037 5029
f 5022 5031 5034
v 5.875000 1.000000 1.125000
f 5022 5034 5038
f 5017 5028 5031
f 5017 5031 5022
f 5029 5037 5038
f 5029 5038 5034
f 5031 5028 5029
f 5031 5029 5034
f 5017 5022 5038
f 5017 5038 5037
f 5018 5027 5030
v 5.125000 1.000000 1.875000
f 5018 5030 5039
v 5.875000 1.000000 1.875000
f 5032 5021 5040
f 5032 5040 5033
f 5027 5018 5021
f 5027 5021 5032
f 5039 5030 5033
f 5039 5033 5040
f 5021 5018 5039
f 5021 5039 5040
f 5027 5032 5033
f 5027 5033 5030
o panel_5_0_2
usemtl armor
v 5.000000 0.000000 2.000000
v 5.000000 0.000000 3.000000
v 5.000000 0.812500 3.000000
f 5041 5042 5043
v 5.000000 0.812500 2.000000
f 5041 5043 5044
v 6.000000 0.000000 3.000000
v 6.000000 0.000000 2.000000
v 6.000000 0.812500 2.000000
f 5045 5046 5047
v 6.000000 0.812500 3.000000
f 5045 5047 5048
f 5042 5041 5046
f 5042 5046 5045
f 5044 5043 5048
f 5044 5048 5047
f 5046 5041 5044
f 5046 5044 5047
f 5042 5045 5048
f 5042 5048 5043
usemtl graphite
v 5.125000 0.812500 2.125000
v 5.125000 0.812500 2.875000
v 5.125000 0.875000 2.875000
f 5049 5050 5051
v 5.125000 0.875000 2.125000
f 5049 5051 5052
v 5.875000 0.812500 2.875000
v 5.875000 0.812500 2.125000
v 5.875000 0.875000 2.125000
f 5053 5054 5055
v 5.875000 0.875000 2.875000
f 5053 5055 5056
f 5050 5049 5054
f 5050 5054 5053
f 5052 5051 5056
f 5052 5056 5055
f 5054 5049 5052
f 5054 5052 5055
f 5050 5053 5056
f 5050 5056 5051
usemtl steel
v 5.000000 1.000000 3.000000
f 5044 5043 5057
v 5.000000 1.000000 2.000000
f 5044 5057 5058
v 5.125000 0.812500 3.000000
v 5.125000 0.812500 2.000000
v 5.125000 1.000000 2.000000
f 5059 5060 5061
v 5.125000 1.000000 3.000000
f 5059 5061 5062
f 5043 5044 5060
f 5043 5060 5059
f 5058 5057 5062
f 5058 5062 5061
f 5060 5044 5058
f 5060 5058 5061
f 5043 5059 5062
f 5043 5062 5057
v 5.875000 0.812500 2.000000
v 5.875000 0.812500 3.000000
v 5.875000 1.000000 3.000000
f 5063 5064 5065
v 5.875000 1.000000 2.000000
f 5063 5065 5066
v 6.000000 1.000000 2.000000
f 5048 5047 5067
v 6.000000 1.000000 3.000000
f 5048 5067 5068
f 5064 5063 5047
f 5064 5047 5048
f 5066 5065 5068
f 5066 5068 5067
f 5047 5063 5066
f 5047 5066 5067
f 5064 5048 5068
f 5064 5068 5065
v 5.125000 1.000000 2.125000
f 5060 5049 5069
f 5060 5069 5061
f 5054 5063 5066
v 5.875000 1.000000 2.125000
f 5054 5066 5070
f 5049 5060 5063
f 5049 5063 5054
f 5061 5069 5070
f 5061 5070 5066
f 5063 5060 5061
f 5063 5061 5066
f 5049 5054 5070
f 5049 5070 5069
f 5050 5059 5062
v 5.125000 1.000000 2.875000
f 5050 5062 5071
v 5.875000 1.000000 2.875000
f 5064 5053 5072
f 5064 5072 5065
f 5059 5050 5053
f 5059 5053 5064
f 5071 5062 5065
f 5071 5065 5072
f 5053 5050 5071
f 5053 5071 5072
f 5059 5064 5065
f 5059 5065 5062
o panel_5_0_3
usemtl armor
v 5.000000 0.000000 3.000000
v 5.000000 0.000000 4.000000
v 5.000000 0.812500 4.000000
f 5073 5074 5075
v 5.000000 0.812500 3.000000
f 5073 5075 5076
v 6.000000 0.000000 4.000000
v 6.000000 0.000000 3.000000
v 6.000000 0.812500 3.000000
f 5077 5078 5079
v 6.000000 0.812500 4.000000
f 5077 5079 5080
f 5074 5073 5078
f 5074 5078 5077
f 5076 5075 5080
f 5076 5080 5079
f 5078 5073 5076
f 5078 5076 5079
f 5074 5077 5080
f 5074 5080 5075
usemtl graphite
v 5.125000 0.812500 3.125000
v 5.125000 0.812500 3.875000
v 5.125000 0.875000 3.875000
f 5081 5082 5083
v 5.125000 0.875000 3.125000
f 5081 5083 5084
v 5.875000 0.812500 3.875000
v 5.875000 0.812500 3.125000
v 5.875000 0.875000 3.125000
f 5085 5086 5087
v 5.875000 0.875000 3.875000
f 5085 5087 5088
f 5082 5081 5086
f 5082 5086 5085
f 5084 5083 5088
f 5084 5088 5087
f 5086 5081 5084
f 5086 5084 5087
f 5082 5085 5088
f 5082 5088 5083
usemtl steel
v 5.000000 1.000000 4.000000
f 5076 5075 5089
v 5.000000 1.000000 3.000000
f 5076 5089 5090
v 5.125000 0.812500 4.000000
v 5.125000 0.812500 3.000000
v 5.125000 1.000000 3.000000
f 5091 5092 5093
v 5.125000 1.000000 4.000000
f 5091 5093 5094
f 5075 5076 5092
f 5075 5092 5091
f 5090 5089 5094
f 5090 5094 5093
f 5092 5076 5090
f 5092 5090 5093
f 5075 5091 5094
f 5075 5094 5089
v 5.875000 0.812500 3.000000
v 5.875000 0.812500 4.000000
v 5.875000 1.000000 4.000000
f 5095 5096 5097
v 5.875000 1.000000 3.000000
f 5095 5097 5098
v 6.000000 1.000000 3.000000
f 5080 5079 5099
v 6.000000 1.000000 4.000000
f 5080 5099 5100
f 5096 5095 5079
f 5096 5079 5080
f 5098 5097 5100
f 5098 5100 5099
f 5079 5095 5098
f 5079 5098 5099
f 5096 5080 5100
f 5096 5100 5097
v 5.125000 1.000000 3.125000
f 5092 5081 5101
f 5092 5101 5093
f 5086 5095 5098
v 5.875000 1.000000 3.125000
f 5086 5098 5102
f 5081 5092 5095
f 5081 5095 5086
f 5093 5101 5102
f 5093 5102 5098
f 5095 5092 5093
f 5095 5093 5098
f 5081 5086 5102
f 5081 5102 5101
f 5082 5091 5094
v 5.125000 1.000000 3.875000
f 5082 5094 5103
v 5.875000 1.000000 3.875000
f 5096 5085 5104
f 5096 5104 5097
f 5091 5082 5085
f 5091 5085 5096
f 5103 5094 5097
f 5103 5097 5104
f 5085 5082 5103
f 5085 5103 5104
f 5091 5096 5097
f 5091 5097 5094
o panel_5_0_4
usemtl armor
v 5.000000 0.000000 4.000000
v 5.000000 0.000000 5.000000
v 5.000000 0.812500 5.000000
f 5105 5106 5107
v 5.000000 0.812500 4.000000
f 5105 5107 5108
v 6.000000 0.000000 5.000000
v 6.000000 0.000000 4.000000
v 6.000000 0.812500 4.000000
f 5109 5110 5111
v 6.000000 0.812500 5.000000
f 5109 5111 5112
f 5106 5105 5110
f 5106 5110 5109
f 5108 5107 5112
f 5108 5112 5111
f 5110 5105 5108
f 5110 5108 5111
f 5106 5109 5112
f 5106 5112 5107
usemtl graphite
v 5.125000 0.812500 4.125000
v 5.125000 0.812500 4.875000
v 5.125000 0.875000 4.875000
f 5113 5114 5115
v 5.125000 0.875000 4.125000
f 5113 5115 5116
v 5.875000 0.812500 4.875000
v 5.875000 0.812500 4.125000
v 5.875000 0.875000 4.125000
f 5117 5118 5119
v 5.875000 0.875000 4.875000
f 5117 5119 5120
f 5114 5113 5118
f 5114 5118 5117
f 5116 5115 5120
f 5116 5120 5119
f 5118 5113 5116
f 5118 5116 5119
f 5114 5117 5120
f 5114 5120 5115
usemtl steel
v 5.000000 1.000000 5.000000
f 5108 5107 5121
v 5.000000 1.000000 4.000000
f 5108 5121 5122
v 5.125000 0.812500 5.000000
v 5.125000 0.812500 4.000000
v 5.125000 1.000000 4.000000
f 5123 5124 5125
v 5.125000 1.000000 5.000000
f 5123 5125 5126
f 5107 5108 5124
f 5107 5124 5123
f 5122 5121 5126
f 5122 5126 5125
f 5124 5108 5122
f 5124 5122 5125
f 5107 5123 5126
f 5107 5126 5121
v 5.875000 0.812500 4.000000
v 5.875000 0.812500 5.000000
v 5.875000 1.000000 5.000000
f 5127 5128 5129
v 5.875000 1.000000 4.000000
f 5127 5129 5130
v 6.000000 1.000000 4.000000
f 5112 5111 5131
v 6.000000 1.000000 5.000000
f 5112 5131 5132
f 5128 5127 5111
f 5128 5111 5112
f 5130 5129 5132
f 5130 5132 5131
f 5111 5127 5130
f 5111 5130 5131
f 5128 5112 5132
f 5128 5132 5129
v 5.125000 1.000000 4.125000
f 5124 5113 5133
f 5124 5133 5125
f 5118 5127 5130
v 5.875000 1.000000 4.125000
f 5118 5130 5134
f 5113 5124 5127
f 5113 5127 5118
f 5125 5133 5134
f 5125 5134 5130
f 5127 5124 5125
f 5127 5125 5130
f 5113 5118 5134
f 5113 5134 5133
f 5114 5123 5126
v 5.125000 1.000000 4.875000
f 5114 5126 5135
v 5.875000 1.000000 4.875000
f 5128 5117 5136
f 5128 5136 5129
f 5123 5114 5117
f 5123 5117 5128
f 5135 5126 5129
f 5135 5129 5136
f 5117 5114 5135
f 5117 5135 5136
f 5123 5128 5129
f 5123 5129 5126
o panel_5_0_5
usemtl armor
v 5.000000 0.000000 5.000000
v 5.000000 0.000000 6.000000
v 5.000000 0.812500 6.000000
f 5137 5138 5139
v 5.000000 0.812500 5.000000
f 5137 5139 5140
v 6.000000 0.000000 6.000000
v 6.000000 0.000000 5.000000
v 6.000000 0.812500 5.000000
f 5141 5142 5143
v 6.000000 0.812500 6.000000
f 5141 5143 5144
f 5138 5137 5142
f 5138 5142 5141
f 5140 5139 5144
f 5140 5144 5143
f 5142 5137 5140
f 5142 5140 5143
f 5138 5141 5144
f 5138 5144 5139
usemtl graphite
v 5.125000 0.812500 5.125000
v 5.125000 0.812500 5.875000
v 5.125000 0.875000 5.875000
f 5145 5146 5147
v 5.125000 0.875000 5.125000
f 5145 5147 5148
v 5.875000 0.812500 5.875000
v 5.875000 0.812500 5.125000
v 5.875000 0.875000 5.125000
f 5149 5150 5151
v 5.875000 0.875000 5.875000
f 5149 5151 5152
f 5146 5145 5150
f 5146 5150 5149
f 5148 5147 5152
f 5148 5152 5151
f 5150 5145 5148
f 5150 5148 5151
f 5146 5149 5152
f 5146 5152 5147
usemtl steel
v 5.000000 1.000000 6.000000
f 5140 5139 5153
v 5.000000 1.000000 5.000000
f 5140 5153 5154
v 5.125000 0.812500 6.000000
v 5.125000 0.812500 5.000000
v 5.125000 1.000000 5.000000
f 5155 5156 5157
v 5.125000 1.000000 6.000000
f 5155 5157 5158
f 5139 5140 5156
f 5139 5156 5155
f 5154 5153 5158
f 5154 5158 5157
f 5156 5140 5154
f 5156 5154 5157
f 5139 5155 5158
f 5139 5158 5153
v 5.875000 0.812500 5.000000
v 5.875000 0.812500 6.000000
v 5.875000 1.000000 6.000000
f 5159 5160 5161
v 5.875000 1.000000 5.000000
f 5159 5161 5162
v 6.000000 1.000000 5.000000
f 5144 5143 5163
v 6.000000 1.000000 6.000000
f 5144 5163 5164
f 5160 5159 5143
f 5160 5143 5144
f 5162 5161 5164
f 5162 5164 5163
f 5143 5159 5162
f 5143 5162 5163
f 5160 5144 5164
f 5160 5164 5161
v 5.125000 1.000000 5.125000
f 5156 5145 5165
f 5156 5165 5157
f 5150 5159 5162
v 5.875000 1.000000 5.125000
f 5150 5162 5166
f 5145 5156 5159
f 5145 5159 5150
f 5157 5165 5166
f 5157 5166 5162
f 5159 5156 5157
f 5159 5157 5162
f 5145 5150 5166
f 5145 5166 5165
f 5146 5155 5158
v 5.125000 1.000000 5.875000
f 5146 5158 5167
v 5.875000 1.000000 5.875000
f 5160 5149 5168
f 5160 5168 5161
f 5155 5146 5149
f 5155 5149 5160
f 5167 5158 5161
f 5167 5161 5168
f 5149 5146 5167
f 5149 5167 5168
f 5155 5160 5161
f 5155 5161 5158
o frame_5_0_6
usemtl armor
v 5.000000 0.187500 6.187500
v 5.000000 0.187500 6.812500
v 5.000000 0.812500 6.812500
f 5169 5170 5171
v 5.000000 0.812500 6.187500
f 5169 5171 5172
v 6.000000 0.187500 6.812500
v 6.000000 0.187500 6.187500
v 6.000000 0.812500 6.187500
f 5173 5174 5175
v 6.000000 0.812500 6.812500
f 5173 5175 5176
f 5170 5169 5174
f 5170 5174 5173
f 5172 5171 5176
f 5172 5176 5175
f 5174 5169 5172
f 5174 5172 5175
f 5170 5173 5176
f 5170 5176 5171
usemtl steel
v 5.000000 0.000000 6.000000
v 5.000000 0.000000 6.187500
f 5177 5178 5169
v 5.000000 0.187500 6.000000
f 5177 5169 5179
v 6.000000 0.000000 6.187500
v 6.000000 0.000000 6.000000
v 6.000000 0.187500 6.000000
f 5180 5181 5182
f 5180 5182 5174
f 5178 5177 5181
f 5178 5181 5180
f 5179 5169 5174
f 5179 5174 5182
f 5181 5177 5179
f 5181 5179 5182
f 5178 5180 5174
f 5178 5174 5169
v 5.000000 0.000000 6.812500
v 5.000000 0.000000 7.000000
v 5.000000 0.187500 7.000000
f 5183 5184 5185
f 5183 5185 5170
v 6.000000 0.000000 7.000000
v 6.000000 0.000000 6.812500
f 5186 5187 5173
v 6.000000 0.187500 7.000000
f 5186 5173 5188
f 5184 5183 5187
f 5184 5187 5186
f 5170 5185 5188
f 5170 5188 5173
f 5187 5183 5170
f 5187 5170 5173
f 5184 5186 5188
f 5184 5188 5185
v 5.000000 0.812500 6.000000
v 5.000000 1.000000 6.187500
f 5189 5172 5190
v 5.000000 1.000000 6.000000
f 5189 5190 5191
v 6.000000 0.812500 6.000000
v 6.000000 1.000000 6.000000
f 5175 5192 5193
v 6.000000 1.000000 6.187500
f 5175 5193 5194
f 5172 5189 5192
f 5172 5192 5175
f 5191 5190 5194
f 5191 5194 5193
f 5192 5189 5191
f 5192 5191 5193
f 5172 5175 5194
f 5172 5194 5190
v 5.000000 0.812500 7.000000
v 5.000000 1.000000 7.000000
f 5171 5195 5196
v 5.000000 1.000000 6.812500
f 5171 5196 5197
v 6.000000 0.812500 7.000000
v 6.000000 1.000000 6.812500
f 5198 5176 5199
v 6.000000 1.000000 7.000000
f 5198 5199 5200
f 5195 5171 5176
f 5195 5176 5198
f 5197 5196 5200
f 5197 5200 5199
f 5176 5171 5197
f 5176 5197 5199
f 5195 5198 5200
f 5195 5200 5196
usemtl edge
v 5.000000 0.250000 6.062500
v 5.000000 0.250000 6.187500
v 5.000000 0.750000 6.187500
f 5201 5202 5203
v 5.000000 0.750000 6.062500
f 5201 5203 5204
v 6.000000 0.250000 6.187500
v 6.000000 0.250000 6.062500
v 6.000000 0.750000 6.062500
f 5205 5206 5207
v 6.000000 0.750000 6.187500
f 5205 5207 5208
f 5202 5201 5206
f 5202 5206 5205
f 5204 5203 5208
f 5204 5208 5207
f 5206 5201 5204
f 5206 5204 5207
f 5202 5205 5208
f 5202 5208 5203
v 5.000000 0.250000 6.812500
v 5.000000 0.250000 6.937500
v 5.000000 0.750000 6.937500
f 5209 5210 5211
v 5.000000 0.750000 6.812500
f 5209 5211 5212
v 6.000000 0.250000 6.937500
v 6.000000 0.250000 6.812500
v 6.000000 0.750000 6.812500
f 5213 5214 5215
v 6.000000 0.750000 6.937500
f 5213 5215 5216
f 5210 5209 5214
f 5210 5214 5213
f 5212 5211 5216
f 5212 5216 5215
f 5214 5209 5212
f 5214 5212 5215
f 5210 5213 5216
f 5210 5216 5211
v 5.000000 0.062500 6.250000
v 5.000000 0.062500 6.750000
v 5.000000 0.187500 6.750000
f 5217 5218 5219
v 5.000000 0.187500 6.250000
f 5217 5219 5220
v 6.000000 0.062500 6.750000
v 6.000000 0.062500 6.250000
v 6.000000 0.187500 6.250000
f 5221 5222 5223
v 6.000000 0.187500 6.750000
f 5221 5223 5224
f 5218 5217 5222
f 5218 5222 5221
f 5220 5219 5224
f 5220 5224 5223
f 5222 5217 5220
f 5222 5220 5223
f 5218 5221 5224
f 5218 5224 5219
v 5.000000 0.812500 6.250000
v 5.000000 0.812500 6.750000
v 5.000000 0.937500 6.750000
f 5225 5226 5227
v 5.000000 0.937500 6.250000
f 5225 5227 5228
v 6.000000 0.812500 6.750000
v 6.000000 0.812500 6.250000
v 6.000000 0.937500 6.250000
f 5229 5230 5231
v 6.000000 0.937500 6.750000
f 5229 5231 5232
f 5226 5225 5230
f 5226 5230 5229
f 5228 5227 5232
f 5228 5232 5231
f 5230 5225 5228
f 5230 5228 5231
f 5226 5229 5232
f 5226 5232 5227
o excitation_5_1_0
usemtl armor
v 5.000000 1.000000 0.187500
v 5.000000 1.000000 1.000000
v 5.000000 2.000000 1.000000
f 5233 5234 5235
v 5.000000 2.000000 0.187500
f 5233 5235 5236
v 6.000000 1.000000 1.000000
v 6.000000 1.000000 0.187500
v 6.000000 2.000000 0.187500
f 5237 5238 5239
v 6.000000 2.000000 1.000000
f 5237 5239 5240
f 5234 5233 5238
f 5234 5238 5237
f 5236 5235 5240
f 5236 5240 5239
f 5238 5233 5236
f 5238 5236 5239
f 5234 5237 5240
f 5234 5240 5235
usemtl graphite
v 5.125000 1.125000 0.125000
v 5.125000 1.125000 0.187500
v 5.125000 1.875000 0.187500
f 5241 5242 5243
v 5.125000 1.875000 0.125000
f 5241 5243 5244
v 5.875000 1.125000 0.187500
v 5.875000 1.125000 0.125000
v 5.875000 1.875000 0.125000
f 5245 5246 5247
v 5.875000 1.875000 0.187500
f 5245 5247 5248
f 5242 5241 5246
f 5242 5246 5245
f 5244 5243 5248
f 5244 5248 5247
f 5246 5241 5244
f 5246 5244 5247
f 5242 5245 5248
f 5242 5248 5243
usemtl steel
v 5.000000 1.000000 0.000000
f 5249 5233 5236
v 5.000000 2.000000 0.000000
f 5249 5236 5250
v 5.125000 1.000000 0.187500
v 5.125000 1.000000 0.000000
v 5.125000 2.000000 0.000000
f 5251 5252 5253
v 5.125000 2.000000 0.187500
f 5251 5253 5254
f 5233 5249 5252
f 5233 5252 5251
f 5250 5236 5254
f 5250 5254 5253
f 5252 5249 5250
f 5252 5250 5253
f 5233 5251 5254
f 5233 5254 5236
v 5.875000 1.000000 0.000000
v 5.875000 1.000000 0.187500
v 5.875000 2.000000 0.187500
f 5255 5256 5257
v 5.875000 2.000000 0.000000
f 5255 5257 5258
v 6.000000 1.000000 0.000000
v 6.000000 2.000000 0.000000
f 5238 5259 5260
f 5238 5260 5239
f 5256 5255 5259
f 5256 5259 5238
f 5258 5257 5239
f 5258 5239 5260
f 5259 5255 5258
f 5259 5258 5260
f 5256 5238 5239
f 5256 5239 5257
f 5252 5251 5242
v 5.125000 1.125000 0.000000
f 5252 5242 5261
v 5.875000 1.125000 0.000000
f 5256 5255 5262
f 5256 5262 5245
f 5251 5252 5255
f 5251 5255 5256
f 5261 5242 5245
f 5261 5245 5262
f 5255 5252 5261
f 5255 5261 5262
f 5251 5256 5245
f 5251 5245 5242
v 5.125000 1.875000 0.000000
f 5263 5243 5254
f 5263 5254 5253
v 5.875000 1.875000 0.000000
f 5248 5264 5258
f 5248 5258 5257
f 5243 5263 5264
f 5243 5264 5248
f 5253 5254 5257
f 5253 5257 5258
f 5264 5263 5253
f 5264 5253 5258
f 5243 5248 5257
f 5243 5257 5254
v 5.250000 1.250000 -0.062500
v 5.250000 1.250000 0.125000
v 5.250000 1.750000 0.125000
f 5265 5266 5267
v 5.250000 1.750000 -0.062500
f 5265 5267 5268
v 5.375000 1.250000 0.125000
v 5.375000 1.250000 -0.062500
v 5.375000 1.750000 -0.062500
f 5269 5270 5271
v 5.375000 1.750000 0.125000
f 5269 5271 5272
f 5266 5265 5270
f 5266 5270 5269
f 5268 5267 5272
f 5268 5272 5271
f 5270 5265 5268
f 5270 5268 5271
f 5266 5269 5272
f 5266 5272 5267
v 5.625000 1.250000 -0.062500
v 5.625000 1.250000 0.125000
v 5.625000 1.750000 0.125000
f 5273 5274 5275
v 5.625000 1.750000 -0.062500
f 5273 5275 5276
v 5.750000 1.250000 0.125000
v 5.750000 1.250000 -0.062500
v 5.750000 1.750000 -0.062500
f 5277 5278 5279
v 5.750000 1.750000 0.125000
f 5277 5279 5280
f 5274 5273 5278
f 5274 5278 5277
f 5276 5275 5280
f 5276 5280 5279
f 5278 5273 5276
f 5278 5276 5279
f 5274 5277 5280
f 5274 5280 5275
v 5.375000 1.375000 0.125000
f 5270 5269 5281
v 5.375000 1.375000 -0.062500
f 5270 5281 5282
v 5.625000 1.375000 -0.062500
f 5274 5273 5283
v 5.625000 1.375000 0.125000
f 5274 5283 5284
f 5269 5270 5273
f 5269 5273 5274
f 5282 5281 5284
f 5282 5284 5283
f 5273 5270 5282
f 5273 5282 5283
f 5269 5274 5284
f 5269 5284 5281
v 5.375000 1.625000 -0.062500
v 5.375000 1.625000 0.125000
f 5285 5286 5272
f 5285 5272 5271
v 5.625000 1.625000 0.125000
v 5.625000 1.625000 -0.062500
f 5287 5288 5276
f 5287 5276 5275
f 5286 5285 5288
f 5286 5288 5287
f 5271 5272 5275
f 5271 5275 5276
f 5288 5285 5271
f 5288 5271 5276
f 5286 5287 5275
f 5286 5275 5272
usemtl recess
v 5.375000 1.375000 0.062500
f 5289 5281 5286
v 5.375000 1.625000 0.062500
f 5289 5286 5290
v 5.625000 1.375000 0.062500
v 5.625000 1.625000 0.062500
f 5284 5291 5292
f 5284 5292 5287
f 5281 5289 5291
f 5281 5291 5284
f 5290 5286 5287
f 5290 5287 5292
f 5291 5289 5290
f 5291 5290 5292
f 5281 5284 5287
f 5281 5287 5286
usemtl lamp
v 5.437500 1.812500 -0.015625
v 5.437500 1.812500 0.000000
v 5.437500 1.875000 0.000000
f 5293 5294 5295
v 5.437500 1.875000 -0.015625
f 5293 5295 5296
v 5.562500 1.812500 0.000000
v 5.562500 1.812500 -0.015625
v 5.562500 1.875000 -0.015625
f 5297 5298 5299
v 5.562500 1.875000 0.000000
f 5297 5299 5300
f 5294 5293 5298
f 5294 5298 5297
f 5296 5295 5300
f 5296 5300 5299
f 5298 5293 5296
f 5298 5296 5299
f 5294 5297 5300
f 5294 5300 5295
o output_5_1_6
usemtl armor
v 5.000000 1.000000 6.000000
v 5.000000 1.000000 6.812500
v 5.000000 2.000000 6.812500
f 5301 5302 5303
v 5.000000 2.000000 6.000000
f 5301 5303 5304
v 6.000000 1.000000 6.812500
v 6.000000 1.000000 6.000000
v 6.000000 2.000000 6.000000
f 5305 5306 5307
v 6.000000 2.000000 6.812500
f 5305 5307 5308
f 5302 5301 5306
f 5302 5306 5305
f 5304 5303 5308
f 5304 5308 5307
f 5306 5301 5304
f 5306 5304 5307
f 5302 5305 5308
f 5302 5308 5303
usemtl graphite
v 5.125000 1.125000 6.812500
v 5.125000 1.125000 6.875000
v 5.125000 1.875000 6.875000
f 5309 5310 5311
v 5.125000 1.875000 6.812500
f 5309 5311 5312
v 5.875000 1.125000 6.875000
v 5.875000 1.125000 6.812500
v 5.875000 1.875000 6.812500
f 5313 5314 5315
v 5.875000 1.875000 6.875000
f 5313 5315 5316
f 5310 5309 5314
f 5310 5314 5313
f 5312 5311 5316
f 5312 5316 5315
f 5314 5309 5312
f 5314 5312 5315
f 5310 5313 5316
f 5310 5316 5311
usemtl steel
v 5.875000 1.000000 6.812500
v 5.875000 1.000000 7.000000
v 5.875000 2.000000 7.000000
f 5317 5318 5319
v 5.875000 2.000000 6.812500
f 5317 5319 5320
v 6.000000 1.000000 7.000000
f 5321 5305 5308
v 6.000000 2.000000 7.000000
f 5321 5308 5322
f 5318 5317 5305
f 5318 5305 5321
f 5320 5319 5322
f 5320 5322 5308
f 5305 5317 5320
f 5305 5320 5308
f 5318 5321 5322
f 5318 5322 5319
v 5.000000 1.000000 7.000000
v 5.000000 2.000000 7.000000
f 5302 5323 5324
f 5302 5324 5303
v 5.125000 1.000000 7.000000
v 5.125000 1.000000 6.812500
v 5.125000 2.000000 6.812500
f 5325 5326 5327
v 5.125000 2.000000 7.000000
f 5325 5327 5328
f 5323 5302 5326
f 5323 5326 5325
f 5303 5324 5328
f 5303 5328 5327
f 5326 5302 5303
f 5326 5303 5327
f 5323 5325 5328
f 5323 5328 5324
v 5.125000 1.125000 7.000000
f 5326 5325 5329
f 5326 5329 5309
f 5318 5317 5314
v 5.875000 1.125000 7.000000
f 5318 5314 5330
f 5325 5326 5317
f 5325 5317 5318
f 5309 5329 5330
f 5309 5330 5314
f 5317 5326 5309
f 5317 5309 5314
f 5325 5318 5330
f 5325 5330 5329
v 5.125000 1.875000 7.000000
f 5312 5331 5328
f 5312 5328 5327
v 5.875000 1.875000 7.000000
f 5332 5315 5320
f 5332 5320 5319
f 5331 5312 5315
f 5331 5315 5332
f 5327 5328 5319
f 5327 5319 5320
f 5315 5312 5327
f 5315 5327 5320
f 5331 5332 5319
f 5331 5319 5328
v 5.625000 1.250000 6.875000
v 5.625000 1.250000 7.062500
v 5.625000 1.750000 7.062500
f 5333 5334 5335
v 5.625000 1.750000 6.875000
f 5333 5335 5336
v 5.750000 1.250000 7.062500
v 5.750000 1.250000 6.875000
v 5.750000 1.750000 6.875000
f 5337 5338 5339
v 5.750000 1.750000 7.062500
f 5337 5339 5340
f 5334 5333 5338
f 5334 5338 5337
f 5336 5335 5340
f 5336 5340 5339
f 5338 5333 5336
f 5338 5336 5339
f 5334 5337 5340
f 5334 5340 5335
v 5.250000 1.250000 6.875000
v 5.250000 1.250000 7.062500
v 5.250000 1.750000 7.062500
f 5341 5342 5343
v 5.250000 1.750000 6.875000
f 5341 5343 5344
v 5.375000 1.250000 7.062500
v 5.375000 1.250000 6.875000
v 5.375000 1.750000 6.875000
f 5345 5346 5347
v 5.375000 1.750000 7.062500
f 5345 5347 5348
f 5342 5341 5346
f 5342 5346 5345
f 5344 5343 5348
f 5344 5348 5347
f 5346 5341 5344
f 5346 5344 5347
f 5342 5345 5348
f 5342 5348 5343
v 5.375000 1.375000 7.062500
f 5346 5345 5349
v 5.375000 1.375000 6.875000
f 5346 5349 5350
v 5.625000 1.375000 6.875000
f 5334 5333 5351
v 5.625000 1.375000 7.062500
f 5334 5351 5352
f 5345 5346 5333
f 5345 5333 5334
f 5350 5349 5352
f 5350 5352 5351
f 5333 5346 5350
f 5333 5350 5351
f 5345 5334 5352
f 5345 5352 5349
v 5.375000 1.625000 6.875000
v 5.375000 1.625000 7.062500
f 5353 5354 5348
f 5353 5348 5347
v 5.625000 1.625000 7.062500
v 5.625000 1.625000 6.875000
f 5355 5356 5336
f 5355 5336 5335
f 5354 5353 5356
f 5354 5356 5355
f 5347 5348 5335
f 5347 5335 5336
f 5356 5353 5347
f 5356 5347 5336
f 5354 5355 5335
f 5354 5335 5348
usemtl recess
v 5.375000 1.375000 6.937500
v 5.375000 1.625000 6.937500
f 5350 5357 5358
f 5350 5358 5353
v 5.625000 1.375000 6.937500
f 5359 5351 5356
v 5.625000 1.625000 6.937500
f 5359 5356 5360
f 5357 5350 5351
f 5357 5351 5359
f 5353 5358 5360
f 5353 5360 5356
f 5351 5350 5353
f 5351 5353 5356
f 5357 5359 5360
f 5357 5360 5358
usemtl orbit
v 5.437500 1.812500 7.000000
v 5.437500 1.812500 7.015625
v 5.437500 1.875000 7.015625
f 5361 5362 5363
v 5.437500 1.875000 7.000000
f 5361 5363 5364
v 5.562500 1.812500 7.015625
v 5.562500 1.812500 7.000000
v 5.562500 1.875000 7.000000
f 5365 5366 5367
v 5.562500 1.875000 7.015625
f 5365 5367 5368
f 5362 5361 5366
f 5362 5366 5365
f 5364 5363 5368
f 5364 5368 5367
f 5366 5361 5364
f 5366 5364 5367
f 5362 5365 5368
f 5362 5368 5363
o coil_5_3_3
usemtl steel
v 5.812500 3.000000 3.000000
v 5.812500 3.000000 4.000000
v 5.812500 4.000000 4.000000
f 5369 5370 5371
v 5.812500 4.000000 3.000000
f 5369 5371 5372
v 6.000000 3.000000 4.000000
v 6.000000 3.000000 3.000000
v 6.000000 4.000000 3.000000
f 5373 5374 5375
v 6.000000 4.000000 4.000000
f 5373 5375 5376
f 5370 5369 5374
f 5370 5374 5373
f 5372 5371 5376
f 5372 5376 5375
f 5374 5369 5372
f 5374 5372 5375
f 5370 5373 5376
f 5370 5376 5371
usemtl armor
v 5.375000 3.062500 3.062500
v 5.375000 3.062500 3.937500
v 5.375000 3.937500 3.937500
f 5377 5378 5379
v 5.375000 3.937500 3.062500
f 5377 5379 5380
v 5.812500 3.062500 3.937500
v 5.812500 3.062500 3.062500
v 5.812500 3.937500 3.062500
f 5381 5382 5383
v 5.812500 3.937500 3.937500
f 5381 5383 5384
f 5378 5377 5382
f 5378 5382 5381
f 5380 5379 5384
f 5380 5384 5383
f 5382 5377 5380
f 5382 5380 5383
f 5378 5381 5384
f 5378 5384 5379
usemtl graphite
v 5.187500 3.187500 3.187500
v 5.187500 3.187500 3.812500
v 5.187500 3.812500 3.812500
f 5385 5386 5387
v 5.187500 3.812500 3.187500
f 5385 5387 5388
v 5.375000 3.187500 3.812500
v 5.375000 3.187500 3.187500
v 5.375000 3.812500 3.187500
f 5389 5390 5391
v 5.375000 3.812500 3.812500
f 5389 5391 5392
f 5386 5385 5390
f 5386 5390 5389
f 5388 5387 5392
f 5388 5392 5391
f 5390 5385 5388
f 5390 5388 5391
f 5386 5389 5392
f 5386 5392 5387
usemtl steel
v 4.937500 3.250000 3.250000
v 4.937500 3.250000 3.750000
v 4.937500 3.750000 3.750000
f 5393 5394 5395
v 4.937500 3.750000 3.250000
f 5393 5395 5396
v 5.187500 3.250000 3.750000
v 5.187500 3.250000 3.250000
v 5.187500 3.750000 3.250000
f 5397 5398 5399
v 5.187500 3.750000 3.750000
f 5397 5399 5400
f 5394 5393 5398
f 5394 5398 5397
f 5396 5395 5400
f 5396 5400 5399
f 5398 5393 5396
f 5398 5396 5399
f 5394 5397 5400
f 5394 5400 5395
usemtl recess
v 4.875000 3.312500 3.312500
v 4.875000 3.312500 3.687500
v 4.875000 3.687500 3.687500
f 5401 5402 5403
v 4.875000 3.687500 3.312500
f 5401 5403 5404
v 4.937500 3.312500 3.687500
v 4.937500 3.312500 3.312500
v 4.937500 3.687500 3.312500
f 5405 5406 5407
v 4.937500 3.687500 3.687500
f 5405 5407 5408
f 5402 5401 5406
f 5402 5406 5405
f 5404 5403 5408
f 5404 5408 5407
f 5406 5401 5404
f 5406 5404 5407
f 5402 5405 5408
f 5402 5408 5403
usemtl armor
v 4.750000 3.187500 3.687500
v 4.750000 3.187500 3.812500
v 4.750000 3.812500 3.812500
f 5409 5410 5411
v 4.750000 3.812500 3.687500
f 5409 5411 5412
v 4.937500 3.187500 3.812500
v 4.937500 3.187500 3.687500
v 4.937500 3.812500 3.687500
f 5413 5414 5415
v 4.937500 3.812500 3.812500
f 5413 5415 5416
f 5410 5409 5414
f 5410 5414 5413
f 5412 5411 5416
f 5412 5416 5415
f 5414 5409 5412
f 5414 5412 5415
f 5410 5413 5416
f 5410 5416 5411
v 4.750000 3.187500 3.187500
v 4.750000 3.187500 3.312500
v 4.750000 3.812500 3.312500
f 5417 5418 5419
v 4.750000 3.812500 3.187500
f 5417 5419 5420
v 4.937500 3.187500 3.312500
v 4.937500 3.187500 3.187500
v 4.937500 3.812500 3.187500
f 5421 5422 5423
v 4.937500 3.812500 3.312500
f 5421 5423 5424
f 5418 5417 5422
f 5418 5422 5421
f 5420 5419 5424
f 5420 5424 5423
f 5422 5417 5420
f 5422 5420 5423
f 5418 5421 5424
f 5418 5424 5419
v 4.750000 3.312500 3.687500
f 5418 5409 5425
v 4.750000 3.312500 3.312500
f 5418 5425 5426
f 5414 5421 5406
f 5414 5406 5405
f 5409 5418 5421
f 5409 5421 5414
f 5426 5425 5405
f 5426 5405 5406
f 5421 5418 5426
f 5421 5426 5406
f 5409 5414 5405
f 5409 5405 5425
v 4.750000 3.687500 3.312500
v 4.750000 3.687500 3.687500
f 5427 5428 5412
f 5427 5412 5419
f 5408 5407 5424
f 5408 5424 5415
f 5428 5427 5407
f 5428 5407 5408
f 5419 5412 5415
f 5419 5415 5424
f 5407 5427 5419
f 5407 5419 5424
f 5428 5408 5415
f 5428 5415 5412
usemtl lamp
v 5.312500 3.375000 3.812500
v 5.312500 3.375000 3.937500
v 5.312500 3.625000 3.937500
f 5429 5430 5431
v 5.312500 3.625000 3.812500
f 5429 5431 5432
v 5.375000 3.375000 3.937500
v 5.375000 3.375000 3.812500
v 5.375000 3.625000 3.812500
f 5433 5434 5435
v 5.375000 3.625000 3.937500
f 5433 5435 5436
f 5430 5429 5434
f 5430 5434 5433
f 5432 5431 5436
f 5432 5436 5435
f 5434 5429 5432
f 5434 5432 5435
f 5430 5433 5436
f 5430 5436 5431
v 5.312500 3.375000 3.062500
v 5.312500 3.375000 3.187500
v 5.312500 3.625000 3.187500
f 5437 5438 5439
v 5.312500 3.625000 3.062500
f 5437 5439 5440
v 5.375000 3.375000 3.187500
v 5.375000 3.375000 3.062500
v 5.375000 3.625000 3.062500
f 5441 5442 5443
v 5.375000 3.625000 3.187500
f 5441 5443 5444
f 5438 5437 5442
f 5438 5442 5441
f 5440 5439 5444
f 5440 5444 5443
f 5442 5437 5440
f 5442 5440 5443
f 5438 5441 5444
f 5438 5444 5439
usemtl graphite
v 5.312500 3.125000 3.125000
v 5.312500 3.125000 3.875000
v 5.312500 3.250000 3.875000
f 5445 5446 5447
v 5.312500 3.250000 3.125000
f 5445 5447 5448
v 5.375000 3.125000 3.875000
v 5.375000 3.125000 3.125000
v 5.375000 3.250000 3.125000
f 5449 5450 5451
v 5.375000 3.250000 3.875000
f 5449 5451 5452
f 5446 5445 5450
f 5446 5450 5449
f 5448 5447 5452
f 5448 5452 5451
f 5450 5445 5448
f 5450 5448 5451
f 5446 5449 5452
f 5446 5452 5447
v 5.312500 3.750000 3.125000
v 5.312500 3.750000 3.875000
v 5.312500 3.875000 3.875000
f 5453 5454 5455
v 5.312500 3.875000 3.125000
f 5453 5455 5456
v 5.375000 3.750000 3.875000
v 5.375000 3.750000 3.125000
v 5.375000 3.875000 3.125000
f 5457 5458 5459
v 5.375000 3.875000 3.875000
f 5457 5459 5460
f 5454 5453 5458
f 5454 5458 5457
f 5456 5455 5460
f 5456 5460 5459
f 5458 5453 5456
f 5458 5456 5459
f 5454 5457 5460
f 5454 5460 5455
o frame_5_6_0
usemtl armor
v 5.000000 6.187500 0.187500
v 5.000000 6.187500 0.812500
v 5.000000 6.812500 0.812500
f 5461 5462 5463
v 5.000000 6.812500 0.187500
f 5461 5463 5464
v 6.000000 6.187500 0.812500
v 6.000000 6.187500 0.187500
v 6.000000 6.812500 0.187500
f 5465 5466 5467
v 6.000000 6.812500 0.812500
f 5465 5467 5468
f 5462 5461 5466
f 5462 5466 5465
f 5464 5463 5468
f 5464 5468 5467
f 5466 5461 5464
f 5466 5464 5467
f 5462 5465 5468
f 5462 5468 5463
usemtl steel
v 5.000000 6.000000 0.000000
v 5.000000 6.000000 0.187500
f 5469 5470 5461
v 5.000000 6.187500 0.000000
f 5469 5461 5471
v 6.000000 6.000000 0.187500
v 6.000000 6.000000 0.000000
v 6.000000 6.187500 0.000000
f 5472 5473 5474
f 5472 5474 5466
f 5470 5469 5473
f 5470 5473 5472
f 5471 5461 5466
f 5471 5466 5474
f 5473 5469 5471
f 5473 5471 5474
f 5470 5472 5466
f 5470 5466 5461
v 5.000000 6.000000 0.812500
v 5.000000 6.000000 1.000000
v 5.000000 6.187500 1.000000
f 5475 5476 5477
f 5475 5477 5462
v 6.000000 6.000000 1.000000
v 6.000000 6.000000 0.812500
f 5478 5479 5465
v 6.000000 6.187500 1.000000
f 5478 5465 5480
f 5476 5475 5479
f 5476 5479 5478
f 5462 5477 5480
f 5462 5480 5465
f 5479 5475 5462
f 5479 5462 5465
f 5476 5478 5480
f 5476 5480 5477
v 5.000000 6.812500 0.000000
v 5.000000 7.000000 0.187500
f 5481 5464 5482
v 5.000000 7.000000 0.000000
f 5481 5482 5483
v 6.000000 6.812500 0.000000
v 6.000000 7.000000 0.000000
f 5467 5484 5485
v 6.000000 7.000000 0.187500
f 5467 5485 5486
f 5464 5481 5484
f 5464 5484 5467
f 5483 5482 5486
f 5483 5486 5485
f 5484 5481 5483
f 5484 5483 5485
f 5464 5467 5486
f 5464 5486 5482
v 5.000000 6.812500 1.000000
v 5.000000 7.000000 1.000000
f 5463 5487 5488
v 5.000000 7.000000 0.812500
f 5463 5488 5489
v 6.000000 6.812500 1.000000
v 6.000000 7.000000 0.812500
f 5490 5468 5491
v 6.000000 7.000000 1.000000
f 5490 5491 5492
f 5487 5463 5468
f 5487 5468 5490
f 5489 5488 5492
f 5489 5492 5491
f 5468 5463 5489
f 5468 5489 5491
f 5487 5490 5492
f 5487 5492 5488
usemtl edge
v 5.000000 6.250000 0.062500
v 5.000000 6.250000 0.187500
v 5.000000 6.750000 0.187500
f 5493 5494 5495
v 5.000000 6.750000 0.062500
f 5493 5495 5496
v 6.000000 6.250000 0.187500
v 6.000000 6.250000 0.062500
v 6.000000 6.750000 0.062500
f 5497 5498 5499
v 6.000000 6.750000 0.187500
f 5497 5499 5500
f 5494 5493 5498
f 5494 5498 5497
f 5496 5495 5500
f 5496 5500 5499
f 5498 5493 5496
f 5498 5496 5499
f 5494 5497 5500
f 5494 5500 5495
v 5.000000 6.250000 0.812500
v 5.000000 6.250000 0.937500
v 5.000000 6.750000 0.937500
f 5501 5502 5503
v 5.000000 6.750000 0.812500
f 5501 5503 5504
v 6.000000 6.250000 0.937500
v 6.000000 6.250000 0.812500
v 6.000000 6.750000 0.812500
f 5505 5506 5507
v 6.000000 6.750000 0.937500
f 5505 5507 5508
f 5502 5501 5506
f 5502 5506 5505
f 5504 5503 5508
f 5504 5508 5507
f 5506 5501 5504
f 5506 5504 5507
f 5502 5505 5508
f 5502 5508 5503
v 5.000000 6.062500 0.250000
v 5.000000 6.062500 0.750000
v 5.000000 6.187500 0.750000
f 5509 5510 5511
v 5.000000 6.187500 0.250000
f 5509 5511 5512
v 6.000000 6.062500 0.750000
v 6.000000 6.062500 0.250000
v 6.000000 6.187500 0.250000
f 5513 5514 5515
v 6.000000 6.187500 0.750000
f 5513 5515 5516
f 5510 5509 5514
f 5510 5514 5513
f 5512 5511 5516
f 5512 5516 5515
f 5514 5509 5512
f 5514 5512 5515
f 5510 5513 5516
f 5510 5516 5511
v 5.000000 6.812500 0.250000
v 5.000000 6.812500 0.750000
v 5.000000 6.937500 0.750000
f 5517 5518 5519
v 5.000000 6.937500 0.250000
f 5517 5519 5520
v 6.000000 6.812500 0.750000
v 6.000000 6.812500 0.250000
v 6.000000 6.937500 0.250000
f 5521 5522 5523
v 6.000000 6.937500 0.750000
f 5521 5523 5524
f 5518 5517 5522
f 5518 5522 5521
f 5520 5519 5524
f 5520 5524 5523
f 5522 5517 5520
f 5522 5520 5523
f 5518 5521 5524
f 5518 5524 5519
o panel_5_6_1
usemtl armor
v 5.000000 6.187500 1.000000
v 5.000000 6.187500 2.000000
v 5.000000 7.000000 2.000000
f 5525 5526 5527
v 5.000000 7.000000 1.000000
f 5525 5527 5528
v 6.000000 6.187500 2.000000
v 6.000000 6.187500 1.000000
v 6.000000 7.000000 1.000000
f 5529 5530 5531
v 6.000000 7.000000 2.000000
f 5529 5531 5532
f 5526 5525 5530
f 5526 5530 5529
f 5528 5527 5532
f 5528 5532 5531
f 5530 5525 5528
f 5530 5528 5531
f 5526 5529 5532
f 5526 5532 5527
usemtl graphite
v 5.125000 6.125000 1.125000
v 5.125000 6.125000 1.875000
v 5.125000 6.187500 1.875000
f 5533 5534 5535
v 5.125000 6.187500 1.125000
f 5533 5535 5536
v 5.875000 6.125000 1.875000
v 5.875000 6.125000 1.125000
v 5.875000 6.187500 1.125000
f 5537 5538 5539
v 5.875000 6.187500 1.875000
f 5537 5539 5540
f 5534 5533 5538
f 5534 5538 5537
f 5536 5535 5540
f 5536 5540 5539
f 5538 5533 5536
f 5538 5536 5539
f 5534 5537 5540
f 5534 5540 5535
usemtl steel
v 5.000000 6.000000 1.000000
v 5.000000 6.000000 2.000000
f 5541 5542 5526
f 5541 5526 5525
v 5.125000 6.000000 2.000000
v 5.125000 6.000000 1.000000
v 5.125000 6.187500 1.000000
f 5543 5544 5545
v 5.125000 6.187500 2.000000
f 5543 5545 5546
f 5542 5541 5544
f 5542 5544 5543
f 5525 5526 5546
f 5525 5546 5545
f 5544 5541 5525
f 5544 5525 5545
f 5542 5543 5546
f 5542 5546 5526
v 5.875000 6.000000 1.000000
v 5.875000 6.000000 2.000000
v 5.875000 6.187500 2.000000
f 5547 5548 5549
v 5.875000 6.187500 1.000000
f 5547 5549 5550
v 6.000000 6.000000 2.000000
v 6.000000 6.000000 1.000000
f 5551 5552 5530
f 5551 5530 5529
f 5548 5547 5552
f 5548 5552 5551
f 5550 5549 5529
f 5550 5529 5530
f 5552 5547 5550
f 5552 5550 5530
f 5548 5551 5529
f 5548 5529 5549
v 5.125000 6.000000 1.875000
f 5553 5543 5546
f 5553 5546 5535
v 5.875000 6.000000 1.875000
f 5548 5554 5540
f 5548 5540 5549
f 5543 5553 5554
f 5543 5554 5548
f 5535 5546 5549
f 5535 5549 5540
f 5554 5553 5535
f 5554 5535 5540
f 5543 5548 5549
f 5543 5549 5546
v 5.125000 6.000000 1.125000
f 5544 5555 5536
f 5544 5536 5545
v 5.875000 6.000000 1.125000
f 5556 5547 5550
f 5556 5550 5539
f 5555 5544 5547
f 5555 5547 5556
f 5545 5536 5539
f 5545 5539 5550
f 5547 5544 5545
f 5547 5545 5550
f 5555 5556 5539
f 5555 5539 5536
o panel_5_6_2
usemtl armor
v 5.000000 6.187500 2.000000
v 5.000000 6.187500 3.000000
v 5.000000 7.000000 3.000000
f 5557 5558 5559
v 5.000000 7.000000 2.000000
f 5557 5559 5560
v 6.000000 6.187500 3.000000
v 6.000000 6.187500 2.000000
v 6.000000 7.000000 2.000000
f 5561 5562 5563
v 6.000000 7.000000 3.000000
f 5561 5563 5564
f 5558 5557 5562
f 5558 5562 5561
f 5560 5559 5564
f 5560 5564 5563
f 5562 5557 5560
f 5562 5560 5563
f 5558 5561 5564
f 5558 5564 5559
usemtl graphite
v 5.125000 6.125000 2.125000
v 5.125000 6.125000 2.875000
v 5.125000 6.187500 2.875000
f 5565 5566 5567
v 5.125000 6.187500 2.125000
f 5565 5567 5568
v 5.875000 6.125000 2.875000
v 5.875000 6.125000 2.125000
v 5.875000 6.187500 2.125000
f 5569 5570 5571
v 5.875000 6.187500 2.875000
f 5569 5571 5572
f 5566 5565 5570
f 5566 5570 5569
f 5568 5567 5572
f 5568 5572 5571
f 5570 5565 5568
f 5570 5568 5571
f 5566 5569 5572
f 5566 5572 5567
usemtl steel
v 5.000000 6.000000 2.000000
v 5.000000 6.000000 3.000000
f 5573 5574 5558
f 5573 5558 5557
v 5.125000 6.000000 3.000000
v 5.125000 6.000000 2.000000
v 5.125000 6.187500 2.000000
f 5575 5576 5577
v 5.125000 6.187500 3.000000
f 5575 5577 5578
f 5574 5573 5576
f 5574 5576 5575
f 5557 5558 5578
f 5557 5578 5577
f 5576 5573 5557
f 5576 5557 5577
f 5574 5575 5578
f 5574 5578 5558
v 5.875000 6.000000 2.000000
v 5.875000 6.000000 3.000000
v 5.875000 6.187500 3.000000
f 5579 5580 5581
v 5.875000 6.187500 2.000000
f 5579 5581 5582
v 6.000000 6.000000 3.000000
v 6.000000 6.000000 2.000000
f 5583 5584 5562
f 5583 5562 5561
f 5580 5579 5584
f 5580 5584 5583
f 5582 5581 5561
f 5582 5561 5562
f 5584 5579 5582
f 5584 5582 5562
f 5580 5583 5561
f 5580 5561 5581
v 5.125000 6.000000 2.875000
f 5585 5575 5578
f 5585 5578 5567
v 5.875000 6.000000 2.875000
f 5580 5586 5572
f 5580 5572 5581
f 5575 5585 5586
f 5575 5586 5580
f 5567 5578 5581
f 5567 5581 5572
f 5586 5585 5567
f 5586 5567 5572
f 5575 5580 5581
f 5575 5581 5578
v 5.125000 6.000000 2.125000
f 5576 5587 5568
f 5576 5568 5577
v 5.875000 6.000000 2.125000
f 5588 5579 5582
f 5588 5582 5571
f 5587 5576 5579
f 5587 5579 5588
f 5577 5568 5571
f 5577 5571 5582
f 5579 5576 5577
f 5579 5577 5582
f 5587 5588 5571
f 5587 5571 5568
o panel_5_6_3
usemtl armor
v 5.000000 6.187500 3.000000
v 5.000000 6.187500 4.000000
v 5.000000 7.000000 4.000000
f 5589 5590 5591
v 5.000000 7.000000 3.000000
f 5589 5591 5592
v 6.000000 6.187500 4.000000
v 6.000000 6.187500 3.000000
v 6.000000 7.000000 3.000000
f 5593 5594 5595
v 6.000000 7.000000 4.000000
f 5593 5595 5596
f 5590 5589 5594
f 5590 5594 5593
f 5592 5591 5596
f 5592 5596 5595
f 5594 5589 5592
f 5594 5592 5595
f 5590 5593 5596
f 5590 5596 5591
usemtl graphite
v 5.125000 6.125000 3.125000
v 5.125000 6.125000 3.875000
v 5.125000 6.187500 3.875000
f 5597 5598 5599
v 5.125000 6.187500 3.125000
f 5597 5599 5600
v 5.875000 6.125000 3.875000
v 5.875000 6.125000 3.125000
v 5.875000 6.187500 3.125000
f 5601 5602 5603
v 5.875000 6.187500 3.875000
f 5601 5603 5604
f 5598 5597 5602
f 5598 5602 5601
f 5600 5599 5604
f 5600 5604 5603
f 5602 5597 5600
f 5602 5600 5603
f 5598 5601 5604
f 5598 5604 5599
usemtl steel
v 5.000000 6.000000 3.000000
v 5.000000 6.000000 4.000000
f 5605 5606 5590
f 5605 5590 5589
v 5.125000 6.000000 4.000000
v 5.125000 6.000000 3.000000
v 5.125000 6.187500 3.000000
f 5607 5608 5609
v 5.125000 6.187500 4.000000
f 5607 5609 5610
f 5606 5605 5608
f 5606 5608 5607
f 5589 5590 5610
f 5589 5610 5609
f 5608 5605 5589
f 5608 5589 5609
f 5606 5607 5610
f 5606 5610 5590
v 5.875000 6.000000 3.000000
v 5.875000 6.000000 4.000000
v 5.875000 6.187500 4.000000
f 5611 5612 5613
v 5.875000 6.187500 3.000000
f 5611 5613 5614
v 6.000000 6.000000 4.000000
v 6.000000 6.000000 3.000000
f 5615 5616 5594
f 5615 5594 5593
f 5612 5611 5616
f 5612 5616 5615
f 5614 5613 5593
f 5614 5593 5594
f 5616 5611 5614
f 5616 5614 5594
f 5612 5615 5593
f 5612 5593 5613
v 5.125000 6.000000 3.875000
f 5617 5607 5610
f 5617 5610 5599
v 5.875000 6.000000 3.875000
f 5612 5618 5604
f 5612 5604 5613
f 5607 5617 5618
f 5607 5618 5612
f 5599 5610 5613
f 5599 5613 5604
f 5618 5617 5599
f 5618 5599 5604
f 5607 5612 5613
f 5607 5613 5610
v 5.125000 6.000000 3.125000
f 5608 5619 5600
f 5608 5600 5609
v 5.875000 6.000000 3.125000
f 5620 5611 5614
f 5620 5614 5603
f 5619 5608 5611
f 5619 5611 5620
f 5609 5600 5603
f 5609 5603 5614
f 5611 5608 5609
f 5611 5609 5614
f 5619 5620 5603
f 5619 5603 5600
o panel_5_6_4
usemtl armor
v 5.000000 6.187500 4.000000
v 5.000000 6.187500 5.000000
v 5.000000 7.000000 5.000000
f 5621 5622 5623
v 5.000000 7.000000 4.000000
f 5621 5623 5624
v 6.000000 6.187500 5.000000
v 6.000000 6.187500 4.000000
v 6.000000 7.000000 4.000000
f 5625 5626 5627
v 6.000000 7.000000 5.000000
f 5625 5627 5628
f 5622 5621 5626
f 5622 5626 5625
f 5624 5623 5628
f 5624 5628 5627
f 5626 5621 5624
f 5626 5624 5627
f 5622 5625 5628
f 5622 5628 5623
usemtl graphite
v 5.125000 6.125000 4.125000
v 5.125000 6.125000 4.875000
v 5.125000 6.187500 4.875000
f 5629 5630 5631
v 5.125000 6.187500 4.125000
f 5629 5631 5632
v 5.875000 6.125000 4.875000
v 5.875000 6.125000 4.125000
v 5.875000 6.187500 4.125000
f 5633 5634 5635
v 5.875000 6.187500 4.875000
f 5633 5635 5636
f 5630 5629 5634
f 5630 5634 5633
f 5632 5631 5636
f 5632 5636 5635
f 5634 5629 5632
f 5634 5632 5635
f 5630 5633 5636
f 5630 5636 5631
usemtl steel
v 5.000000 6.000000 4.000000
v 5.000000 6.000000 5.000000
f 5637 5638 5622
f 5637 5622 5621
v 5.125000 6.000000 5.000000
v 5.125000 6.000000 4.000000
v 5.125000 6.187500 4.000000
f 5639 5640 5641
v 5.125000 6.187500 5.000000
f 5639 5641 5642
f 5638 5637 5640
f 5638 5640 5639
f 5621 5622 5642
f 5621 5642 5641
f 5640 5637 5621
f 5640 5621 5641
f 5638 5639 5642
f 5638 5642 5622
v 5.875000 6.000000 4.000000
v 5.875000 6.000000 5.000000
v 5.875000 6.187500 5.000000
f 5643 5644 5645
v 5.875000 6.187500 4.000000
f 5643 5645 5646
v 6.000000 6.000000 5.000000
v 6.000000 6.000000 4.000000
f 5647 5648 5626
f 5647 5626 5625
f 5644 5643 5648
f 5644 5648 5647
f 5646 5645 5625
f 5646 5625 5626
f 5648 5643 5646
f 5648 5646 5626
f 5644 5647 5625
f 5644 5625 5645
v 5.125000 6.000000 4.875000
f 5649 5639 5642
f 5649 5642 5631
v 5.875000 6.000000 4.875000
f 5644 5650 5636
f 5644 5636 5645
f 5639 5649 5650
f 5639 5650 5644
f 5631 5642 5645
f 5631 5645 5636
f 5650 5649 5631
f 5650 5631 5636
f 5639 5644 5645
f 5639 5645 5642
v 5.125000 6.000000 4.125000
f 5640 5651 5632
f 5640 5632 5641
v 5.875000 6.000000 4.125000
f 5652 5643 5646
f 5652 5646 5635
f 5651 5640 5643
f 5651 5643 5652
f 5641 5632 5635
f 5641 5635 5646
f 5643 5640 5641
f 5643 5641 5646
f 5651 5652 5635
f 5651 5635 5632
o panel_5_6_5
usemtl armor
v 5.000000 6.187500 5.000000
v 5.000000 6.187500 6.000000
v 5.000000 7.000000 6.000000
f 5653 5654 5655
v 5.000000 7.000000 5.000000
f 5653 5655 5656
v 6.000000 6.187500 6.000000
v 6.000000 6.187500 5.000000
v 6.000000 7.000000 5.000000
f 5657 5658 5659
v 6.000000 7.000000 6.000000
f 5657 5659 5660
f 5654 5653 5658
f 5654 5658 5657
f 5656 5655 5660
f 5656 5660 5659
f 5658 5653 5656
f 5658 5656 5659
f 5654 5657 5660
f 5654 5660 5655
usemtl graphite
v 5.125000 6.125000 5.125000
v 5.125000 6.125000 5.875000
v 5.125000 6.187500 5.875000
f 5661 5662 5663
v 5.125000 6.187500 5.125000
f 5661 5663 5664
v 5.875000 6.125000 5.875000
v 5.875000 6.125000 5.125000
v 5.875000 6.187500 5.125000
f 5665 5666 5667
v 5.875000 6.187500 5.875000
f 5665 5667 5668
f 5662 5661 5666
f 5662 5666 5665
f 5664 5663 5668
f 5664 5668 5667
f 5666 5661 5664
f 5666 5664 5667
f 5662 5665 5668
f 5662 5668 5663
usemtl steel
v 5.000000 6.000000 5.000000
v 5.000000 6.000000 6.000000
f 5669 5670 5654
f 5669 5654 5653
v 5.125000 6.000000 6.000000
v 5.125000 6.000000 5.000000
v 5.125000 6.187500 5.000000
f 5671 5672 5673
v 5.125000 6.187500 6.000000
f 5671 5673 5674
f 5670 5669 5672
f 5670 5672 5671
f 5653 5654 5674
f 5653 5674 5673
f 5672 5669 5653
f 5672 5653 5673
f 5670 5671 5674
f 5670 5674 5654
v 5.875000 6.000000 5.000000
v 5.875000 6.000000 6.000000
v 5.875000 6.187500 6.000000
f 5675 5676 5677
v 5.875000 6.187500 5.000000
f 5675 5677 5678
v 6.000000 6.000000 6.000000
v 6.000000 6.000000 5.000000
f 5679 5680 5658
f 5679 5658 5657
f 5676 5675 5680
f 5676 5680 5679
f 5678 5677 5657
f 5678 5657 5658
f 5680 5675 5678
f 5680 5678 5658
f 5676 5679 5657
f 5676 5657 5677
v 5.125000 6.000000 5.875000
f 5681 5671 5674
f 5681 5674 5663
v 5.875000 6.000000 5.875000
f 5676 5682 5668
f 5676 5668 5677
f 5671 5681 5682
f 5671 5682 5676
f 5663 5674 5677
f 5663 5677 5668
f 5682 5681 5663
f 5682 5663 5668
f 5671 5676 5677
f 5671 5677 5674
v 5.125000 6.000000 5.125000
f 5672 5683 5664
f 5672 5664 5673
v 5.875000 6.000000 5.125000
f 5684 5675 5678
f 5684 5678 5667
f 5683 5672 5675
f 5683 5675 5684
f 5673 5664 5667
f 5673 5667 5678
f 5675 5672 5673
f 5675 5673 5678
f 5683 5684 5667
f 5683 5667 5664
o frame_5_6_6
usemtl armor
v 5.000000 6.187500 6.187500
v 5.000000 6.187500 6.812500
v 5.000000 6.812500 6.812500
f 5685 5686 5687
v 5.000000 6.812500 6.187500
f 5685 5687 5688
v 6.000000 6.187500 6.812500
v 6.000000 6.187500 6.187500
v 6.000000 6.812500 6.187500
f 5689 5690 5691
v 6.000000 6.812500 6.812500
f 5689 5691 5692
f 5686 5685 5690
f 5686 5690 5689
f 5688 5687 5692
f 5688 5692 5691
f 5690 5685 5688
f 5690 5688 5691
f 5686 5689 5692
f 5686 5692 5687
usemtl steel
v 5.000000 6.000000 6.000000
v 5.000000 6.000000 6.187500
f 5693 5694 5685
v 5.000000 6.187500 6.000000
f 5693 5685 5695
v 6.000000 6.000000 6.187500
v 6.000000 6.000000 6.000000
v 6.000000 6.187500 6.000000
f 5696 5697 5698
f 5696 5698 5690
f 5694 5693 5697
f 5694 5697 5696
f 5695 5685 5690
f 5695 5690 5698
f 5697 5693 5695
f 5697 5695 5698
f 5694 5696 5690
f 5694 5690 5685
v 5.000000 6.000000 6.812500
v 5.000000 6.000000 7.000000
v 5.000000 6.187500 7.000000
f 5699 5700 5701
f 5699 5701 5686
v 6.000000 6.000000 7.000000
v 6.000000 6.000000 6.812500
f 5702 5703 5689
v 6.000000 6.187500 7.000000
f 5702 5689 5704
f 5700 5699 5703
f 5700 5703 5702
f 5686 5701 5704
f 5686 5704 5689
f 5703 5699 5686
f 5703 5686 5689
f 5700 5702 5704
f 5700 5704 5701
v 5.000000 6.812500 6.000000
v 5.000000 7.000000 6.187500
f 5705 5688 5706
v 5.000000 7.000000 6.000000
f 5705 5706 5707
v 6.000000 6.812500 6.000000
v 6.000000 7.000000 6.000000
f 5691 5708 5709
v 6.000000 7.000000 6.187500
f 5691 5709 5710
f 5688 5705 5708
f 5688 5708 5691
f 5707 5706 5710
f 5707 5710 5709
f 5708 5705 5707
f 5708 5707 5709
f 5688 5691 5710
f 5688 5710 5706
v 5.000000 6.812500 7.000000
v 5.000000 7.000000 7.000000
f 5687 5711 5712
v 5.000000 7.000000 6.812500
f 5687 5712 5713
v 6.000000 6.812500 7.000000
v 6.000000 7.000000 6.812500
f 5714 5692 5715
v 6.000000 7.000000 7.000000
f 5714 5715 5716
f 5711 5687 5692
f 5711 5692 5714
f 5713 5712 5716
f 5713 5716 5715
f 5692 5687 5713
f 5692 5713 5715
f 5711 5714 5716
f 5711 5716 5712
usemtl edge
v 5.000000 6.250000 6.062500
v 5.000000 6.250000 6.187500
v 5.000000 6.750000 6.187500
f 5717 5718 5719
v 5.000000 6.750000 6.062500
f 5717 5719 5720
v 6.000000 6.250000 6.187500
v 6.000000 6.250000 6.062500
v 6.000000 6.750000 6.062500
f 5721 5722 5723
v 6.000000 6.750000 6.187500
f 5721 5723 5724
f 5718 5717 5722
f 5718 5722 5721
f 5720 5719 5724
f 5720 5724 5723
f 5722 5717 5720
f 5722 5720 5723
f 5718 5721 5724
f 5718 5724 5719
v 5.000000 6.250000 6.812500
v 5.000000 6.250000 6.937500
v 5.000000 6.750000 6.937500
f 5725 5726 5727
v 5.000000 6.750000 6.812500
f 5725 5727 5728
v 6.000000 6.250000 6.937500
v 6.000000 6.250000 6.812500
v 6.000000 6.750000 6.812500
f 5729 5730 5731
v 6.000000 6.750000 6.937500
f 5729 5731 5732
f 5726 5725 5730
f 5726 5730 5729
f 5728 5727 5732
f 5728 5732 5731
f 5730 5725 5728
f 5730 5728 5731
f 5726 5729 5732
f 5726 5732 5727
v 5.000000 6.062500 6.250000
v 5.000000 6.062500 6.750000
v 5.000000 6.187500 6.750000
f 5733 5734 5735
v 5.000000 6.187500 6.250000
f 5733 5735 5736
v 6.000000 6.062500 6.750000
v 6.000000 6.062500 6.250000
v 6.000000 6.187500 6.250000
f 5737 5738 5739
v 6.000000 6.187500 6.750000
f 5737 5739 5740
f 5734 5733 5738
f 5734 5738 5737
f 5736 5735 5740
f 5736 5740 5739
f 5738 5733 5736
f 5738 5736 5739
f 5734 5737 5740
f 5734 5740 5735
v 5.000000 6.812500 6.250000
v 5.000000 6.812500 6.750000
v 5.000000 6.937500 6.750000
f 5741 5742 5743
v 5.000000 6.937500 6.250000
f 5741 5743 5744
v 6.000000 6.812500 6.750000
v 6.000000 6.812500 6.250000
v 6.000000 6.937500 6.250000
f 5745 5746 5747
v 6.000000 6.937500 6.750000
f 5745 5747 5748
f 5742 5741 5746
f 5742 5746 5745
f 5744 5743 5748
f 5744 5748 5747
f 5746 5741 5744
f 5746 5744 5747
f 5742 5745 5748
f 5742 5748 5743
o joint_6_0_0
usemtl graphite
v 6.125000 0.125000 0.125000
v 6.125000 0.125000 0.875000
v 6.125000 0.875000 0.875000
f 5749 5750 5751
v 6.125000 0.875000 0.125000
f 5749 5751 5752
v 6.875000 0.125000 0.875000
v 6.875000 0.125000 0.125000
v 6.875000 0.875000 0.125000
f 5753 5754 5755
v 6.875000 0.875000 0.875000
f 5753 5755 5756
f 5750 5749 5754
f 5750 5754 5753
f 5752 5751 5756
f 5752 5756 5755
f 5754 5749 5752
f 5754 5752 5755
f 5750 5753 5756
f 5750 5756 5751
usemtl armor
v 6.000000 0.125000 0.687500
v 6.000000 0.125000 0.875000
v 6.000000 0.875000 0.875000
f 5757 5758 5759
v 6.000000 0.875000 0.687500
f 5757 5759 5760
v 6.125000 0.125000 0.687500
v 6.125000 0.875000 0.687500
f 5750 5761 5762
f 5750 5762 5751
f 5758 5757 5761
f 5758 5761 5750
f 5760 5759 5751
f 5760 5751 5762
f 5761 5757 5760
f 5761 5760 5762
f 5758 5750 5751
f 5758 5751 5759
v 6.000000 0.125000 0.125000
v 6.000000 0.125000 0.312500
v 6.000000 0.875000 0.312500
f 5763 5764 5765
v 6.000000 0.875000 0.125000
f 5763 5765 5766
v 6.125000 0.125000 0.312500
f 5767 5749 5752
v 6.125000 0.875000 0.312500
f 5767 5752 5768
f 5764 5763 5749
f 5764 5749 5767
f 5766 5765 5768
f 5766 5768 5752
f 5749 5763 5766
f 5749 5766 5752
f 5764 5767 5768
f 5764 5768 5765
v 6.000000 0.312500 0.687500
f 5764 5757 5769
v 6.000000 0.312500 0.312500
f 5764 5769 5770
v 6.125000 0.312500 0.312500
f 5761 5767 5771
v 6.125000 0.312500 0.687500
f 5761 5771 5772
f 5757 5764 5767
f 5757 5767 5761
f 5770 5769 5772
f 5770 5772 5771
f 5767 5764 5770
f 5767 5770 5771
f 5757 5761 5772
f 5757 5772 5769
v 6.000000 0.687500 0.312500
v 6.000000 0.687500 0.687500
f 5773 5774 5760
f 5773 5760 5765
v 6.125000 0.687500 0.687500
v 6.125000 0.687500 0.312500
f 5775 5776 5768
f 5775 5768 5762
f 5774 5773 5776
f 5774 5776 5775
f 5765 5760 5762
f 5765 5762 5768
f 5776 5773 5765
f 5776 5765 5768
f 5774 5775 5762
f 5774 5762 5760
usemtl recess
v 6.093750 0.312500 0.312500
v 6.093750 0.312500 0.687500
v 6.093750 0.687500 0.687500
f 5777 5778 5779
v 6.093750 0.687500 0.312500
f 5777 5779 5780
f 5772 5771 5776
f 5772 5776 5775
f 5778 5777 5771
f 5778 5771 5772
f 5780 5779 5775
f 5780 5775 5776
f 5771 5777 5780
f 5771 5780 5776
f 5778 5772 5775
f 5778 5775 5779
usemtl armor
v 6.875000 0.125000 0.312500
v 6.875000 0.875000 0.312500
f 5754 5781 5782
f 5754 5782 5755
v 7.000000 0.125000 0.312500
v 7.000000 0.125000 0.125000
v 7.000000 0.875000 0.125000
f 5783 5784 5785
v 7.000000 0.875000 0.312500
f 5783 5785 5786
f 5781 5754 5784
f 5781 5784 5783
f 5755 5782 5786
f 5755 5786 5785
f 5784 5754 5755
f 5784 5755 5785
f 5781 5783 5786
f 5781 5786 5782
v 6.875000 0.125000 0.687500
f 5787 5753 5756
v 6.875000 0.875000 0.687500
f 5787 5756 5788
v 7.000000 0.125000 0.875000
v 7.000000 0.125000 0.687500
v 7.000000 0.875000 0.687500
f 5789 5790 5791
v 7.000000 0.875000 0.875000
f 5789 5791 5792
f 5753 5787 5790
f 5753 5790 5789
f 5788 5756 5792
f 5788 5792 5791
f 5790 5787 5788
f 5790 5788 5791
f 5753 5789 5792
f 5753 5792 5756
v 6.875000 0.312500 0.687500
f 5781 5787 5793
v 6.875000 0.312500 0.312500
f 5781 5793 5794
v 7.000000 0.312500 0.312500
f 5790 5783 5795
v 7.000000 0.312500 0.687500
f 5790 5795 5796
f 5787 5781 5783
f 5787 5783 5790
f 5794 5793 5796
f 5794 5796 5795
f 5783 5781 5794
f 5783 5794 5795
f 5787 5790 5796
f 5787 5796 5793
v 6.875000 0.687500 0.312500
v 6.875000 0.687500 0.687500
f 5797 5798 5788
f 5797 5788 5782
v 7.000000 0.687500 0.687500
v 7.000000 0.687500 0.312500
f 5799 5800 5786
f 5799 5786 5791
f 5798 5797 5800
f 5798 5800 5799
f 5782 5788 5791
f 5782 5791 5786
f 5800 5797 5782
f 5800 5782 5786
f 5798 5799 5791
f 5798 5791 5788
usemtl recess
f 5794 5793 5798
f 5794 5798 5797
v 6.906250 0.312500 0.687500
v 6.906250 0.312500 0.312500
v 6.906250 0.687500 0.312500
f 5801 5802 5803
v 6.906250 0.687500 0.687500
f 5801 5803 5804
f 5793 5794 5802
f 5793 5802 5801
f 5797 5798 5804
f 5797 5804 5803
f 5802 5794 5797
f 5802 5797 5803
f 5793 5801 5804
f 5793 5804 5798
usemtl armor
v 6.125000 0.000000 0.125000
v 6.125000 0.000000 0.875000
f 5805 5806 5750
f 5805 5750 5749
v 6.312500 0.000000 0.875000
v 6.312500 0.000000 0.125000
v 6.312500 0.125000 0.125000
f 5807 5808 5809
v 6.312500 0.125000 0.875000
f 5807 5809 5810
f 5806 5805 5808
f 5806 5808 5807
f 5749 5750 5810
f 5749 5810 5809
f 5808 5805 5749
f 5808 5749 5809
f 5806 5807 5810
f 5806 5810 5750
v 6.687500 0.000000 0.125000
v 6.687500 0.000000 0.875000
v 6.687500 0.125000 0.875000
f 5811 5812 5813
v 6.687500 0.125000 0.125000
f 5811 5813 5814
v 6.875000 0.000000 0.875000
v 6.875000 0.000000 0.125000
f 5815 5816 5754
f 5815 5754 5753
f 5812 5811 5816
f 5812 5816 5815
f 5814 5813 5753
f 5814 5753 5754
f 5816 5811 5814
f 5816 5814 5754
f 5812 5815 5753
f 5812 5753 5813
v 6.312500 0.000000 0.687500
f 5817 5807 5810
v 6.312500 0.125000 0.687500
f 5817 5810 5818
v 6.687500 0.000000 0.687500
v 6.687500 0.125000 0.687500
f 5812 5819 5820
f 5812 5820 5813
f 5807 5817 5819
f 5807 5819 5812
f 5818 5810 5813
f 5818 5813 5820
f 5819 5817 5818
f 5819 5818 5820
f 5807 5812 5813
f 5807 5813 5810
v 6.312500 0.000000 0.312500
v 6.312500 0.125000 0.312500
f 5808 5821 5822
f 5808 5822 5809
v 6.687500 0.000000 0.312500
f 5823 5811 5814
v 6.687500 0.125000 0.312500
f 5823 5814 5824
f 5821 5808 5811
f 5821 5811 5823
f 5809 5822 5824
f 5809 5824 5814
f 5811 5808 5809
f 5811 5809 5814
f 5821 5823 5824
f 5821 5824 5822
usemtl recess
v 6.312500 0.093750 0.312500
v 6.312500 0.093750 0.687500
f 5825 5826 5818
f 5825 5818 5822
v 6.687500 0.093750 0.687500
v 6.687500 0.093750 0.312500
f 5827 5828 5824
f 5827 5824 5820
f 5826 5825 5828
f 5826 5828 5827
f 5822 5818 5820
f 5822 5820 5824
f 5828 5825 5822
f 5828 5822 5824
f 5826 5827 5820
f 5826 5820 5818
usemtl armor
v 6.125000 1.000000 0.875000
f 5752 5751 5829
v 6.125000 1.000000 0.125000
f 5752 5829 5830
v 6.312500 0.875000 0.875000
v 6.312500 0.875000 0.125000
v 6.312500 1.000000 0.125000
f 5831 5832 5833
v 6.312500 1.000000 0.875000
f 5831 5833 5834
f 5751 5752 5832
f 5751 5832 5831
f 5830 5829 5834
f 5830 5834 5833
f 5832 5752 5830
f 5832 5830 5833
f 5751 5831 5834
f 5751 5834 5829
v 6.687500 0.875000 0.125000
v 6.687500 0.875000 0.875000
v 6.687500 1.000000 0.875000
f 5835 5836 5837
v 6.687500 1.000000 0.125000
f 5835 5837 5838
v 6.875000 1.000000 0.125000
f 5756 5755 5839
v 6.875000 1.000000 0.875000
f 5756 5839 5840
f 5836 5835 5755
f 5836 5755 5756
f 5838 5837 5840
f 5838 5840 5839
f 5755 5835 5838
f 5755 5838 5839
f 5836 5756 5840
f 5836 5840 5837
v 6.312500 0.875000 0.312500
v 6.312500 1.000000 0.312500
f 5832 5841 5842
f 5832 5842 5833
v 6.687500 0.875000 0.312500
f 5843 5835 5838
v 6.687500 1.000000 0.312500
f 5843 5838 5844
f 5841 5832 5835
f 5841 5835 5843
f 5833 5842 5844
f 5833 5844 5838
f 5835 5832 5833
f 5835 5833 5838
f 5841 5843 5844
f 5841 5844 5842
v 6.312500 0.875000 0.687500
f 5845 5831 5834
v 6.312500 1.000000 0.687500
f 5845 5834 5846
v 6.687500 0.875000 0.687500
v 6.687500 1.000000 0.687500
f 5836 5847 5848
f 5836 5848 5837
f 5831 5845 5847
f 5831 5847 5836
f 5846 5834 5837
f 5846 5837 5848
f 5847 5845 5846
f 5847 5846 5848
f 5831 5836 5837
f 5831 5837 5834
usemtl recess
v 6.312500 0.906250 0.687500
f 5841 5845 5849
v 6.312500 0.906250 0.312500
f 5841 5849 5850
v 6.687500 0.906250 0.312500
f 5847 5843 5851
v 6.687500 0.906250 0.687500
f 5847 5851 5852
f 5845 5841 5843
f 5845 5843 5847
f 5850 5849 5852
f 5850 5852 5851
f 5843 5841 5850
f 5843 5850 5851
f 5845 5847 5852
f 5845 5852 5849
usemtl armor
v 6.125000 0.125000 0.000000
f 5853 5749 5752
v 6.125000 0.875000 0.000000
f 5853 5752 5854
v 6.312500 0.125000 0.000000
v 6.312500 0.875000 0.000000
f 5809 5855 5856
f 5809 5856 5832
f 5749 5853 5855
f 5749 5855 5809
f 5854 5752 5832
f 5854 5832 5856
f 5855 5853 5854
f 5855 5854 5856
f 5749 5809 5832
f 5749 5832 5752
v 6.687500 0.125000 0.000000
f 5857 5814 5835
v 6.687500 0.875000 0.000000
f 5857 5835 5858
v 6.875000 0.125000 0.000000
v 6.875000 0.875000 0.000000
f 5754 5859 5860
f 5754 5860 5755
f 5814 5857 5859
f 5814 5859 5754
f 5858 5835 5755
f 5858 5755 5860
f 5859 5857 5858
f 5859 5858 5860
f 5814 5754 5755
f 5814 5755 5835
v 6.312500 0.312500 0.125000
f 5855 5809 5861
v 6.312500 0.312500 0.000000
f 5855 5861 5862
v 6.687500 0.312500 0.000000
f 5814 5857 5863
v 6.687500 0.312500 0.125000
f 5814 5863 5864
f 5809 5855 5857
f 5809 5857 5814
f 5862 5861 5864
f 5862 5864 5863
f 5857 5855 5862
f 5857 5862 5863
f 5809 5814 5864
f 5809 5864 5861
v 6.312500 0.687500 0.000000
v 6.312500 0.687500 0.125000
f 5865 5866 5832
f 5865 5832 5856
v 6.687500 0.687500 0.125000
v 6.687500 0.687500 0.000000
f 5867 5868 5858
f 5867 5858 5835
f 5866 5865 5868
f 5866 5868 5867
f 5856 5832 5835
f 5856 5835 5858
f 5868 5865 5856
f 5868 5856 5858
f 5866 5867 5835
f 5866 5835 5832
usemtl recess
v 6.312500 0.312500 0.093750
f 5869 5861 5866
v 6.312500 0.687500 0.093750
f 5869 5866 5870
v 6.687500 0.312500 0.093750
v 6.687500 0.687500 0.093750
f 5864 5871 5872
f 5864 5872 5867
f 5861 5869 5871
f 5861 5871 5864
f 5870 5866 5867
f 5870 5867 5872
f 5871 5869 5870
f 5871 5870 5872
f 5861 5864 5867
f 5861 5867 5866
usemtl armor
v 6.687500 0.125000 1.000000
v 6.687500 0.875000 1.000000
f 5813 5873 5874
f 5813 5874 5836
v 6.875000 0.125000 1.000000
f 5875 5753 5756
v 6.875000 0.875000 1.000000
f 5875 5756 5876
f 5873 5813 5753
f 5873 5753 5875
f 5836 5874 5876
f 5836 5876 5756
f 5753 5813 5836
f 5753 5836 5756
f 5873 5875 5876
f 5873 5876 5874
v 6.125000 0.125000 1.000000
v 6.125000 0.875000 1.000000
f 5750 5877 5878
f 5750 5878 5751
v 6.312500 0.125000 1.000000
f 5879 5810 5831
v 6.312500 0.875000 1.000000
f 5879 5831 5880
f 5877 5750 5810
f 5877 5810 5879
f 5751 5878 5880
f 5751 5880 5831
f 5810 5750 5751
f 5810 5751 5831
f 5877 5879 5880
f 5877 5880 5878
v 6.312500 0.312500 1.000000
f 5810 5879 5881
v 6.312500 0.312500 0.875000
f 5810 5881 5882
v 6.687500 0.312500 0.875000
f 5873 5813 5883
v 6.687500 0.312500 1.000000
f 5873 5883 5884
f 5879 5810 5813
f 5879 5813 5873
f 5882 5881 5884
f 5882 5884 5883
f 5813 5810 5882
f 5813 5882 5883
f 5879 5873 5884
f 5879 5884 5881
v 6.312500 0.687500 0.875000
v 6.312500 0.687500 1.000000
f 5885 5886 5880
f 5885 5880 5831
v 6.687500 0.687500 1.000000
v 6.687500 0.687500 0.875000
f 5887 5888 5836
f 5887 5836 5874
f 5886 5885 5888
f 5886 5888 5887
f 5831 5880 5874
f 5831 5874 5836
f 5888 5885 5831
f 5888 5831 5836
f 5886 5887 5874
f 5886 5874 5880
usemtl recess
v 6.312500 0.312500 0.906250
v 6.312500 0.687500 0.906250
f 5882 5889 5890
f 5882 5890 5885
v 6.687500 0.312500 0.906250
f 5891 5883 5888
v 6.687500 0.687500 0.906250
f 5891 5888 5892
f 5889 5882 5883
f 5889 5883 5891
f 5885 5890 5892
f 5885 5892 5888
f 5883 5882 5885
f 5883 5885 5888
f 5889 5891 5892
f 5889 5892 5890
o frame_6_0_1
usemtl armor
v 6.187500 0.187500 1.000000
v 6.187500 0.187500 2.000000
v 6.187500 0.812500 2.000000
f 5893 5894 5895
v 6.187500 0.812500 1.000000
f 5893 5895 5896
v 6.812500 0.187500 2.000000
v 6.812500 0.187500 1.000000
v 6.812500 0.812500 1.000000
f 5897 5898 5899
v 6.812500 0.812500 2.000000
f 5897 5899 5900
f 5894 5893 5898
f 5894 5898 5897
f 5896 5895 5900
f 5896 5900 5899
f 5898 5893 5896
f 5898 5896 5899
f 5894 5897 5900
f 5894 5900 5895
usemtl steel
v 6.000000 0.812500 1.000000
v 6.000000 0.812500 2.000000
v 6.000000 1.000000 2.000000
f 5901 5902 5903
v 6.000000 1.000000 1.000000
f 5901 5903 5904
v 6.187500 1.000000 1.000000
f 5895 5896 5905
v 6.187500 1.000000 2.000000
f 5895 5905 5906
f 5902 5901 5896
f 5902 5896 5895
f 5904 5903 5906
f 5904 5906 5905
f 5896 5901 5904
f 5896 5904 5905
f 5902 5895 5906
f 5902 5906 5903
v 6.000000 0.000000 1.000000
v 6.000000 0.000000 2.000000
v 6.000000 0.187500 2.000000
f 5907 5908 5909
v 6.000000 0.187500 1.000000
f 5907 5909 5910
v 6.187500 0.000000 2.000000
v 6.187500 0.000000 1.000000
f 5911 5912 5893
f 5911 5893 5894
f 5908 5907 5912
f 5908 5912 5911
f 5910 5909 5894
f 5910 5894 5893
f 5912 5907 5910
f 5912 5910 5893
f 5908 5911 5894
f 5908 5894 5909
v 6.812500 1.000000 2.000000
f 5899 5900 5913
v 6.812500 1.000000 1.000000
f 5899 5913 5914
v 7.000000 0.812500 2.000000
v 7.000000 0.812500 1.000000
v 7.000000 1.000000 1.000000
f 5915 5916 5917
v 7.000000 1.000000 2.000000
f 5915 5917 5918
f 5900 5899 5916
f 5900 5916 5915
f 5914 5913 5918
f 5914 5918 5917
f 5916 5899 5914
f 5916 5914 5917
f 5900 5915 5918
f 5900 5918 5913
v 6.812500 0.000000 1.000000
v 6.812500 0.000000 2.000000
f 5919 5920 5897
f 5919 5897 5898
v 7.000000 0.000000 2.000000
v 7.000000 0.000000 1.000000
v 7.000000 0.187500 1.000000
f 5921 5922 5923
v 7.000000 0.187500 2.000000
f 5921 5923 5924
f 5920 5919 5922
f 5920 5922 5921
f 5898 5897 5924
f 5898 5924 5923
f 5922 5919 5898
f 5922 5898 5923
f 5920 5921 5924
f 5920 5924 5897
usemtl edge
v 6.250000 0.812500 1.000000
v 6.250000 0.812500 2.000000
v 6.250000 0.937500 2.000000
f 5925 5926 5927
v 6.250000 0.937500 1.000000
f 5925 5927 5928
v 6.750000 0.812500 2.000000
v 6.750000 0.812500 1.000000
v 6.750000 0.937500 1.000000
f 5929 5930 5931
v 6.750000 0.937500 2.000000
f 5929 5931 5932
f 5926 5925 5930
f 5926 5930 5929
f 5928 5927 5932
f 5928 5932 5931
f 5930 5925 5928
f 5930 5928 5931
f 5926 5929 5932
f 5926 5932 5927
v 6.250000 0.062500 1.000000
v 6.250000 0.062500 2.000000
v 6.250000 0.187500 2.000000
f 5933 5934 5935
v 6.250000 0.187500 1.000000
f 5933 5935 5936
v 6.750000 0.062500 2.000000
v 6.750000 0.062500 1.000000
v 6.750000 0.187500 1.000000
f 5937 5938 5939
v 6.750000 0.187500 2.000000
f 5937 5939 5940
f 5934 5933 5938
f 5934 5938 5937
f 5936 5935 5940
f 5936 5940 5939
f 5938 5933 5936
f 5938 5936 5939
f 5934 5937 5940
f 5934 5940 5935
v 6.062500 0.250000 1.000000
v 6.062500 0.250000 2.000000
v 6.062500 0.750000 2.000000
f 5941 5942 5943
v 6.062500 0.750000 1.000000
f 5941 5943 5944
v 6.187500 0.250000 2.000000
v 6.187500 0.250000 1.000000
v 6.187500 0.750000 1.000000
f 5945 5946 5947
v 6.187500 0.750000 2.000000
f 5945 5947 5948
f 5942 5941 5946
f 5942 5946 5945
f 5944 5943 5948
f 5944 5948 5947
f 5946 5941 5944
f 5946 5944 5947
f 5942 5945 5948
f 5942 5948 5943
v 6.812500 0.250000 1.000000
v 6.812500 0.250000 2.000000
v 6.812500 0.750000 2.000000
f 5949 5950 5951
v 6.812500 0.750000 1.000000
f 5949 5951 5952
v 6.937500 0.250000 2.000000
v 6.937500 0.250000 1.000000
v 6.937500 0.750000 1.000000
f 5953 5954 5955
v 6.937500 0.750000 2.000000
f 5953 5955 5956
f 5950 5949 5954
f 5950 5954 5953
f 5952 5951 5956
f 5952 5956 5955
f 5954 5949 5952
f 5954 5952 5955
f 5950 5953 5956
f 5950 5956 5951
o frame_6_0_2
usemtl armor
v 6.187500 0.187500 2.000000
v 6.187500 0.187500 3.000000
v 6.187500 0.812500 3.000000
f 5957 5958 5959
v 6.187500 0.812500 2.000000
f 5957 5959 5960
v 6.812500 0.187500 3.000000
v 6.812500 0.187500 2.000000
v 6.812500 0.812500 2.000000
f 5961 5962 5963
v 6.812500 0.812500 3.000000
f 5961 5963 5964
f 5958 5957 5962
f 5958 5962 5961
f 5960 5959 5964
f 5960 5964 5963
f 5962 5957 5960
f 5962 5960 5963
f 5958 5961 5964
f 5958 5964 5959
usemtl steel
v 6.000000 0.812500 2.000000
v 6.000000 0.812500 3.000000
v 6.000000 1.000000 3.000000
f 5965 5966 5967
v 6.000000 1.000000 2.000000
f 5965 5967 5968
v 6.187500 1.000000 2.000000
f 5959 5960 5969
v 6.187500 1.000000 3.000000
f 5959 5969 5970
f 5966 5965 5960
f 5966 5960 5959
f 5968 5967 5970
f 5968 5970 5969
f 5960 5965 5968
f 5960 5968 5969
f 5966 5959 5970
f 5966 5970 5967
v 6.000000 0.000000 2.000000
v 6.000000 0.000000 3.000000
v 6.000000 0.187500 3.000000
f 5971 5972 5973
v 6.000000 0.187500 2.000000
f 5971 5973 5974
v 6.187500 0.000000 3.000000
v 6.187500 0.000000 2.000000
f 5975 5976 5957
f 5975 5957 5958
f 5972 5971 5976
f 5972 5976 5975
f 5974 5973 5958
f 5974 5958 5957
f 5976 5971 5974
f 5976 5974 5957
f 5972 5975 5958
f 5972 5958 5973
v 6.812500 1.000000 3.000000
f 5963 5964 5977
v 6.812500 1.000000 2.000000
f 5963 5977 5978
v 7.000000 0.812500 3.000000
v 7.000000 0.812500 2.000000
v 7.000000 1.000000 2.000000
f 5979 5980 5981
v 7.000000 1.000000 3.000000
f 5979 5981 5982
f 5964 5963 5980
f 5964 5980 5979
f 5978 5977 5982
f 5978 5982 5981
f 5980 5963 5978
f 5980 5978 5981
f 5964 5979 5982
f 5964 5982 5977
v 6.812500 0.000000 2.000000
v 6.812500 0.000000 3.000000
f 5983 5984 5961
f 5983 5961 5962
v 7.000000 0.000000 3.000000
v 7.000000 0.000000 2.000000
v 7.000000 0.187500 2.000000
f 5985 5986 5987
v 7.000000 0.187500 3.000000
f 5985 5987 5988
f 5984 5983 5986
f 5984 5986 5985
f 5962 5961 5988
f 5962 5988 5987
f 5986 5983 5962
f 5986 5962 5987
f 5984 5985 5988
f 5984 5988 5961
usemtl edge
v 6.250000 0.812500 2.000000
v 6.250000 0.812500 3.000000
v 6.250000 0.937500 3.000000
f 5989 5990 5991
v 6.250000 0.937500 2.000000
f 5989 5991 5992
v 6.750000 0.812500 3.000000
v 6.750000 0.812500 2.000000
v 6.750000 0.937500 2.000000
f 5993 5994 5995
v 6.750000 0.937500 3.000000
f 5993 5995 5996
f 5990 5989 5994
f 5990 5994 5993
f 5992 5991 5996
f 5992 5996 5995
f 5994 5989 5992
f 5994 5992 5995
f 5990 5993 5996
f 5990 5996 5991
v 6.250000 0.062500 2.000000
v 6.250000 0.062500 3.000000
v 6.250000 0.187500 3.000000
f 5997 5998 5999
v 6.250000 0.187500 2.000000
f 5997 5999 6000
v 6.750000 0.062500 3.000000
v 6.750000 0.062500 2.000000
v 6.750000 0.187500 2.000000
f 6001 6002 6003
v 6.750000 0.187500 3.000000
f 6001 6003 6004
f 5998 5997 6002
f 5998 6002 6001
f 6000 5999 6004
f 6000 6004 6003
f 6002 5997 6000
f 6002 6000 6003
f 5998 6001 6004
f 5998 6004 5999
v 6.062500 0.250000 2.000000
v 6.062500 0.250000 3.000000
v 6.062500 0.750000 3.000000
f 6005 6006 6007
v 6.062500 0.750000 2.000000
f 6005 6007 6008
v 6.187500 0.250000 3.000000
v 6.187500 0.250000 2.000000
v 6.187500 0.750000 2.000000
f 6009 6010 6011
v 6.187500 0.750000 3.000000
f 6009 6011 6012
f 6006 6005 6010
f 6006 6010 6009
f 6008 6007 6012
f 6008 6012 6011
f 6010 6005 6008
f 6010 6008 6011
f 6006 6009 6012
f 6006 6012 6007
v 6.812500 0.250000 2.000000
v 6.812500 0.250000 3.000000
v 6.812500 0.750000 3.000000
f 6013 6014 6015
v 6.812500 0.750000 2.000000
f 6013 6015 6016
v 6.937500 0.250000 3.000000
v 6.937500 0.250000 2.000000
v 6.937500 0.750000 2.000000
f 6017 6018 6019
v 6.937500 0.750000 3.000000
f 6017 6019 6020
f 6014 6013 6018
f 6014 6018 6017
f 6016 6015 6020
f 6016 6020 6019
f 6018 6013 6016
f 6018 6016 6019
f 6014 6017 6020
f 6014 6020 6015
o frame_6_0_3
usemtl armor
v 6.187500 0.187500 3.000000
v 6.187500 0.187500 4.000000
v 6.187500 0.812500 4.000000
f 6021 6022 6023
v 6.187500 0.812500 3.000000
f 6021 6023 6024
v 6.812500 0.187500 4.000000
v 6.812500 0.187500 3.000000
v 6.812500 0.812500 3.000000
f 6025 6026 6027
v 6.812500 0.812500 4.000000
f 6025 6027 6028
f 6022 6021 6026
f 6022 6026 6025
f 6024 6023 6028
f 6024 6028 6027
f 6026 6021 6024
f 6026 6024 6027
f 6022 6025 6028
f 6022 6028 6023
usemtl steel
v 6.000000 0.812500 3.000000
v 6.000000 0.812500 4.000000
v 6.000000 1.000000 4.000000
f 6029 6030 6031
v 6.000000 1.000000 3.000000
f 6029 6031 6032
v 6.187500 1.000000 3.000000
f 6023 6024 6033
v 6.187500 1.000000 4.000000
f 6023 6033 6034
f 6030 6029 6024
f 6030 6024 6023
f 6032 6031 6034
f 6032 6034 6033
f 6024 6029 6032
f 6024 6032 6033
f 6030 6023 6034
f 6030 6034 6031
v 6.000000 0.000000 3.000000
v 6.000000 0.000000 4.000000
v 6.000000 0.187500 4.000000
f 6035 6036 6037
v 6.000000 0.187500 3.000000
f 6035 6037 6038
v 6.187500 0.000000 4.000000
v 6.187500 0.000000 3.000000
f 6039 6040 6021
f 6039 6021 6022
f 6036 6035 6040
f 6036 6040 6039
f 6038 6037 6022
f 6038 6022 6021
f 6040 6035 6038
f 6040 6038 6021
f 6036 6039 6022
f 6036 6022 6037
v 6.812500 1.000000 4.000000
f 6027 6028 6041
v 6.812500 1.000000 3.000000
f 6027 6041 6042
v 7.000000 0.812500 4.000000
v 7.000000 0.812500 3.000000
v 7.000000 1.000000 3.000000
f 6043 6044 6045
v 7.000000 1.000000 4.000000
f 6043 6045 6046
f 6028 6027 6044
f 6028 6044 6043
f 6042 6041 6046
f 6042 6046 6045
f 6044 6027 6042
f 6044 6042 6045
f 6028 6043 6046
f 6028 6046 6041
v 6.812500 0.000000 3.000000
v 6.812500 0.000000 4.000000
f 6047 6048 6025
f 6047 6025 6026
v 7.000000 0.000000 4.000000
v 7.000000 0.000000 3.000000
v 7.000000 0.187500 3.000000
f 6049 6050 6051
v 7.000000 0.187500 4.000000
f 6049 6051 6052
f 6048 6047 6050
f 6048 6050 6049
f 6026 6025 6052
f 6026 6052 6051
f 6050 6047 6026
f 6050 6026 6051
f 6048 6049 6052
f 6048 6052 6025
usemtl edge
v 6.250000 0.812500 3.000000
v 6.250000 0.812500 4.000000
v 6.250000 0.937500 4.000000
f 6053 6054 6055
v 6.250000 0.937500 3.000000
f 6053 6055 6056
v 6.750000 0.812500 4.000000
v 6.750000 0.812500 3.000000
v 6.750000 0.937500 3.000000
f 6057 6058 6059
v 6.750000 0.937500 4.000000
f 6057 6059 6060
f 6054 6053 6058
f 6054 6058 6057
f 6056 6055 6060
f 6056 6060 6059
f 6058 6053 6056
f 6058 6056 6059
f 6054 6057 6060
f 6054 6060 6055
v 6.250000 0.062500 3.000000
v 6.250000 0.062500 4.000000
v 6.250000 0.187500 4.000000
f 6061 6062 6063
v 6.250000 0.187500 3.000000
f 6061 6063 6064
v 6.750000 0.062500 4.000000
v 6.750000 0.062500 3.000000
v 6.750000 0.187500 3.000000
f 6065 6066 6067
v 6.750000 0.187500 4.000000
f 6065 6067 6068
f 6062 6061 6066
f 6062 6066 6065
f 6064 6063 6068
f 6064 6068 6067
f 6066 6061 6064
f 6066 6064 6067
f 6062 6065 6068
f 6062 6068 6063
v 6.062500 0.250000 3.000000
v 6.062500 0.250000 4.000000
v 6.062500 0.750000 4.000000
f 6069 6070 6071
v 6.062500 0.750000 3.000000
f 6069 6071 6072
v 6.187500 0.250000 4.000000
v 6.187500 0.250000 3.000000
v 6.187500 0.750000 3.000000
f 6073 6074 6075
v 6.187500 0.750000 4.000000
f 6073 6075 6076
f 6070 6069 6074
f 6070 6074 6073
f 6072 6071 6076
f 6072 6076 6075
f 6074 6069 6072
f 6074 6072 6075
f 6070 6073 6076
f 6070 6076 6071
v 6.812500 0.250000 3.000000
v 6.812500 0.250000 4.000000
v 6.812500 0.750000 4.000000
f 6077 6078 6079
v 6.812500 0.750000 3.000000
f 6077 6079 6080
v 6.937500 0.250000 4.000000
v 6.937500 0.250000 3.000000
v 6.937500 0.750000 3.000000
f 6081 6082 6083
v 6.937500 0.750000 4.000000
f 6081 6083 6084
f 6078 6077 6082
f 6078 6082 6081
f 6080 6079 6084
f 6080 6084 6083
f 6082 6077 6080
f 6082 6080 6083
f 6078 6081 6084
f 6078 6084 6079
o frame_6_0_4
usemtl armor
v 6.187500 0.187500 4.000000
v 6.187500 0.187500 5.000000
v 6.187500 0.812500 5.000000
f 6085 6086 6087
v 6.187500 0.812500 4.000000
f 6085 6087 6088
v 6.812500 0.187500 5.000000
v 6.812500 0.187500 4.000000
v 6.812500 0.812500 4.000000
f 6089 6090 6091
v 6.812500 0.812500 5.000000
f 6089 6091 6092
f 6086 6085 6090
f 6086 6090 6089
f 6088 6087 6092
f 6088 6092 6091
f 6090 6085 6088
f 6090 6088 6091
f 6086 6089 6092
f 6086 6092 6087
usemtl steel
v 6.000000 0.812500 4.000000
v 6.000000 0.812500 5.000000
v 6.000000 1.000000 5.000000
f 6093 6094 6095
v 6.000000 1.000000 4.000000
f 6093 6095 6096
v 6.187500 1.000000 4.000000
f 6087 6088 6097
v 6.187500 1.000000 5.000000
f 6087 6097 6098
f 6094 6093 6088
f 6094 6088 6087
f 6096 6095 6098
f 6096 6098 6097
f 6088 6093 6096
f 6088 6096 6097
f 6094 6087 6098
f 6094 6098 6095
v 6.000000 0.000000 4.000000
v 6.000000 0.000000 5.000000
v 6.000000 0.187500 5.000000
f 6099 6100 6101
v 6.000000 0.187500 4.000000
f 6099 6101 6102
v 6.187500 0.000000 5.000000
v 6.187500 0.000000 4.000000
f 6103 6104 6085
f 6103 6085 6086
f 6100 6099 6104
f 6100 6104 6103
f 6102 6101 6086
f 6102 6086 6085
f 6104 6099 6102
f 6104 6102 6085
f 6100 6103 6086
f 6100 6086 6101
v 6.812500 1.000000 5.000000
f 6091 6092 6105
v 6.812500 1.000000 4.000000
f 6091 6105 6106
v 7.000000 0.812500 5.000000
v 7.000000 0.812500 4.000000
v 7.000000 1.000000 4.000000
f 6107 6108 6109
v 7.000000 1.000000 5.000000
f 6107 6109 6110
f 6092 6091 6108
f 6092 6108 6107
f 6106 6105 6110
f 6106 6110 6109
f 6108 6091 6106
f 6108 6106 6109
f 6092 6107 6110
f 6092 6110 6105
v 6.812500 0.000000 4.000000
v 6.812500 0.000000 5.000000
f 6111 6112 6089
f 6111 6089 6090
v 7.000000 0.000000 5.000000
v 7.000000 0.000000 4.000000
v 7.000000 0.187500 4.000000
f 6113 6114 6115
v 7.000000 0.187500 5.000000
f 6113 6115 6116
f 6112 6111 6114
f 6112 6114 6113
f 6090 6089 6116
f 6090 6116 6115
f 6114 6111 6090
f 6114 6090 6115
f 6112 6113 6116
f 6112 6116 6089
usemtl edge
v 6.250000 0.812500 4.000000
v 6.250000 0.812500 5.000000
v 6.250000 0.937500 5.000000
f 6117 6118 6119
v 6.250000 0.937500 4.000000
f 6117 6119 6120
v 6.750000 0.812500 5.000000
v 6.750000 0.812500 4.000000
v 6.750000 0.937500 4.000000
f 6121 6122 6123
v 6.750000 0.937500 5.000000
f 6121 6123 6124
f 6118 6117 6122
f 6118 6122 6121
f 6120 6119 6124
f 6120 6124 6123
f 6122 6117 6120
f 6122 6120 6123
f 6118 6121 6124
f 6118 6124 6119
v 6.250000 0.062500 4.000000
v 6.250000 0.062500 5.000000
v 6.250000 0.187500 5.000000
f 6125 6126 6127
v 6.250000 0.187500 4.000000
f 6125 6127 6128
v 6.750000 0.062500 5.000000
v 6.750000 0.062500 4.000000
v 6.750000 0.187500 4.000000
f 6129 6130 6131
v 6.750000 0.187500 5.000000
f 6129 6131 6132
f 6126 6125 6130
f 6126 6130 6129
f 6128 6127 6132
f 6128 6132 6131
f 6130 6125 6128
f 6130 6128 6131
f 6126 6129 6132
f 6126 6132 6127
v 6.062500 0.250000 4.000000
v 6.062500 0.250000 5.000000
v 6.062500 0.750000 5.000000
f 6133 6134 6135
v 6.062500 0.750000 4.000000
f 6133 6135 6136
v 6.187500 0.250000 5.000000
v 6.187500 0.250000 4.000000
v 6.187500 0.750000 4.000000
f 6137 6138 6139
v 6.187500 0.750000 5.000000
f 6137 6139 6140
f 6134 6133 6138
f 6134 6138 6137
f 6136 6135 6140
f 6136 6140 6139
f 6138 6133 6136
f 6138 6136 6139
f 6134 6137 6140
f 6134 6140 6135
v 6.812500 0.250000 4.000000
v 6.812500 0.250000 5.000000
v 6.812500 0.750000 5.000000
f 6141 6142 6143
v 6.812500 0.750000 4.000000
f 6141 6143 6144
v 6.937500 0.250000 5.000000
v 6.937500 0.250000 4.000000
v 6.937500 0.750000 4.000000
f 6145 6146 6147
v 6.937500 0.750000 5.000000
f 6145 6147 6148
f 6142 6141 6146
f 6142 6146 6145
f 6144 6143 6148
f 6144 6148 6147
f 6146 6141 6144
f 6146 6144 6147
f 6142 6145 6148
f 6142 6148 6143
o frame_6_0_5
usemtl armor
v 6.187500 0.187500 5.000000
v 6.187500 0.187500 6.000000
v 6.187500 0.812500 6.000000
f 6149 6150 6151
v 6.187500 0.812500 5.000000
f 6149 6151 6152
v 6.812500 0.187500 6.000000
v 6.812500 0.187500 5.000000
v 6.812500 0.812500 5.000000
f 6153 6154 6155
v 6.812500 0.812500 6.000000
f 6153 6155 6156
f 6150 6149 6154
f 6150 6154 6153
f 6152 6151 6156
f 6152 6156 6155
f 6154 6149 6152
f 6154 6152 6155
f 6150 6153 6156
f 6150 6156 6151
usemtl steel
v 6.000000 0.812500 5.000000
v 6.000000 0.812500 6.000000
v 6.000000 1.000000 6.000000
f 6157 6158 6159
v 6.000000 1.000000 5.000000
f 6157 6159 6160
v 6.187500 1.000000 5.000000
f 6151 6152 6161
v 6.187500 1.000000 6.000000
f 6151 6161 6162
f 6158 6157 6152
f 6158 6152 6151
f 6160 6159 6162
f 6160 6162 6161
f 6152 6157 6160
f 6152 6160 6161
f 6158 6151 6162
f 6158 6162 6159
v 6.000000 0.000000 5.000000
v 6.000000 0.000000 6.000000
v 6.000000 0.187500 6.000000
f 6163 6164 6165
v 6.000000 0.187500 5.000000
f 6163 6165 6166
v 6.187500 0.000000 6.000000
v 6.187500 0.000000 5.000000
f 6167 6168 6149
f 6167 6149 6150
f 6164 6163 6168
f 6164 6168 6167
f 6166 6165 6150
f 6166 6150 6149
f 6168 6163 6166
f 6168 6166 6149
f 6164 6167 6150
f 6164 6150 6165
v 6.812500 1.000000 6.000000
f 6155 6156 6169
v 6.812500 1.000000 5.000000
f 6155 6169 6170
v 7.000000 0.812500 6.000000
v 7.000000 0.812500 5.000000
v 7.000000 1.000000 5.000000
f 6171 6172 6173
v 7.000000 1.000000 6.000000
f 6171 6173 6174
f 6156 6155 6172
f 6156 6172 6171
f 6170 6169 6174
f 6170 6174 6173
f 6172 6155 6170
f 6172 6170 6173
f 6156 6171 6174
f 6156 6174 6169
v 6.812500 0.000000 5.000000
v 6.812500 0.000000 6.000000
f 6175 6176 6153
f 6175 6153 6154
v 7.000000 0.000000 6.000000
v 7.000000 0.000000 5.000000
v 7.000000 0.187500 5.000000
f 6177 6178 6179
v 7.000000 0.187500 6.000000
f 6177 6179 6180
f 6176 6175 6178
f 6176 6178 6177
f 6154 6153 6180
f 6154 6180 6179
f 6178 6175 6154
f 6178 6154 6179
f 6176 6177 6180
f 6176 6180 6153
usemtl edge
v 6.250000 0.812500 5.000000
v 6.250000 0.812500 6.000000
v 6.250000 0.937500 6.000000
f 6181 6182 6183
v 6.250000 0.937500 5.000000
f 6181 6183 6184
v 6.750000 0.812500 6.000000
v 6.750000 0.812500 5.000000
v 6.750000 0.937500 5.000000
f 6185 6186 6187
v 6.750000 0.937500 6.000000
f 6185 6187 6188
f 6182 6181 6186
f 6182 6186 6185
f 6184 6183 6188
f 6184 6188 6187
f 6186 6181 6184
f 6186 6184 6187
f 6182 6185 6188
f 6182 6188 6183
v 6.250000 0.062500 5.000000
v 6.250000 0.062500 6.000000
v 6.250000 0.187500 6.000000
f 6189 6190 6191
v 6.250000 0.187500 5.000000
f 6189 6191 6192
v 6.750000 0.062500 6.000000
v 6.750000 0.062500 5.000000
v 6.750000 0.187500 5.000000
f 6193 6194 6195
v 6.750000 0.187500 6.000000
f 6193 6195 6196
f 6190 6189 6194
f 6190 6194 6193
f 6192 6191 6196
f 6192 6196 6195
f 6194 6189 6192
f 6194 6192 6195
f 6190 6193 6196
f 6190 6196 6191
v 6.062500 0.250000 5.000000
v 6.062500 0.250000 6.000000
v 6.062500 0.750000 6.000000
f 6197 6198 6199
v 6.062500 0.750000 5.000000
f 6197 6199 6200
v 6.187500 0.250000 6.000000
v 6.187500 0.250000 5.000000
v 6.187500 0.750000 5.000000
f 6201 6202 6203
v 6.187500 0.750000 6.000000
f 6201 6203 6204
f 6198 6197 6202
f 6198 6202 6201
f 6200 6199 6204
f 6200 6204 6203
f 6202 6197 6200
f 6202 6200 6203
f 6198 6201 6204
f 6198 6204 6199
v 6.812500 0.250000 5.000000
v 6.812500 0.250000 6.000000
v 6.812500 0.750000 6.000000
f 6205 6206 6207
v 6.812500 0.750000 5.000000
f 6205 6207 6208
v 6.937500 0.250000 6.000000
v 6.937500 0.250000 5.000000
v 6.937500 0.750000 5.000000
f 6209 6210 6211
v 6.937500 0.750000 6.000000
f 6209 6211 6212
f 6206 6205 6210
f 6206 6210 6209
f 6208 6207 6212
f 6208 6212 6211
f 6210 6205 6208
f 6210 6208 6211
f 6206 6209 6212
f 6206 6212 6207
o joint_6_0_6
usemtl graphite
v 6.125000 0.125000 6.125000
v 6.125000 0.125000 6.875000
v 6.125000 0.875000 6.875000
f 6213 6214 6215
v 6.125000 0.875000 6.125000
f 6213 6215 6216
v 6.875000 0.125000 6.875000
v 6.875000 0.125000 6.125000
v 6.875000 0.875000 6.125000
f 6217 6218 6219
v 6.875000 0.875000 6.875000
f 6217 6219 6220
f 6214 6213 6218
f 6214 6218 6217
f 6216 6215 6220
f 6216 6220 6219
f 6218 6213 6216
f 6218 6216 6219
f 6214 6217 6220
f 6214 6220 6215
usemtl armor
v 6.000000 0.125000 6.687500
v 6.000000 0.125000 6.875000
v 6.000000 0.875000 6.875000
f 6221 6222 6223
v 6.000000 0.875000 6.687500
f 6221 6223 6224
v 6.125000 0.125000 6.687500
v 6.125000 0.875000 6.687500
f 6214 6225 6226
f 6214 6226 6215
f 6222 6221 6225
f 6222 6225 6214
f 6224 6223 6215
f 6224 6215 6226
f 6225 6221 6224
f 6225 6224 6226
f 6222 6214 6215
f 6222 6215 6223
v 6.000000 0.125000 6.125000
v 6.000000 0.125000 6.312500
v 6.000000 0.875000 6.312500
f 6227 6228 6229
v 6.000000 0.875000 6.125000
f 6227 6229 6230
v 6.125000 0.125000 6.312500
f 6231 6213 6216
v 6.125000 0.875000 6.312500
f 6231 6216 6232
f 6228 6227 6213
f 6228 6213 6231
f 6230 6229 6232
f 6230 6232 6216
f 6213 6227 6230
f 6213 6230 6216
f 6228 6231 6232
f 6228 6232 6229
v 6.000000 0.312500 6.687500
f 6228 6221 6233
v 6.000000 0.312500 6.312500
f 6228 6233 6234
v 6.125000 0.312500 6.312500
f 6225 6231 6235
v 6.125000 0.312500 6.687500
f 6225 6235 6236
f 6221 6228 6231
f 6221 6231 6225
f 6234 6233 6236
f 6234 6236 6235
f 6231 6228 6234
f 6231 6234 6235
f 6221 6225 6236
f 6221 6236 6233
v 6.000000 0.687500 6.312500
v 6.000000 0.687500 6.687500
f 6237 6238 6224
f 6237 6224 6229
v 6.125000 0.687500 6.687500
v 6.125000 0.687500 6.312500
f 6239 6240 6232
f 6239 6232 6226
f 6238 6237 6240
f 6238 6240 6239
f 6229 6224 6226
f 6229 6226 6232
f 6240 6237 6229
f 6240 6229 6232
f 6238 6239 6226
f 6238 6226 6224
usemtl recess
v 6.093750 0.312500 6.312500
v 6.093750 0.312500 6.687500
v 6.093750 0.687500 6.687500
f 6241 6242 6243
v 6.093750 0.687500 6.312500
f 6241 6243 6244
f 6236 6235 6240
f 6236 6240 6239
f 6242 6241 6235
f 6242 6235 6236
f 6244 6243 6239
f 6244 6239 6240
f 6235 6241 6244
f 6235 6244 6240
f 6242 6236 6239
f 6242 6239 6243
usemtl armor
v 6.875000 0.125000 6.312500
v 6.875000 0.875000 6.312500
f 6218 6245 6246
f 6218 6246 6219
v 7.000000 0.125000 6.312500
v 7.000000 0.125000 6.125000
v 7.000000 0.875000 6.125000
f 6247 6248 6249
v 7.000000 0.875000 6.312500
f 6247 6249 6250
f 6245 6218 6248
f 6245 6248 6247
f 6219 6246 6250
f 6219 6250 6249
f 6248 6218 6219
f 6248 6219 6249
f 6245 6247 6250
f 6245 6250 6246
v 6.875000 0.125000 6.687500
f 6251 6217 6220
v 6.875000 0.875000 6.687500
f 6251 6220 6252
v 7.000000 0.125000 6.875000
v 7.000000 0.125000 6.687500
v 7.000000 0.875000 6.687500
f 6253 6254 6255
v 7.000000 0.875000 6.875000
f 6253 6255 6256
f 6217 6251 6254
f 6217 6254 6253
f 6252 6220 6256
f 6252 6256 6255
f 6254 6251 6252
f 6254 6252 6255
f 6217 6253 6256
f 6217 6256 6220
v 6.875000 0.312500 6.687500
f 6245 6251 6257
v 6.875000 0.312500 6.312500
f 6245 6257 6258
v 7.000000 0.312500 6.312500
f 6254 6247 6259
v 7.000000 0.312500 6.687500
f 6254 6259 6260
f 6251 6245 6247
f 6251 6247 6254
f 6258 6257 6260
f 6258 6260 6259
f 6247 6245 6258
f 6247 6258 6259
f 6251 6254 6260
f 6251 6260 6257
v 6.875000 0.687500 6.312500
v 6.875000 0.687500 6.687500
f 6261 6262 6252
f 6261 6252 6246
v 7.000000 0.687500 6.687500
v 7.000000 0.687500 6.312500
f 6263 6264 6250
f 6263 6250 6255
f 6262 6261 6264
f 6262 6264 6263
f 6246 6252 6255
f 6246 6255 6250
f 6264 6261 6246
f 6264 6246 6250
f 6262 6263 6255
f 6262 6255 6252
usemtl recess
f 6258 6257 6262
f 6258 6262 6261
v 6.906250 0.312500 6.687500
v 6.906250 0.312500 6.312500
v 6.906250 0.687500 6.312500
f 6265 6266 6267
v 6.906250 0.687500 6.687500
f 6265 6267 6268
f 6257 6258 6266
f 6257 6266 6265
f 6261 6262 6268
f 6261 6268 6267
f 6266 6258 6261
f 6266 6261 6267
f 6257 6265 6268
f 6257 6268 6262
usemtl armor
v 6.125000 0.000000 6.125000
v 6.125000 0.000000 6.875000
f 6269 6270 6214
f 6269 6214 6213
v 6.312500 0.000000 6.875000
v 6.312500 0.000000 6.125000
v 6.312500 0.125000 6.125000
f 6271 6272 6273
v 6.312500 0.125000 6.875000
f 6271 6273 6274
f 6270 6269 6272
f 6270 6272 6271
f 6213 6214 6274
f 6213 6274 6273
f 6272 6269 6213
f 6272 6213 6273
f 6270 6271 6274
f 6270 6274 6214
v 6.687500 0.000000 6.125000
v 6.687500 0.000000 6.875000
v 6.687500 0.125000 6.875000
f 6275 6276 6277
v 6.687500 0.125000 6.125000
f 6275 6277 6278
v 6.875000 0.000000 6.875000
v 6.875000 0.000000 6.125000
f 6279 6280 6218
f 6279 6218 6217
f 6276 6275 6280
f 6276 6280 6279
f 6278 6277 6217
f 6278 6217 6218
f 6280 6275 6278
f 6280 6278 6218
f 6276 6279 6217
f 6276 6217 6277
v 6.312500 0.000000 6.687500
f 6281 6271 6274
v 6.312500 0.125000 6.687500
f 6281 6274 6282
v 6.687500 0.000000 6.687500
v 6.687500 0.125000 6.687500
f 6276 6283 6284
f 6276 6284 6277
f 6271 6281 6283
f 6271 6283 6276
f 6282 6274 6277
f 6282 6277 6284
f 6283 6281 6282
f 6283 6282 6284
f 6271 6276 6277
f 6271 6277 6274
v 6.312500 0.000000 6.312500
v 6.312500 0.125000 6.312500
f 6272 6285 6286
f 6272 6286 6273
v 6.687500 0.000000 6.312500
f 6287 6275 6278
v 6.687500 0.125000 6.312500
f 6287 6278 6288
f 6285 6272 6275
f 6285 6275 6287
f 6273 6286 6288
f 6273 6288 6278
f 6275 6272 6273
f 6275 6273 6278
f 6285 6287 6288
f 6285 6288 6286
usemtl recess
v 6.312500 0.093750 6.312500
v 6.312500 0.093750 6.687500
f 6289 6290 6282
f 6289 6282 6286
v 6.687500 0.093750 6.687500
v 6.687500 0.093750 6.312500
f 6291 6292 6288
f 6291 6288 6284
f 6290 6289 6292
f 6290 6292 6291
f 6286 6282 6284
f 6286 6284 6288
f 6292 6289 6286
f 6292 6286 6288
f 6290 6291 6284
f 6290 6284 6282
usemtl armor
v 6.125000 1.000000 6.875000
f 6216 6215 6293
v 6.125000 1.000000 6.125000
f 6216 6293 6294
v 6.312500 0.875000 6.875000
v 6.312500 0.875000 6.125000
v 6.312500 1.000000 6.125000
f 6295 6296 6297
v 6.312500 1.000000 6.875000
f 6295 6297 6298
f 6215 6216 6296
f 6215 6296 6295
f 6294 6293 6298
f 6294 6298 6297
f 6296 6216 6294
f 6296 6294 6297
f 6215 6295 6298
f 6215 6298 6293
v 6.687500 0.875000 6.125000
v 6.687500 0.875000 6.875000
v 6.687500 1.000000 6.875000
f 6299 6300 6301
v 6.687500 1.000000 6.125000
f 6299 6301 6302
v 6.875000 1.000000 6.125000
f 6220 6219 6303
v 6.875000 1.000000 6.875000
f 6220 6303 6304
f 6300 6299 6219
f 6300 6219 6220
f 6302 6301 6304
f 6302 6304 6303
f 6219 6299 6302
f 6219 6302 6303
f 6300 6220 6304
f 6300 6304 6301
v 6.312500 0.875000 6.312500
v 6.312500 1.000000 6.312500
f 6296 6305 6306
f 6296 6306 6297
v 6.687500 0.875000 6.312500
f 6307 6299 6302
v 6.687500 1.000000 6.312500
f 6307 6302 6308
f 6305 6296 6299
f 6305 6299 6307
f 6297 6306 6308
f 6297 6308 6302
f 6299 6296 6297
f 6299 6297 6302
f 6305 6307 6308
f 6305 6308 6306
v 6.312500 0.875000 6.687500
f 6309 6295 6298
v 6.312500 1.000000 6.687500
f 6309 6298 6310
v 6.687500 0.875000 6.687500
v 6.687500 1.000000 6.687500
f 6300 6311 6312
f 6300 6312 6301
f 6295 6309 6311
f 6295 6311 6300
f 6310 6298 6301
f 6310 6301 6312
f 6311 6309 6310
f 6311 6310 6312
f 6295 6300 6301
f 6295 6301 6298
usemtl recess
v 6.312500 0.906250 6.687500
f 6305 6309 6313
v 6.312500 0.906250 6.312500
f 6305 6313 6314
v 6.687500 0.906250 6.312500
f 6311 6307 6315
v 6.687500 0.906250 6.687500
f 6311 6315 6316
f 6309 6305 6307
f 6309 6307 6311
f 6314 6313 6316
f 6314 6316 6315
f 6307 6305 6314
f 6307 6314 6315
f 6309 6311 6316
f 6309 6316 6313
usemtl armor
v 6.125000 0.125000 6.000000
f 6317 6213 6216
v 6.125000 0.875000 6.000000
f 6317 6216 6318
v 6.312500 0.125000 6.000000
v 6.312500 0.875000 6.000000
f 6273 6319 6320
f 6273 6320 6296
f 6213 6317 6319
f 6213 6319 6273
f 6318 6216 6296
f 6318 6296 6320
f 6319 6317 6318
f 6319 6318 6320
f 6213 6273 6296
f 6213 6296 6216
v 6.687500 0.125000 6.000000
f 6321 6278 6299
v 6.687500 0.875000 6.000000
f 6321 6299 6322
v 6.875000 0.125000 6.000000
v 6.875000 0.875000 6.000000
f 6218 6323 6324
f 6218 6324 6219
f 6278 6321 6323
f 6278 6323 6218
f 6322 6299 6219
f 6322 6219 6324
f 6323 6321 6322
f 6323 6322 6324
f 6278 6218 6219
f 6278 6219 6299
v 6.312500 0.312500 6.125000
f 6319 6273 6325
v 6.312500 0.312500 6.000000
f 6319 6325 6326
v 6.687500 0.312500 6.000000
f 6278 6321 6327
v 6.687500 0.312500 6.125000
f 6278 6327 6328
f 6273 6319 6321
f 6273 6321 6278
f 6326 6325 6328
f 6326 6328 6327
f 6321 6319 6326
f 6321 6326 6327
f 6273 6278 6328
f 6273 6328 6325
v 6.312500 0.687500 6.000000
v 6.312500 0.687500 6.125000
f 6329 6330 6296
f 6329 6296 6320
v 6.687500 0.687500 6.125000
v 6.687500 0.687500 6.000000
f 6331 6332 6322
f 6331 6322 6299
f 6330 6329 6332
f 6330 6332 6331
f 6320 6296 6299
f 6320 6299 6322
f 6332 6329 6320
f 6332 6320 6322
f 6330 6331 6299
f 6330 6299 6296
usemtl recess
v 6.312500 0.312500 6.093750
f 6333 6325 6330
v 6.312500 0.687500 6.093750
f 6333 6330 6334
v 6.687500 0.312500 6.093750
v 6.687500 0.687500 6.093750
f 6328 6335 6336
f 6328 6336 6331
f 6325 6333 6335
f 6325 6335 6328
f 6334 6330 6331
f 6334 6331 6336
f 6335 6333 6334
f 6335 6334 6336
f 6325 6328 6331
f 6325 6331 6330
usemtl armor
v 6.687500 0.125000 7.000000
v 6.687500 0.875000 7.000000
f 6277 6337 6338
f 6277 6338 6300
v 6.875000 0.125000 7.000000
f 6339 6217 6220
v 6.875000 0.875000 7.000000
f 6339 6220 6340
f 6337 6277 6217
f 6337 6217 6339
f 6300 6338 6340
f 6300 6340 6220
f 6217 6277 6300
f 6217 6300 6220
f 6337 6339 6340
f 6337 6340 6338
v 6.125000 0.125000 7.000000
v 6.125000 0.875000 7.000000
f 6214 6341 6342
f 6214 6342 6215
v 6.312500 0.125000 7.000000
f 6343 6274 6295
v 6.312500 0.875000 7.000000
f 6343 6295 6344
f 6341 6214 6274
f 6341 6274 6343
f 6215 6342 6344
f 6215 6344 6295
f 6274 6214 6215
f 6274 6215 6295
f 6341 6343 6344
f 6341 6344 6342
v 6.312500 0.312500 7.000000
f 6274 6343 6345
v 6.312500 0.312500 6.875000
f 6274 6345 6346
v 6.687500 0.312500 6.875000
f 6337 6277 6347
v 6.687500 0.312500 7.000000
f 6337 6347 6348
f 6343 6274 6277
f 6343 6277 6337
f 6346 6345 6348
f 6346 6348 6347
f 6277 6274 6346
f 6277 6346 6347
f 6343 6337 6348
f 6343 6348 6345
v 6.312500 0.687500 6.875000
v 6.312500 0.687500 7.000000
f 6349 6350 6344
f 6349 6344 6295
v 6.687500 0.687500 7.000000
v 6.687500 0.687500 6.875000
f 6351 6352 6300
f 6351 6300 6338
f 6350 6349 6352
f 6350 6352 6351
f 6295 6344 6338
f 6295 6338 6300
f 6352 6349 6295
f 6352 6295 6300
f 6350 6351 6338
f 6350 6338 6344
usemtl recess
v 6.312500 0.312500 6.906250
v 6.312500 0.687500 6.906250
f 6346 6353 6354
f 6346 6354 6349
v 6.687500 0.312500 6.906250
f 6355 6347 6352
v 6.687500 0.687500 6.906250
f 6355 6352 6356
f 6353 6346 6347
f 6353 6347 6355
f 6349 6354 6356
f 6349 6356 6352
f 6347 6346 6349
f 6347 6349 6352
f 6353 6355 6356
f 6353 6356 6354
o frame_6_1_0
usemtl armor
v 6.187500 1.000000 0.187500
v 6.187500 1.000000 0.812500
v 6.187500 2.000000 0.812500
f 6357 6358 6359
v 6.187500 2.000000 0.187500
f 6357 6359 6360
v 6.812500 1.000000 0.812500
v 6.812500 1.000000 0.187500
v 6.812500 2.000000 0.187500
f 6361 6362 6363
v 6.812500 2.000000 0.812500
f 6361 6363 6364
f 6358 6357 6362
f 6358 6362 6361
f 6360 6359 6364
f 6360 6364 6363
f 6362 6357 6360
f 6362 6360 6363
f 6358 6361 6364
f 6358 6364 6359
usemtl steel
v 6.000000 1.000000 0.000000
v 6.000000 1.000000 0.187500
v 6.000000 2.000000 0.187500
f 6365 6366 6367
v 6.000000 2.000000 0.000000
f 6365 6367 6368
v 6.187500 1.000000 0.000000
v 6.187500 2.000000 0.000000
f 6357 6369 6370
f 6357 6370 6360
f 6366 6365 6369
f 6366 6369 6357
f 6368 6367 6360
f 6368 6360 6370
f 6369 6365 6368
f 6369 6368 6370
f 6366 6357 6360
f 6366 6360 6367
v 6.000000 1.000000 0.812500
v 6.000000 1.000000 1.000000
v 6.000000 2.000000 1.000000
f 6371 6372 6373
v 6.000000 2.000000 0.812500
f 6371 6373 6374
v 6.187500 1.000000 1.000000
f 6375 6358 6359
v 6.187500 2.000000 1.000000
f 6375 6359 6376
f 6372 6371 6358
f 6372 6358 6375
f 6374 6373 6376
f 6374 6376 6359
f 6358 6371 6374
f 6358 6374 6359
f 6372 6375 6376
f 6372 6376 6373
v 6.812500 1.000000 0.000000
f 6377 6362 6363
v 6.812500 2.000000 0.000000
f 6377 6363 6378
v 7.000000 1.000000 0.187500
v 7.000000 1.000000 0.000000
v 7.000000 2.000000 0.000000
f 6379 6380 6381
v 7.000000 2.000000 0.187500
f 6379 6381 6382
f 6362 6377 6380
f 6362 6380 6379
f 6378 6363 6382
f 6378 6382 6381
f 6380 6377 6378
f 6380 6378 6381
f 6362 6379 6382
f 6362 6382 6363
v 6.812500 1.000000 1.000000
v 6.812500 2.000000 1.000000
f 6361 6383 6384
f 6361 6384 6364
v 7.000000 1.000000 1.000000
v 7.000000 1.000000 0.812500
v 7.000000 2.000000 0.812500
f 6385 6386 6387
v 7.000000 2.000000 1.000000
f 6385 6387 6388
f 6383 6361 6386
f 6383 6386 6385
f 6364 6384 6388
f 6364 6388 6387
f 6386 6361 6364
f 6386 6364 6387
f 6383 6385 6388
f 6383 6388 6384
usemtl edge
v 6.250000 1.000000 0.062500
v 6.250000 1.000000 0.187500
v 6.250000 2.000000 0.187500
f 6389 6390 6391
v 6.250000 2.000000 0.062500
f 6389 6391 6392
v 6.750000 1.000000 0.187500
v 6.750000 1.000000 0.062500
v 6.750000 2.000000 0.062500
f 6393 6394 6395
v 6.750000 2.000000 0.187500
f 6393 6395 6396
f 6390 6389 6394
f 6390 6394 6393
f 6392 6391 6396
f 6392 6396 6395
f 6394 6389 6392
f 6394 6392 6395
f 6390 6393 6396
f 6390 6396 6391
v 6.250000 1.000000 0.812500
v 6.250000 1.000000 0.937500
v 6.250000 2.000000 0.937500
f 6397 6398 6399
v 6.250000 2.000000 0.812500
f 6397 6399 6400
v 6.750000 1.000000 0.937500
v 6.750000 1.000000 0.812500
v 6.750000 2.000000 0.812500
f 6401 6402 6403
v 6.750000 2.000000 0.937500
f 6401 6403 6404
f 6398 6397 6402
f 6398 6402 6401
f 6400 6399 6404
f 6400 6404 6403
f 6402 6397 6400
f 6402 6400 6403
f 6398 6401 6404
f 6398 6404 6399
v 6.062500 1.000000 0.250000
v 6.062500 1.000000 0.750000
v 6.062500 2.000000 0.750000
f 6405 6406 6407
v 6.062500 2.000000 0.250000
f 6405 6407 6408
v 6.187500 1.000000 0.750000
v 6.187500 1.000000 0.250000
v 6.187500 2.000000 0.250000
f 6409 6410 6411
v 6.187500 2.000000 0.750000
f 6409 6411 6412
f 6406 6405 6410
f 6406 6410 6409
f 6408 6407 6412
f 6408 6412 6411
f 6410 6405 6408
f 6410 6408 6411
f 6406 6409 6412
f 6406 6412 6407
v 6.812500 1.000000 0.250000
v 6.812500 1.000000 0.750000
v 6.812500 2.000000 0.750000
f 6413 6414 6415
v 6.812500 2.000000 0.250000
f 6413 6415 6416
v 6.937500 1.000000 0.750000
v 6.937500 1.000000 0.250000
v 6.937500 2.000000 0.250000
f 6417 6418 6419
v 6.937500 2.000000 0.750000
f 6417 6419 6420
f 6414 6413 6418
f 6414 6418 6417
f 6416 6415 6420
f 6416 6420 6419
f 6418 6413 6416
f 6418 6416 6419
f 6414 6417 6420
f 6414 6420 6415
o frame_6_1_6
usemtl armor
v 6.187500 1.000000 6.187500
v 6.187500 1.000000 6.812500
v 6.187500 2.000000 6.812500
f 6421 6422 6423
v 6.187500 2.000000 6.187500
f 6421 6423 6424
v 6.812500 1.000000 6.812500
v 6.812500 1.000000 6.187500
v 6.812500 2.000000 6.187500
f 6425 6426 6427
v 6.812500 2.000000 6.812500
f 6425 6427 6428
f 6422 6421 6426
f 6422 6426 6425
f 6424 6423 6428
f 6424 6428 6427
f 6426 6421 6424
f 6426 6424 6427
f 6422 6425 6428
f 6422 6428 6423
usemtl steel
v 6.000000 1.000000 6.000000
v 6.000000 1.000000 6.187500
v 6.000000 2.000000 6.187500
f 6429 6430 6431
v 6.000000 2.000000 6.000000
f 6429 6431 6432
v 6.187500 1.000000 6.000000
v 6.187500 2.000000 6.000000
f 6421 6433 6434
f 6421 6434 6424
f 6430 6429 6433
f 6430 6433 6421
f 6432 6431 6424
f 6432 6424 6434
f 6433 6429 6432
f 6433 6432 6434
f 6430 6421 6424
f 6430 6424 6431
v 6.000000 1.000000 6.812500
v 6.000000 1.000000 7.000000
v 6.000000 2.000000 7.000000
f 6435 6436 6437
v 6.000000 2.000000 6.812500
f 6435 6437 6438
v 6.187500 1.000000 7.000000
f 6439 6422 6423
v 6.187500 2.000000 7.000000
f 6439 6423 6440
f 6436 6435 6422
f 6436 6422 6439
f 6438 6437 6440
f 6438 6440 6423
f 6422 6435 6438
f 6422 6438 6423
f 6436 6439 6440
f 6436 6440 6437
v 6.812500 1.000000 6.000000
f 6441 6426 6427
v 6.812500 2.000000 6.000000
f 6441 6427 6442
v 7.000000 1.000000 6.187500
v 7.000000 1.000000 6.000000
v 7.000000 2.000000 6.000000
f 6443 6444 6445
v 7.000000 2.000000 6.187500
f 6443 6445 6446
f 6426 6441 6444
f 6426 6444 6443
f 6442 6427 6446
f 6442 6446 6445
f 6444 6441 6442
f 6444 6442 6445
f 6426 6443 6446
f 6426 6446 6427
v 6.812500 1.000000 7.000000
v 6.812500 2.000000 7.000000
f 6425 6447 6448
f 6425 6448 6428
v 7.000000 1.000000 7.000000
v 7.000000 1.000000 6.812500
v 7.000000 2.000000 6.812500
f 6449 6450 6451
v 7.000000 2.000000 7.000000
f 6449 6451 6452
f 6447 6425 6450
f 6447 6450 6449
f 6428 6448 6452
f 6428 6452 6451
f 6450 6425 6428
f 6450 6428 6451
f 6447 6449 6452
f 6447 6452 6448
usemtl edge
v 6.250000 1.000000 6.062500
v 6.250000 1.000000 6.187500
v 6.250000 2.000000 6.187500
f 6453 6454 6455
v 6.250000 2.000000 6.062500
f 6453 6455 6456
v 6.750000 1.000000 6.187500
v 6.750000 1.000000 6.062500
v 6.750000 2.000000 6.062500
f 6457 6458 6459
v 6.750000 2.000000 6.187500
f 6457 6459 6460
f 6454 6453 6458
f 6454 6458 6457
f 6456 6455 6460
f 6456 6460 6459
f 6458 6453 6456
f 6458 6456 6459
f 6454 6457 6460
f 6454 6460 6455
v 6.250000 1.000000 6.812500
v 6.250000 1.000000 6.937500
v 6.250000 2.000000 6.937500
f 6461 6462 6463
v 6.250000 2.000000 6.812500
f 6461 6463 6464
v 6.750000 1.000000 6.937500
v 6.750000 1.000000 6.812500
v 6.750000 2.000000 6.812500
f 6465 6466 6467
v 6.750000 2.000000 6.937500
f 6465 6467 6468
f 6462 6461 6466
f 6462 6466 6465
f 6464 6463 6468
f 6464 6468 6467
f 6466 6461 6464
f 6466 6464 6467
f 6462 6465 6468
f 6462 6468 6463
v 6.062500 1.000000 6.250000
v 6.062500 1.000000 6.750000
v 6.062500 2.000000 6.750000
f 6469 6470 6471
v 6.062500 2.000000 6.250000
f 6469 6471 6472
v 6.187500 1.000000 6.750000
v 6.187500 1.000000 6.250000
v 6.187500 2.000000 6.250000
f 6473 6474 6475
v 6.187500 2.000000 6.750000
f 6473 6475 6476
f 6470 6469 6474
f 6470 6474 6473
f 6472 6471 6476
f 6472 6476 6475
f 6474 6469 6472
f 6474 6472 6475
f 6470 6473 6476
f 6470 6476 6471
v 6.812500 1.000000 6.250000
v 6.812500 1.000000 6.750000
v 6.812500 2.000000 6.750000
f 6477 6478 6479
v 6.812500 2.000000 6.250000
f 6477 6479 6480
v 6.937500 1.000000 6.750000
v 6.937500 1.000000 6.250000
v 6.937500 2.000000 6.250000
f 6481 6482 6483
v 6.937500 2.000000 6.750000
f 6481 6483 6484
f 6478 6477 6482
f 6478 6482 6481
f 6480 6479 6484
f 6480 6484 6483
f 6482 6477 6480
f 6482 6480 6483
f 6478 6481 6484
f 6478 6484 6479
o frame_6_2_0
usemtl armor
v 6.187500 2.000000 0.187500
v 6.187500 2.000000 0.812500
v 6.187500 3.000000 0.812500
f 6485 6486 6487
v 6.187500 3.000000 0.187500
f 6485 6487 6488
v 6.812500 2.000000 0.812500
v 6.812500 2.000000 0.187500
v 6.812500 3.000000 0.187500
f 6489 6490 6491
v 6.812500 3.000000 0.812500
f 6489 6491 6492
f 6486 6485 6490
f 6486 6490 6489
f 6488 6487 6492
f 6488 6492 6491
f 6490 6485 6488
f 6490 6488 6491
f 6486 6489 6492
f 6486 6492 6487
usemtl steel
v 6.000000 2.000000 0.000000
v 6.000000 2.000000 0.187500
v 6.000000 3.000000 0.187500
f 6493 6494 6495
v 6.000000 3.000000 0.000000
f 6493 6495 6496
v 6.187500 2.000000 0.000000
v 6.187500 3.000000 0.000000
f 6485 6497 6498
f 6485 6498 6488
f 6494 6493 6497
f 6494 6497 6485
f 6496 6495 6488
f 6496 6488 6498
f 6497 6493 6496
f 6497 6496 6498
f 6494 6485 6488
f 6494 6488 6495
v 6.000000 2.000000 0.812500
v 6.000000 2.000000 1.000000
v 6.000000 3.000000 1.000000
f 6499 6500 6501
v 6.000000 3.000000 0.812500
f 6499 6501 6502
v 6.187500 2.000000 1.000000
f 6503 6486 6487
v 6.187500 3.000000 1.000000
f 6503 6487 6504
f 6500 6499 6486
f 6500 6486 6503
f 6502 6501 6504
f 6502 6504 6487
f 6486 6499 6502
f 6486 6502 6487
f 6500 6503 6504
f 6500 6504 6501
v 6.812500 2.000000 0.000000
f 6505 6490 6491
v 6.812500 3.000000 0.000000
f 6505 6491 6506
v 7.000000 2.000000 0.187500
v 7.000000 2.000000 0.000000
v 7.000000 3.000000 0.000000
f 6507 6508 6509
v 7.000000 3.000000 0.187500
f 6507 6509 6510
f 6490 6505 6508
f 6490 6508 6507
f 6506 6491 6510
f 6506 6510 6509
f 6508 6505 6506
f 6508 6506 6509
f 6490 6507 6510
f 6490 6510 6491
v 6.812500 2.000000 1.000000
v 6.812500 3.000000 1.000000
f 6489 6511 6512
f 6489 6512 6492
v 7.000000 2.000000 1.000000
v 7.000000 2.000000 0.812500
v 7.000000 3.000000 0.812500
f 6513 6514 6515
v 7.000000 3.000000 1.000000
f 6513 6515 6516
f 6511 6489 6514
f 6511 6514 6513
f 6492 6512 6516
f 6492 6516 6515
f 6514 6489 6492
f 6514 6492 6515
f 6511 6513 6516
f 6511 6516 6512
usemtl edge
v 6.250000 2.000000 0.062500
v 6.250000 2.000000 0.187500
v 6.250000 3.000000 0.187500
f 6517 6518 6519
v 6.250000 3.000000 0.062500
f 6517 6519 6520
v 6.750000 2.000000 0.187500
v 6.750000 2.000000 0.062500
v 6.750000 3.000000 0.062500
f 6521 6522 6523
v 6.750000 3.000000 0.187500
f 6521 6523 6524
f 6518 6517 6522
f 6518 6522 6521
f 6520 6519 6524
f 6520 6524 6523
f 6522 6517 6520
f 6522 6520 6523
f 6518 6521 6524
f 6518 6524 6519
v 6.250000 2.000000 0.812500
v 6.250000 2.000000 0.937500
v 6.250000 3.000000 0.937500
f 6525 6526 6527
v 6.250000 3.000000 0.812500
f 6525 6527 6528
v 6.750000 2.000000 0.937500
v 6.750000 2.000000 0.812500
v 6.750000 3.000000 0.812500
f 6529 6530 6531
v 6.750000 3.000000 0.937500
f 6529 6531 6532
f 6526 6525 6530
f 6526 6530 6529
f 6528 6527 6532
f 6528 6532 6531
f 6530 6525 6528
f 6530 6528 6531
f 6526 6529 6532
f 6526 6532 6527
v 6.062500 2.000000 0.250000
v 6.062500 2.000000 0.750000
v 6.062500 3.000000 0.750000
f 6533 6534 6535
v 6.062500 3.000000 0.250000
f 6533 6535 6536
v 6.187500 2.000000 0.750000
v 6.187500 2.000000 0.250000
v 6.187500 3.000000 0.250000
f 6537 6538 6539
v 6.187500 3.000000 0.750000
f 6537 6539 6540
f 6534 6533 6538
f 6534 6538 6537
f 6536 6535 6540
f 6536 6540 6539
f 6538 6533 6536
f 6538 6536 6539
f 6534 6537 6540
f 6534 6540 6535
v 6.812500 2.000000 0.250000
v 6.812500 2.000000 0.750000
v 6.812500 3.000000 0.750000
f 6541 6542 6543
v 6.812500 3.000000 0.250000
f 6541 6543 6544
v 6.937500 2.000000 0.750000
v 6.937500 2.000000 0.250000
v 6.937500 3.000000 0.250000
f 6545 6546 6547
v 6.937500 3.000000 0.750000
f 6545 6547 6548
f 6542 6541 6546
f 6542 6546 6545
f 6544 6543 6548
f 6544 6548 6547
f 6546 6541 6544
f 6546 6544 6547
f 6542 6545 6548
f 6542 6548 6543
o frame_6_2_6
usemtl armor
v 6.187500 2.000000 6.187500
v 6.187500 2.000000 6.812500
v 6.187500 3.000000 6.812500
f 6549 6550 6551
v 6.187500 3.000000 6.187500
f 6549 6551 6552
v 6.812500 2.000000 6.812500
v 6.812500 2.000000 6.187500
v 6.812500 3.000000 6.187500
f 6553 6554 6555
v 6.812500 3.000000 6.812500
f 6553 6555 6556
f 6550 6549 6554
f 6550 6554 6553
f 6552 6551 6556
f 6552 6556 6555
f 6554 6549 6552
f 6554 6552 6555
f 6550 6553 6556
f 6550 6556 6551
usemtl steel
v 6.000000 2.000000 6.000000
v 6.000000 2.000000 6.187500
v 6.000000 3.000000 6.187500
f 6557 6558 6559
v 6.000000 3.000000 6.000000
f 6557 6559 6560
v 6.187500 2.000000 6.000000
v 6.187500 3.000000 6.000000
f 6549 6561 6562
f 6549 6562 6552
f 6558 6557 6561
f 6558 6561 6549
f 6560 6559 6552
f 6560 6552 6562
f 6561 6557 6560
f 6561 6560 6562
f 6558 6549 6552
f 6558 6552 6559
v 6.000000 2.000000 6.812500
v 6.000000 2.000000 7.000000
v 6.000000 3.000000 7.000000
f 6563 6564 6565
v 6.000000 3.000000 6.812500
f 6563 6565 6566
v 6.187500 2.000000 7.000000
f 6567 6550 6551
v 6.187500 3.000000 7.000000
f 6567 6551 6568
f 6564 6563 6550
f 6564 6550 6567
f 6566 6565 6568
f 6566 6568 6551
f 6550 6563 6566
f 6550 6566 6551
f 6564 6567 6568
f 6564 6568 6565
v 6.812500 2.000000 6.000000
f 6569 6554 6555
v 6.812500 3.000000 6.000000
f 6569 6555 6570
v 7.000000 2.000000 6.187500
v 7.000000 2.000000 6.000000
v 7.000000 3.000000 6.000000
f 6571 6572 6573
v 7.000000 3.000000 6.187500
f 6571 6573 6574
f 6554 6569 6572
f 6554 6572 6571
f 6570 6555 6574
f 6570 6574 6573
f 6572 6569 6570
f 6572 6570 6573
f 6554 6571 6574
f 6554 6574 6555
v 6.812500 2.000000 7.000000
v 6.812500 3.000000 7.000000
f 6553 6575 6576
f 6553 6576 6556
v 7.000000 2.000000 7.000000
v 7.000000 2.000000 6.812500
v 7.000000 3.000000 6.812500
f 6577 6578 6579
v 7.000000 3.000000 7.000000
f 6577 6579 6580
f 6575 6553 6578
f 6575 6578 6577
f 6556 6576 6580
f 6556 6580 6579
f 6578 6553 6556
f 6578 6556 6579
f 6575 6577 6580
f 6575 6580 6576
usemtl edge
v 6.250000 2.000000 6.062500
v 6.250000 2.000000 6.187500
v 6.250000 3.000000 6.187500
f 6581 6582 6583
v 6.250000 3.000000 6.062500
f 6581 6583 6584
v 6.750000 2.000000 6.187500
v 6.750000 2.000000 6.062500
v 6.750000 3.000000 6.062500
f 6585 6586 6587
v 6.750000 3.000000 6.187500
f 6585 6587 6588
f 6582 6581 6586
f 6582 6586 6585
f 6584 6583 6588
f 6584 6588 6587
f 6586 6581 6584
f 6586 6584 6587
f 6582 6585 6588
f 6582 6588 6583
v 6.250000 2.000000 6.812500
v 6.250000 2.000000 6.937500
v 6.250000 3.000000 6.937500
f 6589 6590 6591
v 6.250000 3.000000 6.812500
f 6589 6591 6592
v 6.750000 2.000000 6.937500
v 6.750000 2.000000 6.812500
v 6.750000 3.000000 6.812500
f 6593 6594 6595
v 6.750000 3.000000 6.937500
f 6593 6595 6596
f 6590 6589 6594
f 6590 6594 6593
f 6592 6591 6596
f 6592 6596 6595
f 6594 6589 6592
f 6594 6592 6595
f 6590 6593 6596
f 6590 6596 6591
v 6.062500 2.000000 6.250000
v 6.062500 2.000000 6.750000
v 6.062500 3.000000 6.750000
f 6597 6598 6599
v 6.062500 3.000000 6.250000
f 6597 6599 6600
v 6.187500 2.000000 6.750000
v 6.187500 2.000000 6.250000
v 6.187500 3.000000 6.250000
f 6601 6602 6603
v 6.187500 3.000000 6.750000
f 6601 6603 6604
f 6598 6597 6602
f 6598 6602 6601
f 6600 6599 6604
f 6600 6604 6603
f 6602 6597 6600
f 6602 6600 6603
f 6598 6601 6604
f 6598 6604 6599
v 6.812500 2.000000 6.250000
v 6.812500 2.000000 6.750000
v 6.812500 3.000000 6.750000
f 6605 6606 6607
v 6.812500 3.000000 6.250000
f 6605 6607 6608
v 6.937500 2.000000 6.750000
v 6.937500 2.000000 6.250000
v 6.937500 3.000000 6.250000
f 6609 6610 6611
v 6.937500 3.000000 6.750000
f 6609 6611 6612
f 6606 6605 6610
f 6606 6610 6609
f 6608 6607 6612
f 6608 6612 6611
f 6610 6605 6608
f 6610 6608 6611
f 6606 6609 6612
f 6606 6612 6607
o frame_6_3_0
usemtl armor
v 6.187500 3.000000 0.187500
v 6.187500 3.000000 0.812500
v 6.187500 4.000000 0.812500
f 6613 6614 6615
v 6.187500 4.000000 0.187500
f 6613 6615 6616
v 6.812500 3.000000 0.812500
v 6.812500 3.000000 0.187500
v 6.812500 4.000000 0.187500
f 6617 6618 6619
v 6.812500 4.000000 0.812500
f 6617 6619 6620
f 6614 6613 6618
f 6614 6618 6617
f 6616 6615 6620
f 6616 6620 6619
f 6618 6613 6616
f 6618 6616 6619
f 6614 6617 6620
f 6614 6620 6615
usemtl steel
v 6.000000 3.000000 0.000000
v 6.000000 3.000000 0.187500
v 6.000000 4.000000 0.187500
f 6621 6622 6623
v 6.000000 4.000000 0.000000
f 6621 6623 6624
v 6.187500 3.000000 0.000000
v 6.187500 4.000000 0.000000
f 6613 6625 6626
f 6613 6626 6616
f 6622 6621 6625
f 6622 6625 6613
f 6624 6623 6616
f 6624 6616 6626
f 6625 6621 6624
f 6625 6624 6626
f 6622 6613 6616
f 6622 6616 6623
v 6.000000 3.000000 0.812500
v 6.000000 3.000000 1.000000
v 6.000000 4.000000 1.000000
f 6627 6628 6629
v 6.000000 4.000000 0.812500
f 6627 6629 6630
v 6.187500 3.000000 1.000000
f 6631 6614 6615
v 6.187500 4.000000 1.000000
f 6631 6615 6632
f 6628 6627 6614
f 6628 6614 6631
f 6630 6629 6632
f 6630 6632 6615
f 6614 6627 6630
f 6614 6630 6615
f 6628 6631 6632
f 6628 6632 6629
v 6.812500 3.000000 0.000000
f 6633 6618 6619
v 6.812500 4.000000 0.000000
f 6633 6619 6634
v 7.000000 3.000000 0.187500
v 7.000000 3.000000 0.000000
v 7.000000 4.000000 0.000000
f 6635 6636 6637
v 7.000000 4.000000 0.187500
f 6635 6637 6638
f 6618 6633 6636
f 6618 6636 6635
f 6634 6619 6638
f 6634 6638 6637
f 6636 6633 6634
f 6636 6634 6637
f 6618 6635 6638
f 6618 6638 6619
v 6.812500 3.000000 1.000000
v 6.812500 4.000000 1.000000
f 6617 6639 6640
f 6617 6640 6620
v 7.000000 3.000000 1.000000
v 7.000000 3.000000 0.812500
v 7.000000 4.000000 0.812500
f 6641 6642 6643
v 7.000000 4.000000 1.000000
f 6641 6643 6644
f 6639 6617 6642
f 6639 6642 6641
f 6620 6640 6644
f 6620 6644 6643
f 6642 6617 6620
f 6642 6620 6643
f 6639 6641 6644
f 6639 6644 6640
usemtl edge
v 6.250000 3.000000 0.062500
v 6.250000 3.000000 0.187500
v 6.250000 4.000000 0.187500
f 6645 6646 6647
v 6.250000 4.000000 0.062500
f 6645 6647 6648
v 6.750000 3.000000 0.187500
v 6.750000 3.000000 0.062500
v 6.750000 4.000000 0.062500
f 6649 6650 6651
v 6.750000 4.000000 0.187500
f 6649 6651 6652
f 6646 6645 6650
f 6646 6650 6649
f 6648 6647 6652
f 6648 6652 6651
f 6650 6645 6648
f 6650 6648 6651
f 6646 6649 6652
f 6646 6652 6647
v 6.250000 3.000000 0.812500
v 6.250000 3.000000 0.937500
v 6.250000 4.000000 0.937500
f 6653 6654 6655
v 6.250000 4.000000 0.812500
f 6653 6655 6656
v 6.750000 3.000000 0.937500
v 6.750000 3.000000 0.812500
v 6.750000 4.000000 0.812500
f 6657 6658 6659
v 6.750000 4.000000 0.937500
f 6657 6659 6660
f 6654 6653 6658
f 6654 6658 6657
f 6656 6655 6660
f 6656 6660 6659
f 6658 6653 6656
f 6658 6656 6659
f 6654 6657 6660
f 6654 6660 6655
v 6.062500 3.000000 0.250000
v 6.062500 3.000000 0.750000
v 6.062500 4.000000 0.750000
f 6661 6662 6663
v 6.062500 4.000000 0.250000
f 6661 6663 6664
v 6.187500 3.000000 0.750000
v 6.187500 3.000000 0.250000
v 6.187500 4.000000 0.250000
f 6665 6666 6667
v 6.187500 4.000000 0.750000
f 6665 6667 6668
f 6662 6661 6666
f 6662 6666 6665
f 6664 6663 6668
f 6664 6668 6667
f 6666 6661 6664
f 6666 6664 6667
f 6662 6665 6668
f 6662 6668 6663
v 6.812500 3.000000 0.250000
v 6.812500 3.000000 0.750000
v 6.812500 4.000000 0.750000
f 6669 6670 6671
v 6.812500 4.000000 0.250000
f 6669 6671 6672
v 6.937500 3.000000 0.750000
v 6.937500 3.000000 0.250000
v 6.937500 4.000000 0.250000
f 6673 6674 6675
v 6.937500 4.000000 0.750000
f 6673 6675 6676
f 6670 6669 6674
f 6670 6674 6673
f 6672 6671 6676
f 6672 6676 6675
f 6674 6669 6672
f 6674 6672 6675
f 6670 6673 6676
f 6670 6676 6671
o frame_6_3_6
usemtl armor
v 6.187500 3.000000 6.187500
v 6.187500 3.000000 6.812500
v 6.187500 4.000000 6.812500
f 6677 6678 6679
v 6.187500 4.000000 6.187500
f 6677 6679 6680
v 6.812500 3.000000 6.812500
v 6.812500 3.000000 6.187500
v 6.812500 4.000000 6.187500
f 6681 6682 6683
v 6.812500 4.000000 6.812500
f 6681 6683 6684
f 6678 6677 6682
f 6678 6682 6681
f 6680 6679 6684
f 6680 6684 6683
f 6682 6677 6680
f 6682 6680 6683
f 6678 6681 6684
f 6678 6684 6679
usemtl steel
v 6.000000 3.000000 6.000000
v 6.000000 3.000000 6.187500
v 6.000000 4.000000 6.187500
f 6685 6686 6687
v 6.000000 4.000000 6.000000
f 6685 6687 6688
v 6.187500 3.000000 6.000000
v 6.187500 4.000000 6.000000
f 6677 6689 6690
f 6677 6690 6680
f 6686 6685 6689
f 6686 6689 6677
f 6688 6687 6680
f 6688 6680 6690
f 6689 6685 6688
f 6689 6688 6690
f 6686 6677 6680
f 6686 6680 6687
v 6.000000 3.000000 6.812500
v 6.000000 3.000000 7.000000
v 6.000000 4.000000 7.000000
f 6691 6692 6693
v 6.000000 4.000000 6.812500
f 6691 6693 6694
v 6.187500 3.000000 7.000000
f 6695 6678 6679
v 6.187500 4.000000 7.000000
f 6695 6679 6696
f 6692 6691 6678
f 6692 6678 6695
f 6694 6693 6696
f 6694 6696 6679
f 6678 6691 6694
f 6678 6694 6679
f 6692 6695 6696
f 6692 6696 6693
v 6.812500 3.000000 6.000000
f 6697 6682 6683
v 6.812500 4.000000 6.000000
f 6697 6683 6698
v 7.000000 3.000000 6.187500
v 7.000000 3.000000 6.000000
v 7.000000 4.000000 6.000000
f 6699 6700 6701
v 7.000000 4.000000 6.187500
f 6699 6701 6702
f 6682 6697 6700
f 6682 6700 6699
f 6698 6683 6702
f 6698 6702 6701
f 6700 6697 6698
f 6700 6698 6701
f 6682 6699 6702
f 6682 6702 6683
v 6.812500 3.000000 7.000000
v 6.812500 4.000000 7.000000
f 6681 6703 6704
f 6681 6704 6684
v 7.000000 3.000000 7.000000
v 7.000000 3.000000 6.812500
v 7.000000 4.000000 6.812500
f 6705 6706 6707
v 7.000000 4.000000 7.000000
f 6705 6707 6708
f 6703 6681 6706
f 6703 6706 6705
f 6684 6704 6708
f 6684 6708 6707
f 6706 6681 6684
f 6706 6684 6707
f 6703 6705 6708
f 6703 6708 6704
usemtl edge
v 6.250000 3.000000 6.062500
v 6.250000 3.000000 6.187500
v 6.250000 4.000000 6.187500
f 6709 6710 6711
v 6.250000 4.000000 6.062500
f 6709 6711 6712
v 6.750000 3.000000 6.187500
v 6.750000 3.000000 6.062500
v 6.750000 4.000000 6.062500
f 6713 6714 6715
v 6.750000 4.000000 6.187500
f 6713 6715 6716
f 6710 6709 6714
f 6710 6714 6713
f 6712 6711 6716
f 6712 6716 6715
f 6714 6709 6712
f 6714 6712 6715
f 6710 6713 6716
f 6710 6716 6711
v 6.250000 3.000000 6.812500
v 6.250000 3.000000 6.937500
v 6.250000 4.000000 6.937500
f 6717 6718 6719
v 6.250000 4.000000 6.812500
f 6717 6719 6720
v 6.750000 3.000000 6.937500
v 6.750000 3.000000 6.812500
v 6.750000 4.000000 6.812500
f 6721 6722 6723
v 6.750000 4.000000 6.937500
f 6721 6723 6724
f 6718 6717 6722
f 6718 6722 6721
f 6720 6719 6724
f 6720 6724 6723
f 6722 6717 6720
f 6722 6720 6723
f 6718 6721 6724
f 6718 6724 6719
v 6.062500 3.000000 6.250000
v 6.062500 3.000000 6.750000
v 6.062500 4.000000 6.750000
f 6725 6726 6727
v 6.062500 4.000000 6.250000
f 6725 6727 6728
v 6.187500 3.000000 6.750000
v 6.187500 3.000000 6.250000
v 6.187500 4.000000 6.250000
f 6729 6730 6731
v 6.187500 4.000000 6.750000
f 6729 6731 6732
f 6726 6725 6730
f 6726 6730 6729
f 6728 6727 6732
f 6728 6732 6731
f 6730 6725 6728
f 6730 6728 6731
f 6726 6729 6732
f 6726 6732 6727
v 6.812500 3.000000 6.250000
v 6.812500 3.000000 6.750000
v 6.812500 4.000000 6.750000
f 6733 6734 6735
v 6.812500 4.000000 6.250000
f 6733 6735 6736
v 6.937500 3.000000 6.750000
v 6.937500 3.000000 6.250000
v 6.937500 4.000000 6.250000
f 6737 6738 6739
v 6.937500 4.000000 6.750000
f 6737 6739 6740
f 6734 6733 6738
f 6734 6738 6737
f 6736 6735 6740
f 6736 6740 6739
f 6738 6733 6736
f 6738 6736 6739
f 6734 6737 6740
f 6734 6740 6735
o frame_6_4_0
usemtl armor
v 6.187500 4.000000 0.187500
v 6.187500 4.000000 0.812500
v 6.187500 5.000000 0.812500
f 6741 6742 6743
v 6.187500 5.000000 0.187500
f 6741 6743 6744
v 6.812500 4.000000 0.812500
v 6.812500 4.000000 0.187500
v 6.812500 5.000000 0.187500
f 6745 6746 6747
v 6.812500 5.000000 0.812500
f 6745 6747 6748
f 6742 6741 6746
f 6742 6746 6745
f 6744 6743 6748
f 6744 6748 6747
f 6746 6741 6744
f 6746 6744 6747
f 6742 6745 6748
f 6742 6748 6743
usemtl steel
v 6.000000 4.000000 0.000000
v 6.000000 4.000000 0.187500
v 6.000000 5.000000 0.187500
f 6749 6750 6751
v 6.000000 5.000000 0.000000
f 6749 6751 6752
v 6.187500 4.000000 0.000000
v 6.187500 5.000000 0.000000
f 6741 6753 6754
f 6741 6754 6744
f 6750 6749 6753
f 6750 6753 6741
f 6752 6751 6744
f 6752 6744 6754
f 6753 6749 6752
f 6753 6752 6754
f 6750 6741 6744
f 6750 6744 6751
v 6.000000 4.000000 0.812500
v 6.000000 4.000000 1.000000
v 6.000000 5.000000 1.000000
f 6755 6756 6757
v 6.000000 5.000000 0.812500
f 6755 6757 6758
v 6.187500 4.000000 1.000000
f 6759 6742 6743
v 6.187500 5.000000 1.000000
f 6759 6743 6760
f 6756 6755 6742
f 6756 6742 6759
f 6758 6757 6760
f 6758 6760 6743
f 6742 6755 6758
f 6742 6758 6743
f 6756 6759 6760
f 6756 6760 6757
v 6.812500 4.000000 0.000000
f 6761 6746 6747
v 6.812500 5.000000 0.000000
f 6761 6747 6762
v 7.000000 4.000000 0.187500
v 7.000000 4.000000 0.000000
v 7.000000 5.000000 0.000000
f 6763 6764 6765
v 7.000000 5.000000 0.187500
f 6763 6765 6766
f 6746 6761 6764
f 6746 6764 6763
f 6762 6747 6766
f 6762 6766 6765
f 6764 6761 6762
f 6764 6762 6765
f 6746 6763 6766
f 6746 6766 6747
v 6.812500 4.000000 1.000000
v 6.812500 5.000000 1.000000
f 6745 6767 6768
f 6745 6768 6748
v 7.000000 4.000000 1.000000
v 7.000000 4.000000 0.812500
v 7.000000 5.000000 0.812500
f 6769 6770 6771
v 7.000000 5.000000 1.000000
f 6769 6771 6772
f 6767 6745 6770
f 6767 6770 6769
f 6748 6768 6772
f 6748 6772 6771
f 6770 6745 6748
f 6770 6748 6771
f 6767 6769 6772
f 6767 6772 6768
usemtl edge
v 6.250000 4.000000 0.062500
v 6.250000 4.000000 0.187500
v 6.250000 5.000000 0.187500
f 6773 6774 6775
v 6.250000 5.000000 0.062500
f 6773 6775 6776
v 6.750000 4.000000 0.187500
v 6.750000 4.000000 0.062500
v 6.750000 5.000000 0.062500
f 6777 6778 6779
v 6.750000 5.000000 0.187500
f 6777 6779 6780
f 6774 6773 6778
f 6774 6778 6777
f 6776 6775 6780
f 6776 6780 6779
f 6778 6773 6776
f 6778 6776 6779
f 6774 6777 6780
f 6774 6780 6775
v 6.250000 4.000000 0.812500
v 6.250000 4.000000 0.937500
v 6.250000 5.000000 0.937500
f 6781 6782 6783
v 6.250000 5.000000 0.812500
f 6781 6783 6784
v 6.750000 4.000000 0.937500
v 6.750000 4.000000 0.812500
v 6.750000 5.000000 0.812500
f 6785 6786 6787
v 6.750000 5.000000 0.937500
f 6785 6787 6788
f 6782 6781 6786
f 6782 6786 6785
f 6784 6783 6788
f 6784 6788 6787
f 6786 6781 6784
f 6786 6784 6787
f 6782 6785 6788
f 6782 6788 6783
v 6.062500 4.000000 0.250000
v 6.062500 4.000000 0.750000
v 6.062500 5.000000 0.750000
f 6789 6790 6791
v 6.062500 5.000000 0.250000
f 6789 6791 6792
v 6.187500 4.000000 0.750000
v 6.187500 4.000000 0.250000
v 6.187500 5.000000 0.250000
f 6793 6794 6795
v 6.187500 5.000000 0.750000
f 6793 6795 6796
f 6790 6789 6794
f 6790 6794 6793
f 6792 6791 6796
f 6792 6796 6795
f 6794 6789 6792
f 6794 6792 6795
f 6790 6793 6796
f 6790 6796 6791
v 6.812500 4.000000 0.250000
v 6.812500 4.000000 0.750000
v 6.812500 5.000000 0.750000
f 6797 6798 6799
v 6.812500 5.000000 0.250000
f 6797 6799 6800
v 6.937500 4.000000 0.750000
v 6.937500 4.000000 0.250000
v 6.937500 5.000000 0.250000
f 6801 6802 6803
v 6.937500 5.000000 0.750000
f 6801 6803 6804
f 6798 6797 6802
f 6798 6802 6801
f 6800 6799 6804
f 6800 6804 6803
f 6802 6797 6800
f 6802 6800 6803
f 6798 6801 6804
f 6798 6804 6799
o frame_6_4_6
usemtl armor
v 6.187500 4.000000 6.187500
v 6.187500 4.000000 6.812500
v 6.187500 5.000000 6.812500
f 6805 6806 6807
v 6.187500 5.000000 6.187500
f 6805 6807 6808
v 6.812500 4.000000 6.812500
v 6.812500 4.000000 6.187500
v 6.812500 5.000000 6.187500
f 6809 6810 6811
v 6.812500 5.000000 6.812500
f 6809 6811 6812
f 6806 6805 6810
f 6806 6810 6809
f 6808 6807 6812
f 6808 6812 6811
f 6810 6805 6808
f 6810 6808 6811
f 6806 6809 6812
f 6806 6812 6807
usemtl steel
v 6.000000 4.000000 6.000000
v 6.000000 4.000000 6.187500
v 6.000000 5.000000 6.187500
f 6813 6814 6815
v 6.000000 5.000000 6.000000
f 6813 6815 6816
v 6.187500 4.000000 6.000000
v 6.187500 5.000000 6.000000
f 6805 6817 6818
f 6805 6818 6808
f 6814 6813 6817
f 6814 6817 6805
f 6816 6815 6808
f 6816 6808 6818
f 6817 6813 6816
f 6817 6816 6818
f 6814 6805 6808
f 6814 6808 6815
v 6.000000 4.000000 6.812500
v 6.000000 4.000000 7.000000
v 6.000000 5.000000 7.000000
f 6819 6820 6821
v 6.000000 5.000000 6.812500
f 6819 6821 6822
v 6.187500 4.000000 7.000000
f 6823 6806 6807
v 6.187500 5.000000 7.000000
f 6823 6807 6824
f 6820 6819 6806
f 6820 6806 6823
f 6822 6821 6824
f 6822 6824 6807
f 6806 6819 6822
f 6806 6822 6807
f 6820 6823 6824
f 6820 6824 6821
v 6.812500 4.000000 6.000000
f 6825 6810 6811
v 6.812500 5.000000 6.000000
f 6825 6811 6826
v 7.000000 4.000000 6.187500
v 7.000000 4.000000 6.000000
v 7.000000 5.000000 6.000000
f 6827 6828 6829
v 7.000000 5.000000 6.187500
f 6827 6829 6830
f 6810 6825 6828
f 6810 6828 6827
f 6826 6811 6830
f 6826 6830 6829
f 6828 6825 6826
f 6828 6826 6829
f 6810 6827 6830
f 6810 6830 6811
v 6.812500 4.000000 7.000000
v 6.812500 5.000000 7.000000
f 6809 6831 6832
f 6809 6832 6812
v 7.000000 4.000000 7.000000
v 7.000000 4.000000 6.812500
v 7.000000 5.000000 6.812500
f 6833 6834 6835
v 7.000000 5.000000 7.000000
f 6833 6835 6836
f 6831 6809 6834
f 6831 6834 6833
f 6812 6832 6836
f 6812 6836 6835
f 6834 6809 6812
f 6834 6812 6835
f 6831 6833 6836
f 6831 6836 6832
usemtl edge
v 6.250000 4.000000 6.062500
v 6.250000 4.000000 6.187500
v 6.250000 5.000000 6.187500
f 6837 6838 6839
v 6.250000 5.000000 6.062500
f 6837 6839 6840
v 6.750000 4.000000 6.187500
v 6.750000 4.000000 6.062500
v 6.750000 5.000000 6.062500
f 6841 6842 6843
v 6.750000 5.000000 6.187500
f 6841 6843 6844
f 6838 6837 6842
f 6838 6842 6841
f 6840 6839 6844
f 6840 6844 6843
f 6842 6837 6840
f 6842 6840 6843
f 6838 6841 6844
f 6838 6844 6839
v 6.250000 4.000000 6.812500
v 6.250000 4.000000 6.937500
v 6.250000 5.000000 6.937500
f 6845 6846 6847
v 6.250000 5.000000 6.812500
f 6845 6847 6848
v 6.750000 4.000000 6.937500
v 6.750000 4.000000 6.812500
v 6.750000 5.000000 6.812500
f 6849 6850 6851
v 6.750000 5.000000 6.937500
f 6849 6851 6852
f 6846 6845 6850
f 6846 6850 6849
f 6848 6847 6852
f 6848 6852 6851
f 6850 6845 6848
f 6850 6848 6851
f 6846 6849 6852
f 6846 6852 6847
v 6.062500 4.000000 6.250000
v 6.062500 4.000000 6.750000
v 6.062500 5.000000 6.750000
f 6853 6854 6855
v 6.062500 5.000000 6.250000
f 6853 6855 6856
v 6.187500 4.000000 6.750000
v 6.187500 4.000000 6.250000
v 6.187500 5.000000 6.250000
f 6857 6858 6859
v 6.187500 5.000000 6.750000
f 6857 6859 6860
f 6854 6853 6858
f 6854 6858 6857
f 6856 6855 6860
f 6856 6860 6859
f 6858 6853 6856
f 6858 6856 6859
f 6854 6857 6860
f 6854 6860 6855
v 6.812500 4.000000 6.250000
v 6.812500 4.000000 6.750000
v 6.812500 5.000000 6.750000
f 6861 6862 6863
v 6.812500 5.000000 6.250000
f 6861 6863 6864
v 6.937500 4.000000 6.750000
v 6.937500 4.000000 6.250000
v 6.937500 5.000000 6.250000
f 6865 6866 6867
v 6.937500 5.000000 6.750000
f 6865 6867 6868
f 6862 6861 6866
f 6862 6866 6865
f 6864 6863 6868
f 6864 6868 6867
f 6866 6861 6864
f 6866 6864 6867
f 6862 6865 6868
f 6862 6868 6863
o frame_6_5_0
usemtl armor
v 6.187500 5.000000 0.187500
v 6.187500 5.000000 0.812500
v 6.187500 6.000000 0.812500
f 6869 6870 6871
v 6.187500 6.000000 0.187500
f 6869 6871 6872
v 6.812500 5.000000 0.812500
v 6.812500 5.000000 0.187500
v 6.812500 6.000000 0.187500
f 6873 6874 6875
v 6.812500 6.000000 0.812500
f 6873 6875 6876
f 6870 6869 6874
f 6870 6874 6873
f 6872 6871 6876
f 6872 6876 6875
f 6874 6869 6872
f 6874 6872 6875
f 6870 6873 6876
f 6870 6876 6871
usemtl steel
v 6.000000 5.000000 0.000000
v 6.000000 5.000000 0.187500
v 6.000000 6.000000 0.187500
f 6877 6878 6879
v 6.000000 6.000000 0.000000
f 6877 6879 6880
v 6.187500 5.000000 0.000000
v 6.187500 6.000000 0.000000
f 6869 6881 6882
f 6869 6882 6872
f 6878 6877 6881
f 6878 6881 6869
f 6880 6879 6872
f 6880 6872 6882
f 6881 6877 6880
f 6881 6880 6882
f 6878 6869 6872
f 6878 6872 6879
v 6.000000 5.000000 0.812500
v 6.000000 5.000000 1.000000
v 6.000000 6.000000 1.000000
f 6883 6884 6885
v 6.000000 6.000000 0.812500
f 6883 6885 6886
v 6.187500 5.000000 1.000000
f 6887 6870 6871
v 6.187500 6.000000 1.000000
f 6887 6871 6888
f 6884 6883 6870
f 6884 6870 6887
f 6886 6885 6888
f 6886 6888 6871
f 6870 6883 6886
f 6870 6886 6871
f 6884 6887 6888
f 6884 6888 6885
v 6.812500 5.000000 0.000000
f 6889 6874 6875
v 6.812500 6.000000 0.000000
f 6889 6875 6890
v 7.000000 5.000000 0.187500
v 7.000000 5.000000 0.000000
v 7.000000 6.000000 0.000000
f 6891 6892 6893
v 7.000000 6.000000 0.187500
f 6891 6893 6894
f 6874 6889 6892
f 6874 6892 6891
f 6890 6875 6894
f 6890 6894 6893
f 6892 6889 6890
f 6892 6890 6893
f 6874 6891 6894
f 6874 6894 6875
v 6.812500 5.000000 1.000000
v 6.812500 6.000000 1.000000
f 6873 6895 6896
f 6873 6896 6876
v 7.000000 5.000000 1.000000
v 7.000000 5.000000 0.812500
v 7.000000 6.000000 0.812500
f 6897 6898 6899
v 7.000000 6.000000 1.000000
f 6897 6899 6900
f 6895 6873 6898
f 6895 6898 6897
f 6876 6896 6900
f 6876 6900 6899
f 6898 6873 6876
f 6898 6876 6899
f 6895 6897 6900
f 6895 6900 6896
usemtl edge
v 6.250000 5.000000 0.062500
v 6.250000 5.000000 0.187500
v 6.250000 6.000000 0.187500
f 6901 6902 6903
v 6.250000 6.000000 0.062500
f 6901 6903 6904
v 6.750000 5.000000 0.187500
v 6.750000 5.000000 0.062500
v 6.750000 6.000000 0.062500
f 6905 6906 6907
v 6.750000 6.000000 0.187500
f 6905 6907 6908
f 6902 6901 6906
f 6902 6906 6905
f 6904 6903 6908
f 6904 6908 6907
f 6906 6901 6904
f 6906 6904 6907
f 6902 6905 6908
f 6902 6908 6903
v 6.250000 5.000000 0.812500
v 6.250000 5.000000 0.937500
v 6.250000 6.000000 0.937500
f 6909 6910 6911
v 6.250000 6.000000 0.812500
f 6909 6911 6912
v 6.750000 5.000000 0.937500
v 6.750000 5.000000 0.812500
v 6.750000 6.000000 0.812500
f 6913 6914 6915
v 6.750000 6.000000 0.937500
f 6913 6915 6916
f 6910 6909 6914
f 6910 6914 6913
f 6912 6911 6916
f 6912 6916 6915
f 6914 6909 6912
f 6914 6912 6915
f 6910 6913 6916
f 6910 6916 6911
v 6.062500 5.000000 0.250000
v 6.062500 5.000000 0.750000
v 6.062500 6.000000 0.750000
f 6917 6918 6919
v 6.062500 6.000000 0.250000
f 6917 6919 6920
v 6.187500 5.000000 0.750000
v 6.187500 5.000000 0.250000
v 6.187500 6.000000 0.250000
f 6921 6922 6923
v 6.187500 6.000000 0.750000
f 6921 6923 6924
f 6918 6917 6922
f 6918 6922 6921
f 6920 6919 6924
f 6920 6924 6923
f 6922 6917 6920
f 6922 6920 6923
f 6918 6921 6924
f 6918 6924 6919
v 6.812500 5.000000 0.250000
v 6.812500 5.000000 0.750000
v 6.812500 6.000000 0.750000
f 6925 6926 6927
v 6.812500 6.000000 0.250000
f 6925 6927 6928
v 6.937500 5.000000 0.750000
v 6.937500 5.000000 0.250000
v 6.937500 6.000000 0.250000
f 6929 6930 6931
v 6.937500 6.000000 0.750000
f 6929 6931 6932
f 6926 6925 6930
f 6926 6930 6929
f 6928 6927 6932
f 6928 6932 6931
f 6930 6925 6928
f 6930 6928 6931
f 6926 6929 6932
f 6926 6932 6927
o frame_6_5_6
usemtl armor
v 6.187500 5.000000 6.187500
v 6.187500 5.000000 6.812500
v 6.187500 6.000000 6.812500
f 6933 6934 6935
v 6.187500 6.000000 6.187500
f 6933 6935 6936
v 6.812500 5.000000 6.812500
v 6.812500 5.000000 6.187500
v 6.812500 6.000000 6.187500
f 6937 6938 6939
v 6.812500 6.000000 6.812500
f 6937 6939 6940
f 6934 6933 6938
f 6934 6938 6937
f 6936 6935 6940
f 6936 6940 6939
f 6938 6933 6936
f 6938 6936 6939
f 6934 6937 6940
f 6934 6940 6935
usemtl steel
v 6.000000 5.000000 6.000000
v 6.000000 5.000000 6.187500
v 6.000000 6.000000 6.187500
f 6941 6942 6943
v 6.000000 6.000000 6.000000
f 6941 6943 6944
v 6.187500 5.000000 6.000000
v 6.187500 6.000000 6.000000
f 6933 6945 6946
f 6933 6946 6936
f 6942 6941 6945
f 6942 6945 6933
f 6944 6943 6936
f 6944 6936 6946
f 6945 6941 6944
f 6945 6944 6946
f 6942 6933 6936
f 6942 6936 6943
v 6.000000 5.000000 6.812500
v 6.000000 5.000000 7.000000
v 6.000000 6.000000 7.000000
f 6947 6948 6949
v 6.000000 6.000000 6.812500
f 6947 6949 6950
v 6.187500 5.000000 7.000000
f 6951 6934 6935
v 6.187500 6.000000 7.000000
f 6951 6935 6952
f 6948 6947 6934
f 6948 6934 6951
f 6950 6949 6952
f 6950 6952 6935
f 6934 6947 6950
f 6934 6950 6935
f 6948 6951 6952
f 6948 6952 6949
v 6.812500 5.000000 6.000000
f 6953 6938 6939
v 6.812500 6.000000 6.000000
f 6953 6939 6954
v 7.000000 5.000000 6.187500
v 7.000000 5.000000 6.000000
v 7.000000 6.000000 6.000000
f 6955 6956 6957
v 7.000000 6.000000 6.187500
f 6955 6957 6958
f 6938 6953 6956
f 6938 6956 6955
f 6954 6939 6958
f 6954 6958 6957
f 6956 6953 6954
f 6956 6954 6957
f 6938 6955 6958
f 6938 6958 6939
v 6.812500 5.000000 7.000000
v 6.812500 6.000000 7.000000
f 6937 6959 6960
f 6937 6960 6940
v 7.000000 5.000000 7.000000
v 7.000000 5.000000 6.812500
v 7.000000 6.000000 6.812500
f 6961 6962 6963
v 7.000000 6.000000 7.000000
f 6961 6963 6964
f 6959 6937 6962
f 6959 6962 6961
f 6940 6960 6964
f 6940 6964 6963
f 6962 6937 6940
f 6962 6940 6963
f 6959 6961 6964
f 6959 6964 6960
usemtl edge
v 6.250000 5.000000 6.062500
v 6.250000 5.000000 6.187500
v 6.250000 6.000000 6.187500
f 6965 6966 6967
v 6.250000 6.000000 6.062500
f 6965 6967 6968
v 6.750000 5.000000 6.187500
v 6.750000 5.000000 6.062500
v 6.750000 6.000000 6.062500
f 6969 6970 6971
v 6.750000 6.000000 6.187500
f 6969 6971 6972
f 6966 6965 6970
f 6966 6970 6969
f 6968 6967 6972
f 6968 6972 6971
f 6970 6965 6968
f 6970 6968 6971
f 6966 6969 6972
f 6966 6972 6967
v 6.250000 5.000000 6.812500
v 6.250000 5.000000 6.937500
v 6.250000 6.000000 6.937500
f 6973 6974 6975
v 6.250000 6.000000 6.812500
f 6973 6975 6976
v 6.750000 5.000000 6.937500
v 6.750000 5.000000 6.812500
v 6.750000 6.000000 6.812500
f 6977 6978 6979
v 6.750000 6.000000 6.937500
f 6977 6979 6980
f 6974 6973 6978
f 6974 6978 6977
f 6976 6975 6980
f 6976 6980 6979
f 6978 6973 6976
f 6978 6976 6979
f 6974 6977 6980
f 6974 6980 6975
v 6.062500 5.000000 6.250000
v 6.062500 5.000000 6.750000
v 6.062500 6.000000 6.750000
f 6981 6982 6983
v 6.062500 6.000000 6.250000
f 6981 6983 6984
v 6.187500 5.000000 6.750000
v 6.187500 5.000000 6.250000
v 6.187500 6.000000 6.250000
f 6985 6986 6987
v 6.187500 6.000000 6.750000
f 6985 6987 6988
f 6982 6981 6986
f 6982 6986 6985
f 6984 6983 6988
f 6984 6988 6987
f 6986 6981 6984
f 6986 6984 6987
f 6982 6985 6988
f 6982 6988 6983
v 6.812500 5.000000 6.250000
v 6.812500 5.000000 6.750000
v 6.812500 6.000000 6.750000
f 6989 6990 6991
v 6.812500 6.000000 6.250000
f 6989 6991 6992
v 6.937500 5.000000 6.750000
v 6.937500 5.000000 6.250000
v 6.937500 6.000000 6.250000
f 6993 6994 6995
v 6.937500 6.000000 6.750000
f 6993 6995 6996
f 6990 6989 6994
f 6990 6994 6993
f 6992 6991 6996
f 6992 6996 6995
f 6994 6989 6992
f 6994 6992 6995
f 6990 6993 6996
f 6990 6996 6991
o joint_6_6_0
usemtl graphite
v 6.125000 6.125000 0.125000
v 6.125000 6.125000 0.875000
v 6.125000 6.875000 0.875000
f 6997 6998 6999
v 6.125000 6.875000 0.125000
f 6997 6999 7000
v 6.875000 6.125000 0.875000
v 6.875000 6.125000 0.125000
v 6.875000 6.875000 0.125000
f 7001 7002 7003
v 6.875000 6.875000 0.875000
f 7001 7003 7004
f 6998 6997 7002
f 6998 7002 7001
f 7000 6999 7004
f 7000 7004 7003
f 7002 6997 7000
f 7002 7000 7003
f 6998 7001 7004
f 6998 7004 6999
usemtl armor
v 6.000000 6.125000 0.687500
v 6.000000 6.125000 0.875000
v 6.000000 6.875000 0.875000
f 7005 7006 7007
v 6.000000 6.875000 0.687500
f 7005 7007 7008
v 6.125000 6.125000 0.687500
v 6.125000 6.875000 0.687500
f 6998 7009 7010
f 6998 7010 6999
f 7006 7005 7009
f 7006 7009 6998
f 7008 7007 6999
f 7008 6999 7010
f 7009 7005 7008
f 7009 7008 7010
f 7006 6998 6999
f 7006 6999 7007
v 6.000000 6.125000 0.125000
v 6.000000 6.125000 0.312500
v 6.000000 6.875000 0.312500
f 7011 7012 7013
v 6.000000 6.875000 0.125000
f 7011 7013 7014
v 6.125000 6.125000 0.312500
f 7015 6997 7000
v 6.125000 6.875000 0.312500
f 7015 7000 7016
f 7012 7011 6997
f 7012 6997 7015
f 7014 7013 7016
f 7014 7016 7000
f 6997 7011 7014
f 6997 7014 7000
f 7012 7015 7016
f 7012 7016 7013
v 6.000000 6.312500 0.687500
f 7012 7005 7017
v 6.000000 6.312500 0.312500
f 7012 7017 7018
v 6.125000 6.312500 0.312500
f 7009 7015 7019
v 6.125000 6.312500 0.687500
f 7009 7019 7020
f 7005 7012 7015
f 7005 7015 7009
f 7018 7017 7020
f 7018 7020 7019
f 7015 7012 7018
f 7015 7018 7019
f 7005 7009 7020
f 7005 7020 7017
v 6.000000 6.687500 0.312500
v 6.000000 6.687500 0.687500
f 7021 7022 7008
f 7021 7008 7013
v 6.125000 6.687500 0.687500
v 6.125000 6.687500 0.312500
f 7023 7024 7016
f 7023 7016 7010
f 7022 7021 7024
f 7022 7024 7023
f 7013 7008 7010
f 7013 7010 7016
f 7024 7021 7013
f 7024 7013 7016
f 7022 7023 7010
f 7022 7010 7008
usemtl recess
v 6.093750 6.312500 0.312500
v 6.093750 6.312500 0.687500
v 6.093750 6.687500 0.687500
f 7025 7026 7027
v 6.093750 6.687500 0.312500
f 7025 7027 7028
f 7020 7019 7024
f 7020 7024 7023
f 7026 7025 7019
f 7026 7019 7020
f 7028 7027 7023
f 7028 7023 7024
f 7019 7025 7028
f 7019 7028 7024
f 7026 7020 7023
f 7026 7023 7027
usemtl armor
v 6.875000 6.125000 0.312500
v 6.875000 6.875000 0.312500
f 7002 7029 7030
f 7002 7030 7003
v 7.000000 6.125000 0.312500
v 7.000000 6.125000 0.125000
v 7.000000 6.875000 0.125000
f 7031 7032 7033
v 7.000000 6.875000 0.312500
f 7031 7033 7034
f 7029 7002 7032
f 7029 7032 7031
f 7003 7030 7034
f 7003 7034 7033
f 7032 7002 7003
f 7032 7003 7033
f 7029 7031 7034
f 7029 7034 7030
v 6.875000 6.125000 0.687500
f 7035 7001 7004
v 6.875000 6.875000 0.687500
f 7035 7004 7036
v 7.000000 6.125000 0.875000
v 7.000000 6.125000 0.687500
v 7.000000 6.875000 0.687500
f 7037 7038 7039
v 7.000000 6.875000 0.875000
f 7037 7039 7040
f 7001 7035 7038
f 7001 7038 7037
f 7036 7004 7040
f 7036 7040 7039
f 7038 7035 7036
f 7038 7036 7039
f 7001 7037 7040
f 7001 7040 7004
v 6.875000 6.312500 0.687500
f 7029 7035 7041
v 6.875000 6.312500 0.312500
f 7029 7041 7042
v 7.000000 6.312500 0.312500
f 7038 7031 7043
v 7.000000 6.312500 0.687500
f 7038 7043 7044
f 7035 7029 7031
f 7035 7031 7038
f 7042 7041 7044
f 7042 7044 7043
f 7031 7029 7042
f 7031 7042 7043
f 7035 7038 7044
f 7035 7044 7041
v 6.875000 6.687500 0.312500
v 6.875000 6.687500 0.687500
f 7045 7046 7036
f 7045 7036 7030
v 7.000000 6.687500 0.687500
v 7.000000 6.687500 0.312500
f 7047 7048 7034
f 7047 7034 7039
f 7046 7045 7048
f 7046 7048 7047
f 7030 7036 7039
f 7030 7039 7034
f 7048 7045 7030
f 7048 7030 7034
f 7046 7047 7039
f 7046 7039 7036
usemtl recess
f 7042 7041 7046
f 7042 7046 7045
v 6.906250 6.312500 0.687500
v 6.906250 6.312500 0.312500
v 6.906250 6.687500 0.312500
f 7049 7050 7051
v 6.906250 6.687500 0.687500
f 7049 7051 7052
f 7041 7042 7050
f 7041 7050 7049
f 7045 7046 7052
f 7045 7052 7051
f 7050 7042 7045
f 7050 7045 7051
f 7041 7049 7052
f 7041 7052 7046
usemtl armor
v 6.125000 6.000000 0.125000
v 6.125000 6.000000 0.875000
f 7053 7054 6998
f 7053 6998 6997
v 6.312500 6.000000 0.875000
v 6.312500 6.000000 0.125000
v 6.312500 6.125000 0.125000
f 7055 7056 7057
v 6.312500 6.125000 0.875000
f 7055 7057 7058
f 7054 7053 7056
f 7054 7056 7055
f 6997 6998 7058
f 6997 7058 7057
f 7056 7053 6997
f 7056 6997 7057
f 7054 7055 7058
f 7054 7058 6998
v 6.687500 6.000000 0.125000
v 6.687500 6.000000 0.875000
v 6.687500 6.125000 0.875000
f 7059 7060 7061
v 6.687500 6.125000 0.125000
f 7059 7061 7062
v 6.875000 6.000000 0.875000
v 6.875000 6.000000 0.125000
f 7063 7064 7002
f 7063 7002 7001
f 7060 7059 7064
f 7060 7064 7063
f 7062 7061 7001
f 7062 7001 7002
f 7064 7059 7062
f 7064 7062 7002
f 7060 7063 7001
f 7060 7001 7061
v 6.312500 6.000000 0.687500
f 7065 7055 7058
v 6.312500 6.125000 0.687500
f 7065 7058 7066
v 6.687500 6.000000 0.687500
v 6.687500 6.125000 0.687500
f 7060 7067 7068
f 7060 7068 7061
f 7055 7065 7067
f 7055 7067 7060
f 7066 7058 7061
f 7066 7061 7068
f 7067 7065 7066
f 7067 7066 7068
f 7055 7060 7061
f 7055 7061 7058
v 6.312500 6.000000 0.312500
v 6.312500 6.125000 0.312500
f 7056 7069 7070
f 7056 7070 7057
v 6.687500 6.000000 0.312500
f 7071 7059 7062
v 6.687500 6.125000 0.312500
f 7071 7062 7072
f 7069 7056 7059
f 7069 7059 7071
f 7057 7070 7072
f 7057 7072 7062
f 7059 7056 7057
f 7059 7057 7062
f 7069 7071 7072
f 7069 7072 7070
usemtl recess
v 6.312500 6.093750 0.312500
v 6.312500 6.093750 0.687500
f 7073 7074 7066
f 7073 7066 7070
v 6.687500 6.093750 0.687500
v 6.687500 6.093750 0.312500
f 7075 7076 7072
f 7075 7072 7068
f 7074 7073 7076
f 7074 7076 7075
f 7070 7066 7068
f 7070 7068 7072
f 7076 7073 7070
f 7076 7070 7072
f 7074 7075 7068
f 7074 7068 7066
usemtl armor
v 6.125000 7.000000 0.875000
f 7000 6999 7077
v 6.125000 7.000000 0.125000
f 7000 7077 7078
v 6.312500 6.875000 0.875000
v 6.312500 6.875000 0.125000
v 6.312500 7.000000 0.125000
f 7079 7080 7081
v 6.312500 7.000000 0.875000
f 7079 7081 7082
f 6999 7000 7080
f 6999 7080 7079
f 7078 7077 7082
f 7078 7082 7081
f 7080 7000 7078
f 7080 7078 7081
f 6999 7079 7082
f 6999 7082 7077
v 6.687500 6.875000 0.125000
v 6.687500 6.875000 0.875000
v 6.687500 7.000000 0.875000
f 7083 7084 7085
v 6.687500 7.000000 0.125000
f 7083 7085 7086
v 6.875000 7.000000 0.125000
f 7004 7003 7087
v 6.875000 7.000000 0.875000
f 7004 7087 7088
f 7084 7083 7003
f 7084 7003 7004
f 7086 7085 7088
f 7086 7088 7087
f 7003 7083 7086
f 7003 7086 7087
f 7084 7004 7088
f 7084 7088 7085
v 6.312500 6.875000 0.312500
v 6.312500 7.000000 0.312500
f 7080 7089 7090
f 7080 7090 7081
v 6.687500 6.875000 0.312500
f 7091 7083 7086
v 6.687500 7.000000 0.312500
f 7091 7086 7092
f 7089 7080 7083
f 7089 7083 7091
f 7081 7090 7092
f 7081 7092 7086
f 7083 7080 7081
f 7083 7081 7086
f 7089 7091 7092
f 7089 7092 7090
v 6.312500 6.875000 0.687500
f 7093 7079 7082
v 6.312500 7.000000 0.687500
f 7093 7082 7094
v 6.687500 6.875000 0.687500
v 6.687500 7.000000 0.687500
f 7084 7095 7096
f 7084 7096 7085
f 7079 7093 7095
f 7079 7095 7084
f 7094 7082 7085
f 7094 7085 7096
f 7095 7093 7094
f 7095 7094 7096
f 7079 7084 7085
f 7079 7085 7082
usemtl recess
v 6.312500 6.906250 0.687500
f 7089 7093 7097
v 6.312500 6.906250 0.312500
f 7089 7097 7098
v 6.687500 6.906250 0.312500
f 7095 7091 7099
v 6.687500 6.906250 0.687500
f 7095 7099 7100
f 7093 7089 7091
f 7093 7091 7095
f 7098 7097 7100
f 7098 7100 7099
f 7091 7089 7098
f 7091 7098 7099
f 7093 7095 7100
f 7093 7100 7097
usemtl armor
v 6.125000 6.125000 0.000000
f 7101 6997 7000
v 6.125000 6.875000 0.000000
f 7101 7000 7102
v 6.312500 6.125000 0.000000
v 6.312500 6.875000 0.000000
f 7057 7103 7104
f 7057 7104 7080
f 6997 7101 7103
f 6997 7103 7057
f 7102 7000 7080
f 7102 7080 7104
f 7103 7101 7102
f 7103 7102 7104
f 6997 7057 7080
f 6997 7080 7000
v 6.687500 6.125000 0.000000
f 7105 7062 7083
v 6.687500 6.875000 0.000000
f 7105 7083 7106
v 6.875000 6.125000 0.000000
v 6.875000 6.875000 0.000000
f 7002 7107 7108
f 7002 7108 7003
f 7062 7105 7107
f 7062 7107 7002
f 7106 7083 7003
f 7106 7003 7108
f 7107 7105 7106
f 7107 7106 7108
f 7062 7002 7003
f 7062 7003 7083
v 6.312500 6.312500 0.125000
f 7103 7057 7109
v 6.312500 6.312500 0.000000
f 7103 7109 7110
v 6.687500 6.312500 0.000000
f 7062 7105 7111
v 6.687500 6.312500 0.125000
f 7062 7111 7112
f 7057 7103 7105
f 7057 7105 7062
f 7110 7109 7112
f 7110 7112 7111
f 7105 7103 7110
f 7105 7110 7111
f 7057 7062 7112
f 7057 7112 7109
v 6.312500 6.687500 0.000000
v 6.312500 6.687500 0.125000
f 7113 7114 7080
f 7113 7080 7104
v 6.687500 6.687500 0.125000
v 6.687500 6.687500 0.000000
f 7115 7116 7106
f 7115 7106 7083
f 7114 7113 7116
f 7114 7116 7115
f 7104 7080 7083
f 7104 7083 7106
f 7116 7113 7104
f 7116 7104 7106
f 7114 7115 7083
f 7114 7083 7080
usemtl recess
v 6.312500 6.312500 0.093750
f 7117 7109 7114
v 6.312500 6.687500 0.093750
f 7117 7114 7118
v 6.687500 6.312500 0.093750
v 6.687500 6.687500 0.093750
f 7112 7119 7120
f 7112 7120 7115
f 7109 7117 7119
f 7109 7119 7112
f 7118 7114 7115
f 7118 7115 7120
f 7119 7117 7118
f 7119 7118 7120
f 7109 7112 7115
f 7109 7115 7114
usemtl armor
v 6.687500 6.125000 1.000000
v 6.687500 6.875000 1.000000
f 7061 7121 7122
f 7061 7122 7084
v 6.875000 6.125000 1.000000
f 7123 7001 7004
v 6.875000 6.875000 1.000000
f 7123 7004 7124
f 7121 7061 7001
f 7121 7001 7123
f 7084 7122 7124
f 7084 7124 7004
f 7001 7061 7084
f 7001 7084 7004
f 7121 7123 7124
f 7121 7124 7122
v 6.125000 6.125000 1.000000
v 6.125000 6.875000 1.000000
f 6998 7125 7126
f 6998 7126 6999
v 6.312500 6.125000 1.000000
f 7127 7058 7079
v 6.312500 6.875000 1.000000
f 7127 7079 7128
f 7125 6998 7058
f 7125 7058 7127
f 6999 7126 7128
f 6999 7128 7079
f 7058 6998 6999
f 7058 6999 7079
f 7125 7127 7128
f 7125 7128 7126
v 6.312500 6.312500 1.000000
f 7058 7127 7129
v 6.312500 6.312500 0.875000
f 7058 7129 7130
v 6.687500 6.312500 0.875000
f 7121 7061 7131
v 6.687500 6.312500 1.000000
f 7121 7131 7132
f 7127 7058 7061
f 7127 7061 7121
f 7130 7129 7132
f 7130 7132 7131
f 7061 7058 7130
f 7061 7130 7131
f 7127 7121 7132
f 7127 7132 7129
v 6.312500 6.687500 0.875000
v 6.312500 6.687500 1.000000
f 7133 7134 7128
f 7133 7128 7079
v 6.687500 6.687500 1.000000
v 6.687500 6.687500 0.875000
f 7135 7136 7084
f 7135 7084 7122
f 7134 7133 7136
f 7134 7136 7135
f 7079 7128 7122
f 7079 7122 7084
f 7136 7133 7079
f 7136 7079 7084
f 7134 7135 7122
f 7134 7122 7128
usemtl recess
v 6.312500 6.312500 0.906250
v 6.312500 6.687500 0.906250
f 7130 7137 7138
f 7130 7138 7133
v 6.687500 6.312500 0.906250
f 7139 7131 7136
v 6.687500 6.687500 0.906250
f 7139 7136 7140
f 7137 7130 7131
f 7137 7131 7139
f 7133 7138 7140
f 7133 7140 7136
f 7131 7130 7133
f 7131 7133 7136
f 7137 7139 7140
f 7137 7140 7138
o frame_6_6_1
usemtl armor
v 6.187500 6.187500 1.000000
v 6.187500 6.187500 2.000000
v 6.187500 6.812500 2.000000
f 7141 7142 7143
v 6.187500 6.812500 1.000000
f 7141 7143 7144
v 6.812500 6.187500 2.000000
v 6.812500 6.187500 1.000000
v 6.812500 6.812500 1.000000
f 7145 7146 7147
v 6.812500 6.812500 2.000000
f 7145 7147 7148
f 7142 7141 7146
f 7142 7146 7145
f 7144 7143 7148
f 7144 7148 7147
f 7146 7141 7144
f 7146 7144 7147
f 7142 7145 7148
f 7142 7148 7143
usemtl steel
v 6.000000 6.812500 1.000000
v 6.000000 6.812500 2.000000
v 6.000000 7.000000 2.000000
f 7149 7150 7151
v 6.000000 7.000000 1.000000
f 7149 7151 7152
v 6.187500 7.000000 1.000000
f 7143 7144 7153
v 6.187500 7.000000 2.000000
f 7143 7153 7154
f 7150 7149 7144
f 7150 7144 7143
f 7152 7151 7154
f 7152 7154 7153
f 7144 7149 7152
f 7144 7152 7153
f 7150 7143 7154
f 7150 7154 7151
v 6.000000 6.000000 1.000000
v 6.000000 6.000000 2.000000
v 6.000000 6.187500 2.000000
f 7155 7156 7157
v 6.000000 6.187500 1.000000
f 7155 7157 7158
v 6.187500 6.000000 2.000000
v 6.187500 6.000000 1.000000
f 7159 7160 7141
f 7159 7141 7142
f 7156 7155 7160
f 7156 7160 7159
f 7158 7157 7142
f 7158 7142 7141
f 7160 7155 7158
f 7160 7158 7141
f 7156 7159 7142
f 7156 7142 7157
v 6.812500 7.000000 2.000000
f 7147 7148 7161
v 6.812500 7.000000 1.000000
f 7147 7161 7162
v 7.000000 6.812500 2.000000
v 7.000000 6.812500 1.000000
v 7.000000 7.000000 1.000000
f 7163 7164 7165
v 7.000000 7.000000 2.000000
f 7163 7165 7166
f 7148 7147 7164
f 7148 7164 7163
f 7162 7161 7166
f 7162 7166 7165
f 7164 7147 7162
f 7164 7162 7165
f 7148 7163 7166
f 7148 7166 7161
v 6.812500 6.000000 1.000000
v 6.812500 6.000000 2.000000
f 7167 7168 7145
f 7167 7145 7146
v 7.000000 6.000000 2.000000
v 7.000000 6.000000 1.000000
v 7.000000 6.187500 1.000000
f 7169 7170 7171
v 7.000000 6.187500 2.000000
f 7169 7171 7172
f 7168 7167 7170
f 7168 7170 7169
f 7146 7145 7172
f 7146 7172 7171
f 7170 7167 7146
f 7170 7146 7171
f 7168 7169 7172
f 7168 7172 7145
usemtl edge
v 6.250000 6.812500 1.000000
v 6.250000 6.812500 2.000000
v 6.250000 6.937500 2.000000
f 7173 7174 7175
v 6.250000 6.937500 1.000000
f 7173 7175 7176
v 6.750000 6.812500 2.000000
v 6.750000 6.812500 1.000000
v 6.750000 6.937500 1.000000
f 7177 7178 7179
v 6.750000 6.937500 2.000000
f 7177 7179 7180
f 7174 7173 7178
f 7174 7178 7177
f 7176 7175 7180
f 7176 7180 7179
f 7178 7173 7176
f 7178 7176 7179
f 7174 7177 7180
f 7174 7180 7175
v 6.250000 6.062500 1.000000
v 6.250000 6.062500 2.000000
v 6.250000 6.187500 2.000000
f 7181 7182 7183
v 6.250000 6.187500 1.000000
f 7181 7183 7184
v 6.750000 6.062500 2.000000
v 6.750000 6.062500 1.000000
v 6.750000 6.187500 1.000000
f 7185 7186 7187
v 6.750000 6.187500 2.000000
f 7185 7187 7188
f 7182 7181 7186
f 7182 7186 7185
f 7184 7183 7188
f 7184 7188 7187
f 7186 7181 7184
f 7186 7184 7187
f 7182 7185 7188
f 7182 7188 7183
v 6.062500 6.250000 1.000000
v 6.062500 6.250000 2.000000
v 6.062500 6.750000 2.000000
f 7189 7190 7191
v 6.062500 6.750000 1.000000
f 7189 7191 7192
v 6.187500 6.250000 2.000000
v 6.187500 6.250000 1.000000
v 6.187500 6.750000 1.000000
f 7193 7194 7195
v 6.187500 6.750000 2.000000
f 7193 7195 7196
f 7190 7189 7194
f 7190 7194 7193
f 7192 7191 7196
f 7192 7196 7195
f 7194 7189 7192
f 7194 7192 7195
f 7190 7193 7196
f 7190 7196 7191
v 6.812500 6.250000 1.000000
v 6.812500 6.250000 2.000000
v 6.812500 6.750000 2.000000
f 7197 7198 7199
v 6.812500 6.750000 1.000000
f 7197 7199 7200
v 6.937500 6.250000 2.000000
v 6.937500 6.250000 1.000000
v 6.937500 6.750000 1.000000
f 7201 7202 7203
v 6.937500 6.750000 2.000000
f 7201 7203 7204
f 7198 7197 7202
f 7198 7202 7201
f 7200 7199 7204
f 7200 7204 7203
f 7202 7197 7200
f 7202 7200 7203
f 7198 7201 7204
f 7198 7204 7199
o frame_6_6_2
usemtl armor
v 6.187500 6.187500 2.000000
v 6.187500 6.187500 3.000000
v 6.187500 6.812500 3.000000
f 7205 7206 7207
v 6.187500 6.812500 2.000000
f 7205 7207 7208
v 6.812500 6.187500 3.000000
v 6.812500 6.187500 2.000000
v 6.812500 6.812500 2.000000
f 7209 7210 7211
v 6.812500 6.812500 3.000000
f 7209 7211 7212
f 7206 7205 7210
f 7206 7210 7209
f 7208 7207 7212
f 7208 7212 7211
f 7210 7205 7208
f 7210 7208 7211
f 7206 7209 7212
f 7206 7212 7207
usemtl steel
v 6.000000 6.812500 2.000000
v 6.000000 6.812500 3.000000
v 6.000000 7.000000 3.000000
f 7213 7214 7215
v 6.000000 7.000000 2.000000
f 7213 7215 7216
v 6.187500 7.000000 2.000000
f 7207 7208 7217
v 6.187500 7.000000 3.000000
f 7207 7217 7218
f 7214 7213 7208
f 7214 7208 7207
f 7216 7215 7218
f 7216 7218 7217
f 7208 7213 7216
f 7208 7216 7217
f 7214 7207 7218
f 7214 7218 7215
v 6.000000 6.000000 2.000000
v 6.000000 6.000000 3.000000
v 6.000000 6.187500 3.000000
f 7219 7220 7221
v 6.000000 6.187500 2.000000
f 7219 7221 7222
v 6.187500 6.000000 3.000000
v 6.187500 6.000000 2.000000
f 7223 7224 7205
f 7223 7205 7206
f 7220 7219 7224
f 7220 7224 7223
f 7222 7221 7206
f 7222 7206 7205
f 7224 7219 7222
f 7224 7222 7205
f 7220 7223 7206
f 7220 7206 7221
v 6.812500 7.000000 3.000000
f 7211 7212 7225
v 6.812500 7.000000 2.000000
f 7211 7225 7226
v 7.000000 6.812500 3.000000
v 7.000000 6.812500 2.000000
v 7.000000 7.000000 2.000000
f 7227 7228 7229
v 7.000000 7.000000 3.000000
f 7227 7229 7230
f 7212 7211 7228
f 7212 7228 7227
f 7226 7225 7230
f 7226 7230 7229
f 7228 7211 7226
f 7228 7226 7229
f 7212 7227 7230
f 7212 7230 7225
v 6.812500 6.000000 2.000000
v 6.812500 6.000000 3.000000
f 7231 7232 7209
f 7231 7209 7210
v 7.000000 6.000000 3.000000
v 7.000000 6.000000 2.000000
v 7.000000 6.187500 2.000000
f 7233 7234 7235
v 7.000000 6.187500 3.000000
f 7233 7235 7236
f 7232 7231 7234
f 7232 7234 7233
f 7210 7209 7236
f 7210 7236 7235
f 7234 7231 7210
f 7234 7210 7235
f 7232 7233 7236
f 7232 7236 7209
usemtl edge
v 6.250000 6.812500 2.000000
v 6.250000 6.812500 3.000000
v 6.250000 6.937500 3.000000
f 7237 7238 7239
v 6.250000 6.937500 2.000000
f 7237 7239 7240
v 6.750000 6.812500 3.000000
v 6.750000 6.812500 2.000000
v 6.750000 6.937500 2.000000
f 7241 7242 7243
v 6.750000 6.937500 3.000000
f 7241 7243 7244
f 7238 7237 7242
f 7238 7242 7241
f 7240 7239 7244
f 7240 7244 7243
f 7242 7237 7240
f 7242 7240 7243
f 7238 7241 7244
f 7238 7244 7239
v 6.250000 6.062500 2.000000
v 6.250000 6.062500 3.000000
v 6.250000 6.187500 3.000000
f 7245 7246 7247
v 6.250000 6.187500 2.000000
f 7245 7247 7248
v 6.750000 6.062500 3.000000
v 6.750000 6.062500 2.000000
v 6.750000 6.187500 2.000000
f 7249 7250 7251
v 6.750000 6.187500 3.000000
f 7249 7251 7252
f 7246 7245 7250
f 7246 7250 7249
f 7248 7247 7252
f 7248 7252 7251
f 7250 7245 7248
f 7250 7248 7251
f 7246 7249 7252
f 7246 7252 7247
v 6.062500 6.250000 2.000000
v 6.062500 6.250000 3.000000
v 6.062500 6.750000 3.000000
f 7253 7254 7255
v 6.062500 6.750000 2.000000
f 7253 7255 7256
v 6.187500 6.250000 3.000000
v 6.187500 6.250000 2.000000
v 6.187500 6.750000 2.000000
f 7257 7258 7259
v 6.187500 6.750000 3.000000
f 7257 7259 7260
f 7254 7253 7258
f 7254 7258 7257
f 7256 7255 7260
f 7256 7260 7259
f 7258 7253 7256
f 7258 7256 7259
f 7254 7257 7260
f 7254 7260 7255
v 6.812500 6.250000 2.000000
v 6.812500 6.250000 3.000000
v 6.812500 6.750000 3.000000
f 7261 7262 7263
v 6.812500 6.750000 2.000000
f 7261 7263 7264
v 6.937500 6.250000 3.000000
v 6.937500 6.250000 2.000000
v 6.937500 6.750000 2.000000
f 7265 7266 7267
v 6.937500 6.750000 3.000000
f 7265 7267 7268
f 7262 7261 7266
f 7262 7266 7265
f 7264 7263 7268
f 7264 7268 7267
f 7266 7261 7264
f 7266 7264 7267
f 7262 7265 7268
f 7262 7268 7263
o frame_6_6_3
usemtl armor
v 6.187500 6.187500 3.000000
v 6.187500 6.187500 4.000000
v 6.187500 6.812500 4.000000
f 7269 7270 7271
v 6.187500 6.812500 3.000000
f 7269 7271 7272
v 6.812500 6.187500 4.000000
v 6.812500 6.187500 3.000000
v 6.812500 6.812500 3.000000
f 7273 7274 7275
v 6.812500 6.812500 4.000000
f 7273 7275 7276
f 7270 7269 7274
f 7270 7274 7273
f 7272 7271 7276
f 7272 7276 7275
f 7274 7269 7272
f 7274 7272 7275
f 7270 7273 7276
f 7270 7276 7271
usemtl steel
v 6.000000 6.812500 3.000000
v 6.000000 6.812500 4.000000
v 6.000000 7.000000 4.000000
f 7277 7278 7279
v 6.000000 7.000000 3.000000
f 7277 7279 7280
v 6.187500 7.000000 3.000000
f 7271 7272 7281
v 6.187500 7.000000 4.000000
f 7271 7281 7282
f 7278 7277 7272
f 7278 7272 7271
f 7280 7279 7282
f 7280 7282 7281
f 7272 7277 7280
f 7272 7280 7281
f 7278 7271 7282
f 7278 7282 7279
v 6.000000 6.000000 3.000000
v 6.000000 6.000000 4.000000
v 6.000000 6.187500 4.000000
f 7283 7284 7285
v 6.000000 6.187500 3.000000
f 7283 7285 7286
v 6.187500 6.000000 4.000000
v 6.187500 6.000000 3.000000
f 7287 7288 7269
f 7287 7269 7270
f 7284 7283 7288
f 7284 7288 7287
f 7286 7285 7270
f 7286 7270 7269
f 7288 7283 7286
f 7288 7286 7269
f 7284 7287 7270
f 7284 7270 7285
v 6.812500 7.000000 4.000000
f 7275 7276 7289
v 6.812500 7.000000 3.000000
f 7275 7289 7290
v 7.000000 6.812500 4.000000
v 7.000000 6.812500 3.000000
v 7.000000 7.000000 3.000000
f 7291 7292 7293
v 7.000000 7.000000 4.000000
f 7291 7293 7294
f 7276 7275 7292
f 7276 7292 7291
f 7290 7289 7294
f 7290 7294 7293
f 7292 7275 7290
f 7292 7290 7293
f 7276 7291 7294
f 7276 7294 7289
v 6.812500 6.000000 3.000000
v 6.812500 6.000000 4.000000
f 7295 7296 7273
f 7295 7273 7274
v 7.000000 6.000000 4.000000
v 7.000000 6.000000 3.000000
v 7.000000 6.187500 3.000000
f 7297 7298 7299
v 7.000000 6.187500 4.000000
f 7297 7299 7300
f 7296 7295 7298
f 7296 7298 7297
f 7274 7273 7300
f 7274 7300 7299
f 7298 7295 7274
f 7298 7274 7299
f 7296 7297 7300
f 7296 7300 7273
usemtl edge
v 6.250000 6.812500 3.000000
v 6.250000 6.812500 4.000000
v 6.250000 6.937500 4.000000
f 7301 7302 7303
v 6.250000 6.937500 3.000000
f 7301 7303 7304
v 6.750000 6.812500 4.000000
v 6.750000 6.812500 3.000000
v 6.750000 6.937500 3.000000
f 7305 7306 7307
v 6.750000 6.937500 4.000000
f 7305 7307 7308
f 7302 7301 7306
f 7302 7306 7305
f 7304 7303 7308
f 7304 7308 7307
f 7306 7301 7304
f 7306 7304 7307
f 7302 7305 7308
f 7302 7308 7303
v 6.250000 6.062500 3.000000
v 6.250000 6.062500 4.000000
v 6.250000 6.187500 4.000000
f 7309 7310 7311
v 6.250000 6.187500 3.000000
f 7309 7311 7312
v 6.750000 6.062500 4.000000
v 6.750000 6.062500 3.000000
v 6.750000 6.187500 3.000000
f 7313 7314 7315
v 6.750000 6.187500 4.000000
f 7313 7315 7316
f 7310 7309 7314
f 7310 7314 7313
f 7312 7311 7316
f 7312 7316 7315
f 7314 7309 7312
f 7314 7312 7315
f 7310 7313 7316
f 7310 7316 7311
v 6.062500 6.250000 3.000000
v 6.062500 6.250000 4.000000
v 6.062500 6.750000 4.000000
f 7317 7318 7319
v 6.062500 6.750000 3.000000
f 7317 7319 7320
v 6.187500 6.250000 4.000000
v 6.187500 6.250000 3.000000
v 6.187500 6.750000 3.000000
f 7321 7322 7323
v 6.187500 6.750000 4.000000
f 7321 7323 7324
f 7318 7317 7322
f 7318 7322 7321
f 7320 7319 7324
f 7320 7324 7323
f 7322 7317 7320
f 7322 7320 7323
f 7318 7321 7324
f 7318 7324 7319
v 6.812500 6.250000 3.000000
v 6.812500 6.250000 4.000000
v 6.812500 6.750000 4.000000
f 7325 7326 7327
v 6.812500 6.750000 3.000000
f 7325 7327 7328
v 6.937500 6.250000 4.000000
v 6.937500 6.250000 3.000000
v 6.937500 6.750000 3.000000
f 7329 7330 7331
v 6.937500 6.750000 4.000000
f 7329 7331 7332
f 7326 7325 7330
f 7326 7330 7329
f 7328 7327 7332
f 7328 7332 7331
f 7330 7325 7328
f 7330 7328 7331
f 7326 7329 7332
f 7326 7332 7327
o frame_6_6_4
usemtl armor
v 6.187500 6.187500 4.000000
v 6.187500 6.187500 5.000000
v 6.187500 6.812500 5.000000
f 7333 7334 7335
v 6.187500 6.812500 4.000000
f 7333 7335 7336
v 6.812500 6.187500 5.000000
v 6.812500 6.187500 4.000000
v 6.812500 6.812500 4.000000
f 7337 7338 7339
v 6.812500 6.812500 5.000000
f 7337 7339 7340
f 7334 7333 7338
f 7334 7338 7337
f 7336 7335 7340
f 7336 7340 7339
f 7338 7333 7336
f 7338 7336 7339
f 7334 7337 7340
f 7334 7340 7335
usemtl steel
v 6.000000 6.812500 4.000000
v 6.000000 6.812500 5.000000
v 6.000000 7.000000 5.000000
f 7341 7342 7343
v 6.000000 7.000000 4.000000
f 7341 7343 7344
v 6.187500 7.000000 4.000000
f 7335 7336 7345
v 6.187500 7.000000 5.000000
f 7335 7345 7346
f 7342 7341 7336
f 7342 7336 7335
f 7344 7343 7346
f 7344 7346 7345
f 7336 7341 7344
f 7336 7344 7345
f 7342 7335 7346
f 7342 7346 7343
v 6.000000 6.000000 4.000000
v 6.000000 6.000000 5.000000
v 6.000000 6.187500 5.000000
f 7347 7348 7349
v 6.000000 6.187500 4.000000
f 7347 7349 7350
v 6.187500 6.000000 5.000000
v 6.187500 6.000000 4.000000
f 7351 7352 7333
f 7351 7333 7334
f 7348 7347 7352
f 7348 7352 7351
f 7350 7349 7334
f 7350 7334 7333
f 7352 7347 7350
f 7352 7350 7333
f 7348 7351 7334
f 7348 7334 7349
v 6.812500 7.000000 5.000000
f 7339 7340 7353
v 6.812500 7.000000 4.000000
f 7339 7353 7354
v 7.000000 6.812500 5.000000
v 7.000000 6.812500 4.000000
v 7.000000 7.000000 4.000000
f 7355 7356 7357
v 7.000000 7.000000 5.000000
f 7355 7357 7358
f 7340 7339 7356
f 7340 7356 7355
f 7354 7353 7358
f 7354 7358 7357
f 7356 7339 7354
f 7356 7354 7357
f 7340 7355 7358
f 7340 7358 7353
v 6.812500 6.000000 4.000000
v 6.812500 6.000000 5.000000
f 7359 7360 7337
f 7359 7337 7338
v 7.000000 6.000000 5.000000
v 7.000000 6.000000 4.000000
v 7.000000 6.187500 4.000000
f 7361 7362 7363
v 7.000000 6.187500 5.000000
f 7361 7363 7364
f 7360 7359 7362
f 7360 7362 7361
f 7338 7337 7364
f 7338 7364 7363
f 7362 7359 7338
f 7362 7338 7363
f 7360 7361 7364
f 7360 7364 7337
usemtl edge
v 6.250000 6.812500 4.000000
v 6.250000 6.812500 5.000000
v 6.250000 6.937500 5.000000
f 7365 7366 7367
v 6.250000 6.937500 4.000000
f 7365 7367 7368
v 6.750000 6.812500 5.000000
v 6.750000 6.812500 4.000000
v 6.750000 6.937500 4.000000
f 7369 7370 7371
v 6.750000 6.937500 5.000000
f 7369 7371 7372
f 7366 7365 7370
f 7366 7370 7369
f 7368 7367 7372
f 7368 7372 7371
f 7370 7365 7368
f 7370 7368 7371
f 7366 7369 7372
f 7366 7372 7367
v 6.250000 6.062500 4.000000
v 6.250000 6.062500 5.000000
v 6.250000 6.187500 5.000000
f 7373 7374 7375
v 6.250000 6.187500 4.000000
f 7373 7375 7376
v 6.750000 6.062500 5.000000
v 6.750000 6.062500 4.000000
v 6.750000 6.187500 4.000000
f 7377 7378 7379
v 6.750000 6.187500 5.000000
f 7377 7379 7380
f 7374 7373 7378
f 7374 7378 7377
f 7376 7375 7380
f 7376 7380 7379
f 7378 7373 7376
f 7378 7376 7379
f 7374 7377 7380
f 7374 7380 7375
v 6.062500 6.250000 4.000000
v 6.062500 6.250000 5.000000
v 6.062500 6.750000 5.000000
f 7381 7382 7383
v 6.062500 6.750000 4.000000
f 7381 7383 7384
v 6.187500 6.250000 5.000000
v 6.187500 6.250000 4.000000
v 6.187500 6.750000 4.000000
f 7385 7386 7387
v 6.187500 6.750000 5.000000
f 7385 7387 7388
f 7382 7381 7386
f 7382 7386 7385
f 7384 7383 7388
f 7384 7388 7387
f 7386 7381 7384
f 7386 7384 7387
f 7382 7385 7388
f 7382 7388 7383
v 6.812500 6.250000 4.000000
v 6.812500 6.250000 5.000000
v 6.812500 6.750000 5.000000
f 7389 7390 7391
v 6.812500 6.750000 4.000000
f 7389 7391 7392
v 6.937500 6.250000 5.000000
v 6.937500 6.250000 4.000000
v 6.937500 6.750000 4.000000
f 7393 7394 7395
v 6.937500 6.750000 5.000000
f 7393 7395 7396
f 7390 7389 7394
f 7390 7394 7393
f 7392 7391 7396
f 7392 7396 7395
f 7394 7389 7392
f 7394 7392 7395
f 7390 7393 7396
f 7390 7396 7391
o frame_6_6_5
usemtl armor
v 6.187500 6.187500 5.000000
v 6.187500 6.187500 6.000000
v 6.187500 6.812500 6.000000
f 7397 7398 7399
v 6.187500 6.812500 5.000000
f 7397 7399 7400
v 6.812500 6.187500 6.000000
v 6.812500 6.187500 5.000000
v 6.812500 6.812500 5.000000
f 7401 7402 7403
v 6.812500 6.812500 6.000000
f 7401 7403 7404
f 7398 7397 7402
f 7398 7402 7401
f 7400 7399 7404
f 7400 7404 7403
f 7402 7397 7400
f 7402 7400 7403
f 7398 7401 7404
f 7398 7404 7399
usemtl steel
v 6.000000 6.812500 5.000000
v 6.000000 6.812500 6.000000
v 6.000000 7.000000 6.000000
f 7405 7406 7407
v 6.000000 7.000000 5.000000
f 7405 7407 7408
v 6.187500 7.000000 5.000000
f 7399 7400 7409
v 6.187500 7.000000 6.000000
f 7399 7409 7410
f 7406 7405 7400
f 7406 7400 7399
f 7408 7407 7410
f 7408 7410 7409
f 7400 7405 7408
f 7400 7408 7409
f 7406 7399 7410
f 7406 7410 7407
v 6.000000 6.000000 5.000000
v 6.000000 6.000000 6.000000
v 6.000000 6.187500 6.000000
f 7411 7412 7413
v 6.000000 6.187500 5.000000
f 7411 7413 7414
v 6.187500 6.000000 6.000000
v 6.187500 6.000000 5.000000
f 7415 7416 7397
f 7415 7397 7398
f 7412 7411 7416
f 7412 7416 7415
f 7414 7413 7398
f 7414 7398 7397
f 7416 7411 7414
f 7416 7414 7397
f 7412 7415 7398
f 7412 7398 7413
v 6.812500 7.000000 6.000000
f 7403 7404 7417
v 6.812500 7.000000 5.000000
f 7403 7417 7418
v 7.000000 6.812500 6.000000
v 7.000000 6.812500 5.000000
v 7.000000 7.000000 5.000000
f 7419 7420 7421
v 7.000000 7.000000 6.000000
f 7419 7421 7422
f 7404 7403 7420
f 7404 7420 7419
f 7418 7417 7422
f 7418 7422 7421
f 7420 7403 7418
f 7420 7418 7421
f 7404 7419 7422
f 7404 7422 7417
v 6.812500 6.000000 5.000000
v 6.812500 6.000000 6.000000
f 7423 7424 7401
f 7423 7401 7402
v 7.000000 6.000000 6.000000
v 7.000000 6.000000 5.000000
v 7.000000 6.187500 5.000000
f 7425 7426 7427
v 7.000000 6.187500 6.000000
f 7425 7427 7428
f 7424 7423 7426
f 7424 7426 7425
f 7402 7401 7428
f 7402 7428 7427
f 7426 7423 7402
f 7426 7402 7427
f 7424 7425 7428
f 7424 7428 7401
usemtl edge
v 6.250000 6.812500 5.000000
v 6.250000 6.812500 6.000000
v 6.250000 6.937500 6.000000
f 7429 7430 7431
v 6.250000 6.937500 5.000000
f 7429 7431 7432
v 6.750000 6.812500 6.000000
v 6.750000 6.812500 5.000000
v 6.750000 6.937500 5.000000
f 7433 7434 7435
v 6.750000 6.937500 6.000000
f 7433 7435 7436
f 7430 7429 7434
f 7430 7434 7433
f 7432 7431 7436
f 7432 7436 7435
f 7434 7429 7432
f 7434 7432 7435
f 7430 7433 7436
f 7430 7436 7431
v 6.250000 6.062500 5.000000
v 6.250000 6.062500 6.000000
v 6.250000 6.187500 6.000000
f 7437 7438 7439
v 6.250000 6.187500 5.000000
f 7437 7439 7440
v 6.750000 6.062500 6.000000
v 6.750000 6.062500 5.000000
v 6.750000 6.187500 5.000000
f 7441 7442 7443
v 6.750000 6.187500 6.000000
f 7441 7443 7444
f 7438 7437 7442
f 7438 7442 7441
f 7440 7439 7444
f 7440 7444 7443
f 7442 7437 7440
f 7442 7440 7443
f 7438 7441 7444
f 7438 7444 7439
v 6.062500 6.250000 5.000000
v 6.062500 6.250000 6.000000
v 6.062500 6.750000 6.000000
f 7445 7446 7447
v 6.062500 6.750000 5.000000
f 7445 7447 7448
v 6.187500 6.250000 6.000000
v 6.187500 6.250000 5.000000
v 6.187500 6.750000 5.000000
f 7449 7450 7451
v 6.187500 6.750000 6.000000
f 7449 7451 7452
f 7446 7445 7450
f 7446 7450 7449
f 7448 7447 7452
f 7448 7452 7451
f 7450 7445 7448
f 7450 7448 7451
f 7446 7449 7452
f 7446 7452 7447
v 6.812500 6.250000 5.000000
v 6.812500 6.250000 6.000000
v 6.812500 6.750000 6.000000
f 7453 7454 7455
v 6.812500 6.750000 5.000000
f 7453 7455 7456
v 6.937500 6.250000 6.000000
v 6.937500 6.250000 5.000000
v 6.937500 6.750000 5.000000
f 7457 7458 7459
v 6.937500 6.750000 6.000000
f 7457 7459 7460
f 7454 7453 7458
f 7454 7458 7457
f 7456 7455 7460
f 7456 7460 7459
f 7458 7453 7456
f 7458 7456 7459
f 7454 7457 7460
f 7454 7460 7455
o joint_6_6_6
usemtl graphite
v 6.125000 6.125000 6.125000
v 6.125000 6.125000 6.875000
v 6.125000 6.875000 6.875000
f 7461 7462 7463
v 6.125000 6.875000 6.125000
f 7461 7463 7464
v 6.875000 6.125000 6.875000
v 6.875000 6.125000 6.125000
v 6.875000 6.875000 6.125000
f 7465 7466 7467
v 6.875000 6.875000 6.875000
f 7465 7467 7468
f 7462 7461 7466
f 7462 7466 7465
f 7464 7463 7468
f 7464 7468 7467
f 7466 7461 7464
f 7466 7464 7467
f 7462 7465 7468
f 7462 7468 7463
usemtl armor
v 6.000000 6.125000 6.687500
v 6.000000 6.125000 6.875000
v 6.000000 6.875000 6.875000
f 7469 7470 7471
v 6.000000 6.875000 6.687500
f 7469 7471 7472
v 6.125000 6.125000 6.687500
v 6.125000 6.875000 6.687500
f 7462 7473 7474
f 7462 7474 7463
f 7470 7469 7473
f 7470 7473 7462
f 7472 7471 7463
f 7472 7463 7474
f 7473 7469 7472
f 7473 7472 7474
f 7470 7462 7463
f 7470 7463 7471
v 6.000000 6.125000 6.125000
v 6.000000 6.125000 6.312500
v 6.000000 6.875000 6.312500
f 7475 7476 7477
v 6.000000 6.875000 6.125000
f 7475 7477 7478
v 6.125000 6.125000 6.312500
f 7479 7461 7464
v 6.125000 6.875000 6.312500
f 7479 7464 7480
f 7476 7475 7461
f 7476 7461 7479
f 7478 7477 7480
f 7478 7480 7464
f 7461 7475 7478
f 7461 7478 7464
f 7476 7479 7480
f 7476 7480 7477
v 6.000000 6.312500 6.687500
f 7476 7469 7481
v 6.000000 6.312500 6.312500
f 7476 7481 7482
v 6.125000 6.312500 6.312500
f 7473 7479 7483
v 6.125000 6.312500 6.687500
f 7473 7483 7484
f 7469 7476 7479
f 7469 7479 7473
f 7482 7481 7484
f 7482 7484 7483
f 7479 7476 7482
f 7479 7482 7483
f 7469 7473 7484
f 7469 7484 7481
v 6.000000 6.687500 6.312500
v 6.000000 6.687500 6.687500
f 7485 7486 7472
f 7485 7472 7477
v 6.125000 6.687500 6.687500
v 6.125000 6.687500 6.312500
f 7487 7488 7480
f 7487 7480 7474
f 7486 7485 7488
f 7486 7488 7487
f 7477 7472 7474
f 7477 7474 7480
f 7488 7485 7477
f 7488 7477 7480
f 7486 7487 7474
f 7486 7474 7472
usemtl recess
v 6.093750 6.312500 6.312500
v 6.093750 6.312500 6.687500
v 6.093750 6.687500 6.687500
f 7489 7490 7491
v 6.093750 6.687500 6.312500
f 7489 7491 7492
f 7484 7483 7488
f 7484 7488 7487
f 7490 7489 7483
f 7490 7483 7484
f 7492 7491 7487
f 7492 7487 7488
f 7483 7489 7492
f 7483 7492 7488
f 7490 7484 7487
f 7490 7487 7491
usemtl armor
v 6.875000 6.125000 6.312500
v 6.875000 6.875000 6.312500
f 7466 7493 7494
f 7466 7494 7467
v 7.000000 6.125000 6.312500
v 7.000000 6.125000 6.125000
v 7.000000 6.875000 6.125000
f 7495 7496 7497
v 7.000000 6.875000 6.312500
f 7495 7497 7498
f 7493 7466 7496
f 7493 7496 7495
f 7467 7494 7498
f 7467 7498 7497
f 7496 7466 7467
f 7496 7467 7497
f 7493 7495 7498
f 7493 7498 7494
v 6.875000 6.125000 6.687500
f 7499 7465 7468
v 6.875000 6.875000 6.687500
f 7499 7468 7500
v 7.000000 6.125000 6.875000
v 7.000000 6.125000 6.687500
v 7.000000 6.875000 6.687500
f 7501 7502 7503
v 7.000000 6.875000 6.875000
f 7501 7503 7504
f 7465 7499 7502
f 7465 7502 7501
f 7500 7468 7504
f 7500 7504 7503
f 7502 7499 7500
f 7502 7500 7503
f 7465 7501 7504
f 7465 7504 7468
v 6.875000 6.312500 6.687500
f 7493 7499 7505
v 6.875000 6.312500 6.312500
f 7493 7505 7506
v 7.000000 6.312500 6.312500
f 7502 7495 7507
v 7.000000 6.312500 6.687500
f 7502 7507 7508
f 7499 7493 7495
f 7499 7495 7502
f 7506 7505 7508
f 7506 7508 7507
f 7495 7493 7506
f 7495 7506 7507
f 7499 7502 7508
f 7499 7508 7505
v 6.875000 6.687500 6.312500
v 6.875000 6.687500 6.687500
f 7509 7510 7500
f 7509 7500 7494
v 7.000000 6.687500 6.687500
v 7.000000 6.687500 6.312500
f 7511 7512 7498
f 7511 7498 7503
f 7510 7509 7512
f 7510 7512 7511
f 7494 7500 7503
f 7494 7503 7498
f 7512 7509 7494
f 7512 7494 7498
f 7510 7511 7503
f 7510 7503 7500
usemtl recess
f 7506 7505 7510
f 7506 7510 7509
v 6.906250 6.312500 6.687500
v 6.906250 6.312500 6.312500
v 6.906250 6.687500 6.312500
f 7513 7514 7515
v 6.906250 6.687500 6.687500
f 7513 7515 7516
f 7505 7506 7514
f 7505 7514 7513
f 7509 7510 7516
f 7509 7516 7515
f 7514 7506 7509
f 7514 7509 7515
f 7505 7513 7516
f 7505 7516 7510
usemtl armor
v 6.125000 6.000000 6.125000
v 6.125000 6.000000 6.875000
f 7517 7518 7462
f 7517 7462 7461
v 6.312500 6.000000 6.875000
v 6.312500 6.000000 6.125000
v 6.312500 6.125000 6.125000
f 7519 7520 7521
v 6.312500 6.125000 6.875000
f 7519 7521 7522
f 7518 7517 7520
f 7518 7520 7519
f 7461 7462 7522
f 7461 7522 7521
f 7520 7517 7461
f 7520 7461 7521
f 7518 7519 7522
f 7518 7522 7462
v 6.687500 6.000000 6.125000
v 6.687500 6.000000 6.875000
v 6.687500 6.125000 6.875000
f 7523 7524 7525
v 6.687500 6.125000 6.125000
f 7523 7525 7526
v 6.875000 6.000000 6.875000
v 6.875000 6.000000 6.125000
f 7527 7528 7466
f 7527 7466 7465
f 7524 7523 7528
f 7524 7528 7527
f 7526 7525 7465
f 7526 7465 7466
f 7528 7523 7526
f 7528 7526 7466
f 7524 7527 7465
f 7524 7465 7525
v 6.312500 6.000000 6.687500
f 7529 7519 7522
v 6.312500 6.125000 6.687500
f 7529 7522 7530
v 6.687500 6.000000 6.687500
v 6.687500 6.125000 6.687500
f 7524 7531 7532
f 7524 7532 7525
f 7519 7529 7531
f 7519 7531 7524
f 7530 7522 7525
f 7530 7525 7532
f 7531 7529 7530
f 7531 7530 7532
f 7519 7524 7525
f 7519 7525 7522
v 6.312500 6.000000 6.312500
v 6.312500 6.125000 6.312500
f 7520 7533 7534
f 7520 7534 7521
v 6.687500 6.000000 6.312500
f 7535 7523 7526
v 6.687500 6.125000 6.312500
f 7535 7526 7536
f 7533 7520 7523
f 7533 7523 7535
f 7521 7534 7536
f 7521 7536 7526
f 7523 7520 7521
f 7523 7521 7526
f 7533 7535 7536
f 7533 7536 7534
usemtl recess
v 6.312500 6.093750 6.312500
v 6.312500 6.093750 6.687500
f 7537 7538 7530
f 7537 7530 7534
v 6.687500 6.093750 6.687500
v 6.687500 6.093750 6.312500
f 7539 7540 7536
f 7539 7536 7532
f 7538 7537 7540
f 7538 7540 7539
f 7534 7530 7532
f 7534 7532 7536
f 7540 7537 7534
f 7540 7534 7536
f 7538 7539 7532
f 7538 7532 7530
usemtl armor
v 6.125000 7.000000 6.875000
f 7464 7463 7541
v 6.125000 7.000000 6.125000
f 7464 7541 7542
v 6.312500 6.875000 6.875000
v 6.312500 6.875000 6.125000
v 6.312500 7.000000 6.125000
f 7543 7544 7545
v 6.312500 7.000000 6.875000
f 7543 7545 7546
f 7463 7464 7544
f 7463 7544 7543
f 7542 7541 7546
f 7542 7546 7545
f 7544 7464 7542
f 7544 7542 7545
f 7463 7543 7546
f 7463 7546 7541
v 6.687500 6.875000 6.125000
v 6.687500 6.875000 6.875000
v 6.687500 7.000000 6.875000
f 7547 7548 7549
v 6.687500 7.000000 6.125000
f 7547 7549 7550
v 6.875000 7.000000 6.125000
f 7468 7467 7551
v 6.875000 7.000000 6.875000
f 7468 7551 7552
f 7548 7547 7467
f 7548 7467 7468
f 7550 7549 7552
f 7550 7552 7551
f 7467 7547 7550
f 7467 7550 7551
f 7548 7468 7552
f 7548 7552 7549
v 6.312500 6.875000 6.312500
v 6.312500 7.000000 6.312500
f 7544 7553 7554
f 7544 7554 7545
v 6.687500 6.875000 6.312500
f 7555 7547 7550
v 6.687500 7.000000 6.312500
f 7555 7550 7556
f 7553 7544 7547
f 7553 7547 7555
f 7545 7554 7556
f 7545 7556 7550
f 7547 7544 7545
f 7547 7545 7550
f 7553 7555 7556
f 7553 7556 7554
v 6.312500 6.875000 6.687500
f 7557 7543 7546
v 6.312500 7.000000 6.687500
f 7557 7546 7558
v 6.687500 6.875000 6.687500
v 6.687500 7.000000 6.687500
f 7548 7559 7560
f 7548 7560 7549
f 7543 7557 7559
f 7543 7559 7548
f 7558 7546 7549
f 7558 7549 7560
f 7559 7557 7558
f 7559 7558 7560
f 7543 7548 7549
f 7543 7549 7546
usemtl recess
v 6.312500 6.906250 6.687500
f 7553 7557 7561
v 6.312500 6.906250 6.312500
f 7553 7561 7562
v 6.687500 6.906250 6.312500
f 7559 7555 7563
v 6.687500 6.906250 6.687500
f 7559 7563 7564
f 7557 7553 7555
f 7557 7555 7559
f 7562 7561 7564
f 7562 7564 7563
f 7555 7553 7562
f 7555 7562 7563
f 7557 7559 7564
f 7557 7564 7561
usemtl armor
v 6.125000 6.125000 6.000000
f 7565 7461 7464
v 6.125000 6.875000 6.000000
f 7565 7464 7566
v 6.312500 6.125000 6.000000
v 6.312500 6.875000 6.000000
f 7521 7567 7568
f 7521 7568 7544
f 7461 7565 7567
f 7461 7567 7521
f 7566 7464 7544
f 7566 7544 7568
f 7567 7565 7566
f 7567 7566 7568
f 7461 7521 7544
f 7461 7544 7464
v 6.687500 6.125000 6.000000
f 7569 7526 7547
v 6.687500 6.875000 6.000000
f 7569 7547 7570
v 6.875000 6.125000 6.000000
v 6.875000 6.875000 6.000000
f 7466 7571 7572
f 7466 7572 7467
f 7526 7569 7571
f 7526 7571 7466
f 7570 7547 7467
f 7570 7467 7572
f 7571 7569 7570
f 7571 7570 7572
f 7526 7466 7467
f 7526 7467 7547
v 6.312500 6.312500 6.125000
f 7567 7521 7573
v 6.312500 6.312500 6.000000
f 7567 7573 7574
v 6.687500 6.312500 6.000000
f 7526 7569 7575
v 6.687500 6.312500 6.125000
f 7526 7575 7576
f 7521 7567 7569
f 7521 7569 7526
f 7574 7573 7576
f 7574 7576 7575
f 7569 7567 7574
f 7569 7574 7575
f 7521 7526 7576
f 7521 7576 7573
v 6.312500 6.687500 6.000000
v 6.312500 6.687500 6.125000
f 7577 7578 7544
f 7577 7544 7568
v 6.687500 6.687500 6.125000
v 6.687500 6.687500 6.000000
f 7579 7580 7570
f 7579 7570 7547
f 7578 7577 7580
f 7578 7580 7579
f 7568 7544 7547
f 7568 7547 7570
f 7580 7577 7568
f 7580 7568 7570
f 7578 7579 7547
f 7578 7547 7544
usemtl recess
v 6.312500 6.312500 6.093750
f 7581 7573 7578
v 6.312500 6.687500 6.093750
f 7581 7578 7582
v 6.687500 6.312500 6.093750
v 6.687500 6.687500 6.093750
f 7576 7583 7584
f 7576 7584 7579
f 7573 7581 7583
f 7573 7583 7576
f 7582 7578 7579
f 7582 7579 7584
f 7583 7581 7582
f 7583 7582 7584
f 7573 7576 7579
f 7573 7579 7578
usemtl armor
v 6.687500 6.125000 7.000000
v 6.687500 6.875000 7.000000
f 7525 7585 7586
f 7525 7586 7548
v 6.875000 6.125000 7.000000
f 7587 7465 7468
v 6.875000 6.875000 7.000000
f 7587 7468 7588
f 7585 7525 7465
f 7585 7465 7587
f 7548 7586 7588
f 7548 7588 7468
f 7465 7525 7548
f 7465 7548 7468
f 7585 7587 7588
f 7585 7588 7586
v 6.125000 6.125000 7.000000
v 6.125000 6.875000 7.000000
f 7462 7589 7590
f 7462 7590 7463
v 6.312500 6.125000 7.000000
f 7591 7522 7543
v 6.312500 6.875000 7.000000
f 7591 7543 7592
f 7589 7462 7522
f 7589 7522 7591
f 7463 7590 7592
f 7463 7592 7543
f 7522 7462 7463
f 7522 7463 7543
f 7589 7591 7592
f 7589 7592 7590
v 6.312500 6.312500 7.000000
f 7522 7591 7593
v 6.312500 6.312500 6.875000
f 7522 7593 7594
v 6.687500 6.312500 6.875000
f 7585 7525 7595
v 6.687500 6.312500 7.000000
f 7585 7595 7596
f 7591 7522 7525
f 7591 7525 7585
f 7594 7593 7596
f 7594 7596 7595
f 7525 7522 7594
f 7525 7594 7595
f 7591 7585 7596
f 7591 7596 7593
v 6.312500 6.687500 6.875000
v 6.312500 6.687500 7.000000
f 7597 7598 7592
f 7597 7592 7543
v 6.687500 6.687500 7.000000
v 6.687500 6.687500 6.875000
f 7599 7600 7548
f 7599 7548 7586
f 7598 7597 7600
f 7598 7600 7599
f 7543 7592 7586
f 7543 7586 7548
f 7600 7597 7543
f 7600 7543 7548
f 7598 7599 7586
f 7598 7586 7592
usemtl recess
v 6.312500 6.312500 6.906250
v 6.312500 6.687500 6.906250
f 7594 7601 7602
f 7594 7602 7597
v 6.687500 6.312500 6.906250
f 7603 7595 7600
v 6.687500 6.687500 6.906250
f 7603 7600 7604
f 7601 7594 7595
f 7601 7595 7603
f 7597 7602 7604
f 7597 7604 7600
f 7595 7594 7597
f 7595 7597 7600
f 7601 7603 7604
f 7601 7604 7602
o core_energy
usemtl energy
v 3.500000 3.875000 3.500000
v 3.632582 3.846455 3.554918
v 3.643506 3.846455 3.500000
f 7605 7606 7607
v 3.601474 3.846455 3.601474
f 7605 7608 7606
v 3.554918 3.846455 3.632582
f 7605 7609 7608
v 3.500000 3.846455 3.643506
f 7605 7610 7609
v 3.445082 3.846455 3.632582
f 7605 7611 7610
v 3.398526 3.846455 3.601474
f 7605 7612 7611
v 3.367418 3.846455 3.554918
f 7605 7613 7612
v 3.356494 3.846455 3.500000
f 7605 7614 7613
v 3.367418 3.846455 3.445082
f 7605 7615 7614
v 3.398526 3.846455 3.398526
f 7605 7616 7615
v 3.445082 3.846455 3.367418
f 7605 7617 7616
v 3.500000 3.846455 3.356494
f 7605 7618 7617
v 3.554918 3.846455 3.367418
f 7605 7619 7618
v 3.601474 3.846455 3.398526
f 7605 7620 7619
v 3.632582 3.846455 3.445082
f 7605 7621 7620
f 7605 7607 7621
v 3.744981 3.765165 3.601474
f 7607 7606 7622
v 3.765165 3.765165 3.500000
f 7607 7622 7623
v 3.687500 3.765165 3.687500
f 7606 7608 7624
f 7606 7624 7622
v 3.601474 3.765165 3.744981
f 7608 7609 7625
f 7608 7625 7624
v 3.500000 3.765165 3.765165
f 7609 7610 7626
f 7609 7626 7625
v 3.398526 3.765165 3.744981
f 7610 7611 7627
f 7610 7627 7626
v 3.312500 3.765165 3.687500
f 7611 7612 7628
f 7611 7628 7627
v 3.255019 3.765165 3.601474
f 7612 7613 7629
f 7612 7629 7628
v 3.234835 3.765165 3.500000
f 7613 7614 7630
f 7613 7630 7629
v 3.255019 3.765165 3.398526
f 7614 7615 7631
f 7614 7631 7630
v 3.312500 3.765165 3.312500
f 7615 7616 7632
f 7615 7632 7631
v 3.398526 3.765165 3.255019
f 7616 7617 7633
f 7616 7633 7632
v 3.500000 3.765165 3.234835
f 7617 7618 7634
f 7617 7634 7633
v 3.601474 3.765165 3.255019
f 7618 7619 7635
f 7618 7635 7634
v 3.687500 3.765165 3.312500
f 7619 7620 7636
f 7619 7636 7635
v 3.744981 3.765165 3.398526
f 7620 7621 7637
f 7620 7637 7636
f 7621 7607 7623
f 7621 7623 7637
v 3.820082 3.643506 3.632582
f 7623 7622 7638
v 3.846455 3.643506 3.500000
f 7623 7638 7639
v 3.744981 3.643506 3.744981
f 7622 7624 7640
f 7622 7640 7638
v 3.632582 3.643506 3.820082
f 7624 7625 7641
f 7624 7641 7640
v 3.500000 3.643506 3.846455
f 7625 7626 7642
f 7625 7642 7641
v 3.367418 3.643506 3.820082
f 7626 7627 7643
f 7626 7643 7642
v 3.255019 3.643506 3.744981
f 7627 7628 7644
f 7627 7644 7643
v 3.179918 3.643506 3.632582
f 7628 7629 7645
f 7628 7645 7644
v 3.153545 3.643506 3.500000
f 7629 7630 7646
f 7629 7646 7645
v 3.179918 3.643506 3.367418
f 7630 7631 7647
f 7630 7647 7646
v 3.255019 3.643506 3.255019
f 7631 7632 7648
f 7631 7648 7647
v 3.367418 3.643506 3.179918
f 7632 7633 7649
f 7632 7649 7648
v 3.500000 3.643506 3.153545
f 7633 7634 7650
f 7633 7650 7649
v 3.632582 3.643506 3.179918
f 7634 7635 7651
f 7634 7651 7650
v 3.744981 3.643506 3.255019
f 7635 7636 7652
f 7635 7652 7651
v 3.820082 3.643506 3.367418
f 7636 7637 7653
f 7636 7653 7652
f 7637 7623 7639
f 7637 7639 7653
v 3.846455 3.500000 3.643506
f 7639 7638 7654
v 3.875000 3.500000 3.500000
f 7639 7654 7655
v 3.765165 3.500000 3.765165
f 7638 7640 7656
f 7638 7656 7654
v 3.643506 3.500000 3.846455
f 7640 7641 7657
f 7640 7657 7656
v 3.500000 3.500000 3.875000
f 7641 7642 7658
f 7641 7658 7657
v 3.356494 3.500000 3.846455
f 7642 7643 7659
f 7642 7659 7658
v 3.234835 3.500000 3.765165
f 7643 7644 7660
f 7643 7660 7659
v 3.153545 3.500000 3.643506
f 7644 7645 7661
f 7644 7661 7660
v 3.125000 3.500000 3.500000
f 7645 7646 7662
f 7645 7662 7661
v 3.153545 3.500000 3.356494
f 7646 7647 7663
f 7646 7663 7662
v 3.234835 3.500000 3.234835
f 7647 7648 7664
f 7647 7664 7663
v 3.356494 3.500000 3.153545
f 7648 7649 7665
f 7648 7665 7664
v 3.500000 3.500000 3.125000
f 7649 7650 7666
f 7649 7666 7665
v 3.643506 3.500000 3.153545
f 7650 7651 7667
f 7650 7667 7666
v 3.765165 3.500000 3.234835
f 7651 7652 7668
f 7651 7668 7667
v 3.846455 3.500000 3.356494
f 7652 7653 7669
f 7652 7669 7668
f 7653 7639 7655
f 7653 7655 7669
v 3.820082 3.356494 3.632582
f 7655 7654 7670
v 3.846455 3.356494 3.500000
f 7655 7670 7671
v 3.744981 3.356494 3.744981
f 7654 7656 7672
f 7654 7672 7670
v 3.632582 3.356494 3.820082
f 7656 7657 7673
f 7656 7673 7672
v 3.500000 3.356494 3.846455
f 7657 7658 7674
f 7657 7674 7673
v 3.367418 3.356494 3.820082
f 7658 7659 7675
f 7658 7675 7674
v 3.255019 3.356494 3.744981
f 7659 7660 7676
f 7659 7676 7675
v 3.179918 3.356494 3.632582
f 7660 7661 7677
f 7660 7677 7676
v 3.153545 3.356494 3.500000
f 7661 7662 7678
f 7661 7678 7677
v 3.179918 3.356494 3.367418
f 7662 7663 7679
f 7662 7679 7678
v 3.255019 3.356494 3.255019
f 7663 7664 7680
f 7663 7680 7679
v 3.367418 3.356494 3.179918
f 7664 7665 7681
f 7664 7681 7680
v 3.500000 3.356494 3.153545
f 7665 7666 7682
f 7665 7682 7681
v 3.632582 3.356494 3.179918
f 7666 7667 7683
f 7666 7683 7682
v 3.744981 3.356494 3.255019
f 7667 7668 7684
f 7667 7684 7683
v 3.820082 3.356494 3.367418
f 7668 7669 7685
f 7668 7685 7684
f 7669 7655 7671
f 7669 7671 7685
v 3.744981 3.234835 3.601474
f 7671 7670 7686
v 3.765165 3.234835 3.500000
f 7671 7686 7687
v 3.687500 3.234835 3.687500
f 7670 7672 7688
f 7670 7688 7686
v 3.601474 3.234835 3.744981
f 7672 7673 7689
f 7672 7689 7688
v 3.500000 3.234835 3.765165
f 7673 7674 7690
f 7673 7690 7689
v 3.398526 3.234835 3.744981
f 7674 7675 7691
f 7674 7691 7690
v 3.312500 3.234835 3.687500
f 7675 7676 7692
f 7675 7692 7691
v 3.255019 3.234835 3.601474
f 7676 7677 7693
f 7676 7693 7692
v 3.234835 3.234835 3.500000
f 7677 7678 7694
f 7677 7694 7693
v 3.255019 3.234835 3.398526
f 7678 7679 7695
f 7678 7695 7694
v 3.312500 3.234835 3.312500
f 7679 7680 7696
f 7679 7696 7695
v 3.398526 3.234835 3.255019
f 7680 7681 7697
f 7680 7697 7696
v 3.500000 3.234835 3.234835
f 7681 7682 7698
f 7681 7698 7697
v 3.601474 3.234835 3.255019
f 7682 7683 7699
f 7682 7699 7698
v 3.687500 3.234835 3.312500
f 7683 7684 7700
f 7683 7700 7699
v 3.744981 3.234835 3.398526
f 7684 7685 7701
f 7684 7701 7700
f 7685 7671 7687
f 7685 7687 7701
v 3.632582 3.153545 3.554918
f 7687 7686 7702
v 3.643506 3.153545 3.500000
f 7687 7702 7703
v 3.601474 3.153545 3.601474
f 7686 7688 7704
f 7686 7704 7702
v 3.554918 3.153545 3.632582
f 7688 7689 7705
f 7688 7705 7704
v 3.500000 3.153545 3.643506
f 7689 7690 7706
f 7689 7706 7705
v 3.445082 3.153545 3.632582
f 7690 7691 7707
f 7690 7707 7706
v 3.398526 3.153545 3.601474
f 7691 7692 7708
f 7691 7708 7707
v 3.367418 3.153545 3.554918
f 7692 7693 7709
f 7692 7709 7708
v 3.356494 3.153545 3.500000
f 7693 7694 7710
f 7693 7710 7709
v 3.367418 3.153545 3.445082
f 7694 7695 7711
f 7694 7711 7710
v 3.398526 3.153545 3.398526
f 7695 7696 7712
f 7695 7712 7711
v 3.445082 3.153545 3.367418
f 7696 7697 7713
f 7696 7713 7712
v 3.500000 3.153545 3.356494
f 7697 7698 7714
f 7697 7714 7713
v 3.554918 3.153545 3.367418
f 7698 7699 7715
f 7698 7715 7714
v 3.601474 3.153545 3.398526
f 7699 7700 7716
f 7699 7716 7715
v 3.632582 3.153545 3.445082
f 7700 7701 7717
f 7700 7717 7716
f 7701 7687 7703
f 7701 7703 7717
v 3.500000 3.125000 3.500000
f 7703 7702 7718
f 7702 7704 7718
f 7704 7705 7718
f 7705 7706 7718
f 7706 7707 7718
f 7707 7708 7718
f 7708 7709 7718
f 7709 7710 7718
f 7710 7711 7718
f 7711 7712 7718
f 7712 7713 7718
f 7713 7714 7718
f 7714 7715 7718
f 7715 7716 7718
f 7716 7717 7718
f 7717 7703 7718
o core_ring_0
usemtl steel
v 3.977761 3.684351 3.506883
v 3.987363 3.606961 3.615433
v 4.021867 3.613832 3.623066
f 7719 7720 7721
v 4.011590 3.696664 3.506883
f 7719 7721 7722
v 4.018314 3.678190 3.493117
v 4.028591 3.595358 3.609300
v 3.994087 3.588487 3.601667
f 7723 7724 7725
v 3.984485 3.665877 3.493117
f 7723 7725 7726
f 7722 7721 7724
f 7722 7724 7723
usemtl graphite
f 7726 7725 7720
f 7726 7720 7719
usemtl steel
v 3.963523 3.522910 3.716586
v 3.996351 3.523872 3.731331
f 7720 7727 7728
f 7720 7728 7721
v 4.003075 3.505397 3.717565
v 3.970247 3.504436 3.702820
f 7724 7729 7730
f 7724 7730 7725
f 7721 7728 7729
f 7721 7729 7724
usemtl graphite
f 7725 7730 7727
f 7725 7727 7720
usemtl steel
v 3.907866 3.437928 3.803448
v 3.936780 3.432914 3.824300
f 7727 7731 7732
f 7727 7732 7728
v 3.943504 3.414440 3.810534
v 3.914590 3.419454 3.789682
f 7729 7733 7734
f 7729 7734 7730
f 7728 7732 7733
f 7728 7733 7729
usemtl graphite
f 7730 7734 7731
f 7730 7731 7727
usemtl steel
v 3.824184 3.357805 3.870099
v 3.847215 3.347158 3.895638
f 7731 7735 7736
f 7731 7736 7732
v 3.853939 3.328684 3.881872
v 3.830908 3.339331 3.856333
f 7733 7737 7738
f 7733 7738 7734
f 7732 7736 7737
f 7732 7737 7733
usemtl graphite
f 7734 7738 7735
f 7734 7735 7731
usemtl steel
v 3.718181 3.288003 3.911998
v 3.733758 3.272447 3.940482
f 7735 7739 7740
f 7735 7740 7736
v 3.740482 3.253973 3.926717
v 3.724905 3.269528 3.898232
f 7737 7741 7742
f 7737 7742 7738
f 7736 7740 7741
f 7736 7741 7737
usemtl graphite
f 7738 7742 7739
f 7738 7739 7735
usemtl steel
v 3.597079 3.233276 3.926289
v 3.604142 3.213873 3.955778
f 7739 7743 7744
f 7739 7744 7740
v 3.610866 3.195399 3.942012
v 3.603803 3.214802 3.912523
f 7741 7745 7746
f 7741 7746 7742
f 7740 7744 7745
f 7740 7745 7741
usemtl graphite
f 7742 7746 7743
f 7742 7743 7739
usemtl steel
v 3.469133 3.197357 3.911998
v 3.467199 3.175428 3.940482
f 7743 7747 7748
f 7743 7748 7744
v 3.473923 3.156954 3.926717
v 3.475857 3.178883 3.898232
f 7745 7749 7750
f 7745 7750 7746
f 7744 7748 7749
f 7744 7749 7745
usemtl graphite
f 7746 7750 7747
f 7746 7747 7743
usemtl steel
v 3.343062 3.182691 3.870099
v 3.332263 3.159731 3.895638
f 7747 7751 7752
f 7747 7752 7748
v 3.338987 3.141257 3.881872
v 3.349785 3.164217 3.856333
f 7749 7753 7754
f 7749 7754 7750
f 7748 7752 7753
f 7748 7753 7749
usemtl graphite
f 7750 7754 7751
f 7750 7751 7747
usemtl steel
v 3.227456 3.190279 3.803448
v 3.208529 3.167852 3.824300
f 7751 7755 7756
f 7751 7756 7752
v 3.215253 3.149378 3.810534
v 3.234180 3.171805 3.789682
f 7753 7757 7758
f 7753 7758 7754
f 7752 7756 7757
f 7752 7757 7753
usemtl graphite
f 7754 7758 7755
f 7754 7755 7751
usemtl steel
v 3.130194 3.219603 3.716586
v 3.104429 3.199238 3.731331
f 7755 7759 7760
f 7755 7760 7756
v 3.111153 3.180764 3.717565
v 3.136918 3.201129 3.702820
f 7757 7761 7762
f 7757 7762 7758
f 7756 7760 7761
f 7756 7761 7757
usemtl graphite
f 7758 7762 7759
f 7758 7759 7755
usemtl steel
v 3.057905 3.268666 3.615433
v 3.027057 3.251750 3.623066
f 7759 7763 7764
f 7759 7764 7760
v 3.033781 3.233277 3.609300
v 3.064629 3.250192 3.601667
f 7761 7765 7766
f 7761 7766 7762
f 7760 7764 7765
f 7760 7765 7761
usemtl graphite
f 7762 7766 7763
f 7762 7763 7759
usemtl steel
v 3.015515 3.334123 3.506883
v 2.981686 3.321810 3.506883
f 7763 7767 7768
f 7763 7768 7764
v 2.988410 3.303336 3.493117
v 3.022239 3.315649 3.493117
f 7765 7769 7770
f 7765 7770 7766
f 7764 7768 7769
f 7764 7769 7765
usemtl graphite
f 7766 7770 7767
f 7766 7767 7763
usemtl steel
v 3.005913 3.411513 3.398333
v 2.971409 3.404642 3.390700
f 7767 7771 7772
f 7767 7772 7768
v 2.978133 3.386168 3.376934
v 3.012637 3.393039 3.384567
f 7769 7773 7774
f 7769 7774 7770
f 7768 7772 7773
f 7768 7773 7769
usemtl graphite
f 7770 7774 7771
f 7770 7771 7767
usemtl steel
v 3.029753 3.495564 3.297180
v 2.996925 3.494603 3.282435
f 7771 7775 7776
f 7771 7776 7772
v 3.003649 3.476128 3.268669
v 3.036477 3.477090 3.283414
f 7773 7777 7778
f 7773 7778 7774
f 7772 7776 7777
f 7772 7777 7773
usemtl graphite
f 7774 7778 7775
f 7774 7775 7771
usemtl steel
v 3.085410 3.580546 3.210318
v 3.056496 3.585560 3.189466
f 7775 7779 7780
f 7775 7780 7776
v 3.063220 3.567086 3.175700
v 3.092134 3.562072 3.196552
f 7777 7781 7782
f 7777 7782 7778
f 7776 7780 7781
f 7776 7781 7777
usemtl graphite
f 7778 7782 7779
f 7778 7779 7775
usemtl steel
v 3.169092 3.660669 3.143667
v 3.146061 3.671316 3.118128
f 7779 7783 7784
f 7779 7784 7780
v 3.152785 3.652842 3.104362
v 3.175816 3.642195 3.129901
f 7781 7785 7786
f 7781 7786 7782
f 7780 7784 7785
f 7780 7785 7781
usemtl graphite
f 7782 7786 7783
f 7782 7783 7779
usemtl steel
v 3.275095 3.730472 3.101768
v 3.259518 3.746027 3.073283
f 7783 7787 7788
f 7783 7788 7784
v 3.266242 3.727553 3.059518
v 3.281819 3.711997 3.088002
f 7785 7789 7790
f 7785 7790 7786
f 7784 7788 7789
f 7784 7789 7785
usemtl graphite
f 7786 7790 7787
f 7786 7787 7783
usemtl steel
v 3.396197 3.785198 3.087477
v 3.389134 3.804601 3.057988
f 7787 7791 7792
f 7787 7792 7788
v 3.395858 3.786127 3.044222
v 3.402921 3.766724 3.073711
f 7789 7793 7794
f 7789 7794 7790
f 7788 7792 7793
f 7788 7793 7789
usemtl graphite
f 7790 7794 7791
f 7790 7791 7787
usemtl steel
v 3.524143 3.821117 3.101768
v 3.526077 3.843046 3.073283
f 7791 7795 7796
f 7791 7796 7792
v 3.532801 3.824572 3.059518
v 3.530867 3.802643 3.088002
f 7793 7797 7798
f 7793 7798 7794
f 7792 7796 7797
f 7792 7797 7793
usemtl graphite
f 7794 7798 7795
f 7794 7795 7791
usemtl steel
v 3.650215 3.835783 3.143667
v 3.661013 3.858743 3.118128
f 7795 7799 7800
f 7795 7800 7796
v 3.667737 3.840269 3.104362
v 3.656938 3.817309 3.129901
f 7797 7801 7802
f 7797 7802 7798
f 7796 7800 7801
f 7796 7801 7797
usemtl graphite
f 7798 7802 7799
f 7798 7799 7795
usemtl steel
v 3.765820 3.828195 3.210318
v 3.784747 3.850622 3.189466
f 7799 7803 7804
f 7799 7804 7800
v 3.791471 3.832148 3.175700
v 3.772544 3.809721 3.196552
f 7801 7805 7806
f 7801 7806 7802
f 7800 7804 7805
f 7800 7805 7801
usemtl graphite
f 7802 7806 7803
f 7802 7803 7799
usemtl steel
v 3.863082 3.798871 3.297180
v 3.888847 3.819236 3.282435
f 7803 7807 7808
f 7803 7808 7804
v 3.895571 3.800762 3.268669
v 3.869806 3.780397 3.283414
f 7805 7809 7810
f 7805 7810 7806
f 7804 7808 7809
f 7804 7809 7805
usemtl graphite
f 7806 7810 7807
f 7806 7807 7803
usemtl steel
v 3.935371 3.749808 3.398333
v 3.966219 3.766723 3.390700
f 7807 7811 7812
f 7807 7812 7808
v 3.972943 3.748250 3.376934
v 3.942095 3.731334 3.384567
f 7809 7813 7814
f 7809 7814 7810
f 7808 7812 7813
f 7808 7813 7809
usemtl graphite
f 7810 7814 7811
f 7810 7811 7807
usemtl steel
f 7811 7719 7722
f 7811 7722 7812
f 7813 7723 7726
f 7813 7726 7814
f 7812 7722 7723
f 7812 7723 7813
usemtl graphite
f 7814 7726 7719
f 7814 7719 7811
o core_ring_1
usemtl steel
v 4.105637 3.286891 3.490170
v 4.131633 3.422276 3.585477
v 4.166920 3.417555 3.590821
f 7815 7816 7817
v 4.139466 3.274578 3.490170
f 7815 7817 7818
v 4.134758 3.261642 3.509830
v 4.162212 3.404619 3.610481
v 4.126925 3.409340 3.605136
f 7819 7820 7821
v 4.100929 3.273955 3.509830
f 7819 7821 7822
f 7818 7817 7820
f 7818 7820 7819
usemtl graphite
f 7822 7821 7816
f 7822 7816 7815
usemtl steel
v 4.114746 3.563399 3.674288
v 4.149085 3.566591 3.684613
f 7816 7823 7824
f 7816 7824 7817
v 4.144377 3.553656 3.704272
v 4.110037 3.550463 3.693948
f 7820 7825 7826
f 7820 7826 7821
f 7817 7824 7825
f 7817 7825 7820
usemtl graphite
f 7821 7826 7823
f 7821 7823 7816
usemtl steel
v 4.056125 3.700642 3.750552
v 4.087177 3.711530 3.765153
f 7823 7827 7828
f 7823 7828 7824
v 4.082469 3.698594 3.784813
v 4.051416 3.687706 3.770212
f 7825 7829 7830
f 7825 7830 7826
f 7824 7828 7829
f 7824 7829 7825
usemtl graphite
f 7826 7830 7827
f 7826 7827 7823
usemtl steel
v 3.959765 3.824652 3.809072
v 3.985414 3.842494 3.826954
f 7827 7831 7832
f 7827 7832 7828
v 3.980706 3.829558 3.846614
v 3.955056 3.811716 3.828732
f 7829 7833 7834
f 7829 7834 7830
f 7828 7832 7833
f 7828 7833 7829
usemtl graphite
f 7830 7834 7831
f 7830 7831 7827
usemtl steel
v 3.832233 3.926979 3.845859
v 3.850731 3.950559 3.865804
f 7831 7835 7836
f 7831 7836 7832
v 3.846023 3.937623 3.885464
v 3.827525 3.914043 3.865519
f 7833 7837 7838
f 7833 7838 7834
f 7832 7836 7837
f 7832 7837 7833
usemtl graphite
f 7834 7838 7835
f 7834 7835 7831
usemtl steel
v 3.682221 4.000648 3.858406
v 3.692307 4.028359 3.879055
f 7835 7839 7840
f 7835 7840 7836
v 3.687599 4.015423 3.898715
v 3.677513 3.987712 3.878066
f 7837 7841 7842
f 7837 7842 7838
f 7836 7840 7841
f 7836 7841 7837
usemtl graphite
f 7838 7842 7839
f 7838 7839 7835
usemtl steel
v 3.519951 4.040640 3.845859
v 3.520938 4.070594 3.865804
f 7839 7843 7844
f 7839 7844 7840
v 3.516230 4.057658 3.885464
v 3.515243 4.027704 3.865519
f 7841 7845 7846
f 7841 7846 7842
f 7840 7844 7845
f 7840 7845 7841
usemtl graphite
f 7842 7846 7843
f 7842 7843 7839
usemtl steel
v 3.356482 4.044229 3.809072
v 3.348302 4.074384 3.826954
f 7843 7847 7848
f 7843 7848 7844
v 3.343594 4.061448 3.846614
v 3.351774 4.031293 3.828732
f 7845 7849 7850
f 7845 7850 7846
f 7844 7848 7849
f 7844 7849 7845
usemtl graphite
f 7846 7850 7847
f 7846 7847 7843
usemtl steel
v 3.202954 4.011170 3.750552
v 3.186165 4.039471 3.765153
f 7847 7851 7852
f 7847 7852 7848
v 3.181457 4.026536 3.784813
v 3.198246 3.998235 3.770212
f 7849 7853 7854
f 7849 7854 7850
f 7848 7852 7853
f 7848 7853 7849
usemtl graphite
f 7850 7854 7851
f 7850 7851 7847
usemtl steel
v 3.069829 3.943717 3.674288
v 3.045576 3.968236 3.684613
f 7851 7855 7856
f 7851 7856 7852
v 3.040868 3.955300 3.704272
v 3.065121 3.930782 3.693948
f 7853 7857 7858
f 7853 7858 7854
f 7852 7856 7857
f 7852 7857 7853
usemtl graphite
f 7854 7858 7855
f 7854 7855 7851
usemtl steel
v 2.966181 3.846466 3.585477
v 2.936115 3.865531 3.590821
f 7855 7859 7860
f 7855 7860 7856
v 2.931407 3.852596 3.610481
v 2.961473 3.833531 3.605136
f 7857 7861 7862
f 7857 7862 7858
f 7856 7860 7861
f 7856 7861 7857
usemtl graphite
f 7858 7862 7859
f 7858 7859 7855
usemtl steel
v 2.899071 3.726045 3.490170
v 2.865242 3.738358 3.490170
f 7859 7863 7864
f 7859 7864 7860
v 2.860534 3.725422 3.509830
v 2.894363 3.713109 3.509830
f 7861 7865 7866
f 7861 7866 7862
f 7860 7864 7865
f 7860 7865 7861
usemtl graphite
f 7862 7866 7863
f 7862 7863 7859
usemtl steel
v 2.873075 3.590660 3.394864
v 2.837788 3.595381 3.389519
f 7863 7867 7868
f 7863 7868 7864
v 2.833080 3.582445 3.409179
v 2.868367 3.577724 3.414523
f 7865 7869 7870
f 7865 7870 7866
f 7864 7868 7869
f 7864 7869 7865
usemtl graphite
f 7866 7870 7867
f 7866 7867 7863
usemtl steel
v 2.889963 3.449537 3.306052
v 2.855623 3.446344 3.295728
f 7867 7871 7872
f 7867 7872 7868
v 2.850915 3.433409 3.315387
v 2.885254 3.436601 3.325712
f 7869 7873 7874
f 7869 7874 7870
f 7868 7872 7873
f 7868 7873 7869
usemtl graphite
f 7870 7874 7871
f 7870 7871 7867
usemtl steel
v 2.948584 3.312294 3.229788
v 2.917531 3.301406 3.215187
f 7871 7875 7876
f 7871 7876 7872
v 2.912823 3.288470 3.234847
v 2.943875 3.299358 3.249448
f 7873 7877 7878
f 7873 7878 7874
f 7872 7876 7877
f 7872 7877 7873
usemtl graphite
f 7874 7878 7875
f 7874 7875 7871
usemtl steel
v 3.044944 3.188284 3.171268
v 3.019294 3.170442 3.153386
f 7875 7879 7880
f 7875 7880 7876
v 3.014586 3.157506 3.173046
v 3.040235 3.175348 3.190928
f 7877 7881 7882
f 7877 7882 7878
f 7876 7880 7881
f 7876 7881 7877
usemtl graphite
f 7878 7882 7879
f 7878 7879 7875
usemtl steel
v 3.172475 3.085957 3.134481
v 3.153977 3.062377 3.114536
f 7879 7883 7884
f 7879 7884 7880
v 3.149269 3.049441 3.134196
v 3.167767 3.073021 3.154141
f 7881 7885 7886
f 7881 7886 7882
f 7880 7884 7885
f 7880 7885 7881
usemtl graphite
f 7882 7886 7883
f 7882 7883 7879
usemtl steel
v 3.322487 3.012288 3.121934
v 3.312401 2.984577 3.101285
f 7883 7887 7888
f 7883 7888 7884
v 3.307693 2.971641 3.120945
v 3.317779 2.999352 3.141594
f 7885 7889 7890
f 7885 7890 7886
f 7884 7888 7889
f 7884 7889 7885
usemtl graphite
f 7886 7890 7887
f 7886 7887 7883
usemtl steel
v 3.484757 2.972296 3.134481
v 3.483770 2.942342 3.114536
f 7887 7891 7892
f 7887 7892 7888
v 3.479062 2.929406 3.134196
v 3.480049 2.959360 3.154141
f 7889 7893 7894
f 7889 7894 7890
f 7888 7892 7893
f 7888 7893 7889
usemtl graphite
f 7890 7894 7891
f 7890 7891 7887
usemtl steel
v 3.648226 2.968707 3.171268
v 3.656406 2.938552 3.153386
f 7891 7895 7896
f 7891 7896 7892
v 3.651698 2.925616 3.173046
v 3.643518 2.955771 3.190928
f 7893 7897 7898
f 7893 7898 7894
f 7892 7896 7897
f 7892 7897 7893
usemtl graphite
f 7894 7898 7895
f 7894 7895 7891
usemtl steel
v 3.801754 3.001765 3.229788
v 3.818543 2.973464 3.215187
f 7895 7899 7900
f 7895 7900 7896
v 3.813835 2.960529 3.234847
v 3.797046 2.988830 3.249448
f 7897 7901 7902
f 7897 7902 7898
f 7896 7900 7901
f 7896 7901 7897
usemtl graphite
f 7898 7902 7899
f 7898 7899 7895
usemtl steel
v 3.934879 3.069218 3.306052
v 3.959132 3.044700 3.295728
f 7899 7903 7904
f 7899 7904 7900
v 3.954424 3.031764 3.315387
v 3.930171 3.056283 3.325712
f 7901 7905 7906
f 7901 7906 7902
f 7900 7904 7905
f 7900 7905 7901
usemtl graphite
f 7902 7906 7903
f 7902 7903 7899
usemtl steel
v 4.038527 3.166469 3.394864
v 4.068593 3.147404 3.389519
f 7903 7907 7908
f 7903 7908 7904
v 4.063885 3.134469 3.409179
v 4.033819 3.153534 3.414523
f 7905 7909 7910
f 7905 7910 7906
f 7904 7908 7909
f 7904 7909 7905
usemtl graphite
f 7906 7910 7907
f 7906 7907 7903
usemtl steel
f 7907 7815 7818
f 7907 7818 7908
f 7909 7819 7822
f 7909 7822 7910
f 7908 7818 7819
f 7908 7819 7909
usemtl graphite
f 7910 7822 7815
f 7910 7815 7907
o window_left
usemtl steel
v 0.595000 1.000000 1.000000
v 0.595000 1.000000 6.000000
v 0.595000 1.125000 6.000000
f 7911 7912 7913
v 0.595000 1.125000 1.000000
f 7911 7913 7914
v 0.845000 1.000000 6.000000
v 0.845000 1.000000 1.000000
v 0.845000 1.125000 1.000000
f 7915 7916 7917
v 0.845000 1.125000 6.000000
f 7915 7917 7918
f 7912 7911 7916
f 7912 7916 7915
f 7914 7913 7918
f 7914 7918 7917
f 7916 7911 7914
f 7916 7914 7917
f 7912 7915 7918
f 7912 7918 7913
v 0.595000 5.875000 1.000000
v 0.595000 5.875000 6.000000
v 0.595000 6.000000 6.000000
f 7919 7920 7921
v 0.595000 6.000000 1.000000
f 7919 7921 7922
v 0.845000 5.875000 6.000000
v 0.845000 5.875000 1.000000
v 0.845000 6.000000 1.000000
f 7923 7924 7925
v 0.845000 6.000000 6.000000
f 7923 7925 7926
f 7920 7919 7924
f 7920 7924 7923
f 7922 7921 7926
f 7922 7926 7925
f 7924 7919 7922
f 7924 7922 7925
f 7920 7923 7926
f 7920 7926 7921
v 0.595000 1.125000 1.125000
v 0.595000 5.875000 1.125000
f 7914 7927 7928
f 7914 7928 7919
v 0.845000 1.125000 1.125000
f 7929 7917 7924
v 0.845000 5.875000 1.125000
f 7929 7924 7930
f 7927 7914 7917
f 7927 7917 7929
f 7919 7928 7930
f 7919 7930 7924
f 7917 7914 7919
f 7917 7919 7924
f 7927 7929 7930
f 7927 7930 7928
v 0.595000 1.125000 5.875000
f 7931 7913 7920
v 0.595000 5.875000 5.875000
f 7931 7920 7932
v 0.845000 1.125000 5.875000
v 0.845000 5.875000 5.875000
f 7918 7933 7934
f 7918 7934 7923
f 7913 7931 7933
f 7913 7933 7918
f 7932 7920 7923
f 7932 7923 7934
f 7933 7931 7932
f 7933 7932 7934
f 7913 7918 7923
f 7913 7923 7920
usemtl glass
v 0.704000 1.125000 1.125000
v 0.704000 1.125000 5.875000
v 0.704000 5.875000 5.875000
f 7935 7936 7937
v 0.704000 5.875000 1.125000
f 7935 7937 7938
v 0.736000 1.125000 5.875000
v 0.736000 1.125000 1.125000
v 0.736000 5.875000 1.125000
f 7939 7940 7941
v 0.736000 5.875000 5.875000
f 7939 7941 7942
f 7936 7935 7940
f 7936 7940 7939
f 7938 7937 7942
f 7938 7942 7941
f 7940 7935 7938
f 7940 7938 7941
f 7936 7939 7942
f 7936 7942 7937
o window_right
usemtl steel
v 6.155000 1.000000 1.000000
v 6.155000 1.000000 6.000000
v 6.155000 1.125000 6.000000
f 7943 7944 7945
v 6.155000 1.125000 1.000000
f 7943 7945 7946
v 6.405000 1.000000 6.000000
v 6.405000 1.000000 1.000000
v 6.405000 1.125000 1.000000
f 7947 7948 7949
v 6.405000 1.125000 6.000000
f 7947 7949 7950
f 7944 7943 7948
f 7944 7948 7947
f 7946 7945 7950
f 7946 7950 7949
f 7948 7943 7946
f 7948 7946 7949
f 7944 7947 7950
f 7944 7950 7945
v 6.155000 5.875000 1.000000
v 6.155000 5.875000 6.000000
v 6.155000 6.000000 6.000000
f 7951 7952 7953
v 6.155000 6.000000 1.000000
f 7951 7953 7954
v 6.405000 5.875000 6.000000
v 6.405000 5.875000 1.000000
v 6.405000 6.000000 1.000000
f 7955 7956 7957
v 6.405000 6.000000 6.000000
f 7955 7957 7958
f 7952 7951 7956
f 7952 7956 7955
f 7954 7953 7958
f 7954 7958 7957
f 7956 7951 7954
f 7956 7954 7957
f 7952 7955 7958
f 7952 7958 7953
v 6.155000 1.125000 1.125000
v 6.155000 5.875000 1.125000
f 7946 7959 7960
f 7946 7960 7951
v 6.405000 1.125000 1.125000
f 7961 7949 7956
v 6.405000 5.875000 1.125000
f 7961 7956 7962
f 7959 7946 7949
f 7959 7949 7961
f 7951 7960 7962
f 7951 7962 7956
f 7949 7946 7951
f 7949 7951 7956
f 7959 7961 7962
f 7959 7962 7960
v 6.155000 1.125000 5.875000
f 7963 7945 7952
v 6.155000 5.875000 5.875000
f 7963 7952 7964
v 6.405000 1.125000 5.875000
v 6.405000 5.875000 5.875000
f 7950 7965 7966
f 7950 7966 7955
f 7945 7963 7965
f 7945 7965 7950
f 7964 7952 7955
f 7964 7955 7966
f 7965 7963 7964
f 7965 7964 7966
f 7945 7950 7955
f 7945 7955 7952
usemtl glass
v 6.264000 1.125000 1.125000
v 6.264000 1.125000 5.875000
v 6.264000 5.875000 5.875000
f 7967 7968 7969
v 6.264000 5.875000 1.125000
f 7967 7969 7970
v 6.296000 1.125000 5.875000
v 6.296000 1.125000 1.125000
v 6.296000 5.875000 1.125000
f 7971 7972 7973
v 6.296000 5.875000 5.875000
f 7971 7973 7974
f 7968 7967 7972
f 7968 7972 7971
f 7970 7969 7974
f 7970 7974 7973
f 7972 7967 7970
f 7972 7970 7973
f 7968 7971 7974
f 7968 7974 7969
o window_front
usemtl steel
v 1.000000 2.000000 0.595000
v 1.000000 2.000000 0.845000
v 1.000000 6.000000 0.845000
f 7975 7976 7977
v 1.000000 6.000000 0.595000
f 7975 7977 7978
v 1.125000 2.000000 0.845000
v 1.125000 2.000000 0.595000
v 1.125000 6.000000 0.595000
f 7979 7980 7981
v 1.125000 6.000000 0.845000
f 7979 7981 7982
f 7976 7975 7980
f 7976 7980 7979
f 7978 7977 7982
f 7978 7982 7981
f 7980 7975 7978
f 7980 7978 7981
f 7976 7979 7982
f 7976 7982 7977
v 5.875000 2.000000 0.595000
v 5.875000 2.000000 0.845000
v 5.875000 6.000000 0.845000
f 7983 7984 7985
v 5.875000 6.000000 0.595000
f 7983 7985 7986
v 6.000000 2.000000 0.845000
v 6.000000 2.000000 0.595000
v 6.000000 6.000000 0.595000
f 7987 7988 7989
v 6.000000 6.000000 0.845000
f 7987 7989 7990
f 7984 7983 7988
f 7984 7988 7987
f 7986 7985 7990
f 7986 7990 7989
f 7988 7983 7986
f 7988 7986 7989
f 7984 7987 7990
f 7984 7990 7985
v 1.125000 2.125000 0.845000
f 7980 7979 7991
v 1.125000 2.125000 0.595000
f 7980 7991 7992
v 5.875000 2.125000 0.595000
f 7984 7983 7993
v 5.875000 2.125000 0.845000
f 7984 7993 7994
f 7979 7980 7983
f 7979 7983 7984
f 7992 7991 7994
f 7992 7994 7993
f 7983 7980 7992
f 7983 7992 7993
f 7979 7984 7994
f 7979 7994 7991
v 1.125000 5.875000 0.595000
v 1.125000 5.875000 0.845000
f 7995 7996 7982
f 7995 7982 7981
v 5.875000 5.875000 0.845000
v 5.875000 5.875000 0.595000
f 7997 7998 7986
f 7997 7986 7985
f 7996 7995 7998
f 7996 7998 7997
f 7981 7982 7985
f 7981 7985 7986
f 7998 7995 7981
f 7998 7981 7986
f 7996 7997 7985
f 7996 7985 7982
usemtl glass
v 1.125000 2.125000 0.704000
v 1.125000 2.125000 0.736000
v 1.125000 5.875000 0.736000
f 7999 8000 8001
v 1.125000 5.875000 0.704000
f 7999 8001 8002
v 5.875000 2.125000 0.736000
v 5.875000 2.125000 0.704000
v 5.875000 5.875000 0.704000
f 8003 8004 8005
v 5.875000 5.875000 0.736000
f 8003 8005 8006
f 8000 7999 8004
f 8000 8004 8003
f 8002 8001 8006
f 8002 8006 8005
f 8004 7999 8002
f 8004 8002 8005
f 8000 8003 8006
f 8000 8006 8001
o window_back
usemtl steel
v 1.000000 2.000000 6.155000
v 1.000000 2.000000 6.405000
v 1.000000 6.000000 6.405000
f 8007 8008 8009
v 1.000000 6.000000 6.155000
f 8007 8009 8010
v 1.125000 2.000000 6.405000
v 1.125000 2.000000 6.155000
v 1.125000 6.000000 6.155000
f 8011 8012 8013
v 1.125000 6.000000 6.405000
f 8011 8013 8014
f 8008 8007 8012
f 8008 8012 8011
f 8010 8009 8014
f 8010 8014 8013
f 8012 8007 8010
f 8012 8010 8013
f 8008 8011 8014
f 8008 8014 8009
v 5.875000 2.000000 6.155000
v 5.875000 2.000000 6.405000
v 5.875000 6.000000 6.405000
f 8015 8016 8017
v 5.875000 6.000000 6.155000
f 8015 8017 8018
v 6.000000 2.000000 6.405000
v 6.000000 2.000000 6.155000
v 6.000000 6.000000 6.155000
f 8019 8020 8021
v 6.000000 6.000000 6.405000
f 8019 8021 8022
f 8016 8015 8020
f 8016 8020 8019
f 8018 8017 8022
f 8018 8022 8021
f 8020 8015 8018
f 8020 8018 8021
f 8016 8019 8022
f 8016 8022 8017
v 1.125000 2.125000 6.405000
f 8012 8011 8023
v 1.125000 2.125000 6.155000
f 8012 8023 8024
v 5.875000 2.125000 6.155000
f 8016 8015 8025
v 5.875000 2.125000 6.405000
f 8016 8025 8026
f 8011 8012 8015
f 8011 8015 8016
f 8024 8023 8026
f 8024 8026 8025
f 8015 8012 8024
f 8015 8024 8025
f 8011 8016 8026
f 8011 8026 8023
v 1.125000 5.875000 6.155000
v 1.125000 5.875000 6.405000
f 8027 8028 8014
f 8027 8014 8013
v 5.875000 5.875000 6.405000
v 5.875000 5.875000 6.155000
f 8029 8030 8018
f 8029 8018 8017
f 8028 8027 8030
f 8028 8030 8029
f 8013 8014 8017
f 8013 8017 8018
f 8030 8027 8013
f 8030 8013 8018
f 8028 8029 8017
f 8028 8017 8014
usemtl glass
v 1.125000 2.125000 6.264000
v 1.125000 2.125000 6.296000
v 1.125000 5.875000 6.296000
f 8031 8032 8033
v 1.125000 5.875000 6.264000
f 8031 8033 8034
v 5.875000 2.125000 6.296000
v 5.875000 2.125000 6.264000
v 5.875000 5.875000 6.264000
f 8035 8036 8037
v 5.875000 5.875000 6.296000
f 8035 8037 8038
f 8032 8031 8036
f 8032 8036 8035
f 8034 8033 8038
f 8034 8038 8037
f 8036 8031 8034
f 8036 8034 8037
f 8032 8035 8038
f 8032 8038 8033
o glass_2_1_0
usemtl steel
v 2.000000 1.000000 0.187500
v 2.000000 1.000000 0.375000
v 2.000000 2.000000 0.375000
f 8039 8040 8041
v 2.000000 2.000000 0.187500
f 8039 8041 8042
v 2.062500 1.000000 0.375000
v 2.062500 1.000000 0.187500
v 2.062500 2.000000 0.187500
f 8043 8044 8045
v 2.062500 2.000000 0.375000
f 8043 8045 8046
f 8040 8039 8044
f 8040 8044 8043
f 8042 8041 8046
f 8042 8046 8045
f 8044 8039 8042
f 8044 8042 8045
f 8040 8043 8046
f 8040 8046 8041
v 2.937500 1.000000 0.187500
v 2.937500 1.000000 0.375000
v 2.937500 2.000000 0.375000
f 8047 8048 8049
v 2.937500 2.000000 0.187500
f 8047 8049 8050
v 3.000000 1.000000 0.375000
v 3.000000 1.000000 0.187500
v 3.000000 2.000000 0.187500
f 8051 8052 8053
v 3.000000 2.000000 0.375000
f 8051 8053 8054
f 8048 8047 8052
f 8048 8052 8051
f 8050 8049 8054
f 8050 8054 8053
f 8052 8047 8050
f 8052 8050 8053
f 8048 8051 8054
f 8048 8054 8049
v 2.062500 1.062500 0.375000
f 8044 8043 8055
v 2.062500 1.062500 0.187500
f 8044 8055 8056
v 2.937500 1.062500 0.187500
f 8048 8047 8057
v 2.937500 1.062500 0.375000
f 8048 8057 8058
f 8043 8044 8047
f 8043 8047 8048
f 8056 8055 8058
f 8056 8058 8057
f 8047 8044 8056
f 8047 8056 8057
f 8043 8048 8058
f 8043 8058 8055
v 2.062500 1.937500 0.187500
v 2.062500 1.937500 0.375000
f 8059 8060 8046
f 8059 8046 8045
v 2.937500 1.937500 0.375000
v 2.937500 1.937500 0.187500
f 8061 8062 8050
f 8061 8050 8049
f 8060 8059 8062
f 8060 8062 8061
f 8045 8046 8049
f 8045 8049 8050
f 8062 8059 8045
f 8062 8045 8050
f 8060 8061 8049
f 8060 8049 8046
usemtl glass
v 2.062500 1.062500 0.281250
v 2.062500 1.062500 0.312500
v 2.062500 1.937500 0.312500
f 8063 8064 8065
v 2.062500 1.937500 0.281250
f 8063 8065 8066
v 2.937500 1.062500 0.312500
v 2.937500 1.062500 0.281250
v 2.937500 1.937500 0.281250
f 8067 8068 8069
v 2.937500 1.937500 0.312500
f 8067 8069 8070
f 8064 8063 8068
f 8064 8068 8067
f 8066 8065 8070
f 8066 8070 8069
f 8068 8063 8066
f 8068 8066 8069
f 8064 8067 8070
f 8064 8070 8065
o glass_3_1_6
usemtl steel
v 3.937500 1.000000 6.625000
v 3.937500 1.000000 6.812500
v 3.937500 2.000000 6.812500
f 8071 8072 8073
v 3.937500 2.000000 6.625000
f 8071 8073 8074
v 4.000000 1.000000 6.812500
v 4.000000 1.000000 6.625000
v 4.000000 2.000000 6.625000
f 8075 8076 8077
v 4.000000 2.000000 6.812500
f 8075 8077 8078
f 8072 8071 8076
f 8072 8076 8075
f 8074 8073 8078
f 8074 8078 8077
f 8076 8071 8074
f 8076 8074 8077
f 8072 8075 8078
f 8072 8078 8073
v 3.000000 1.000000 6.625000
v 3.000000 1.000000 6.812500
v 3.000000 2.000000 6.812500
f 8079 8080 8081
v 3.000000 2.000000 6.625000
f 8079 8081 8082
v 3.062500 1.000000 6.812500
v 3.062500 1.000000 6.625000
v 3.062500 2.000000 6.625000
f 8083 8084 8085
v 3.062500 2.000000 6.812500
f 8083 8085 8086
f 8080 8079 8084
f 8080 8084 8083
f 8082 8081 8086
f 8082 8086 8085
f 8084 8079 8082
f 8084 8082 8085
f 8080 8083 8086
f 8080 8086 8081
v 3.062500 1.062500 6.812500
f 8084 8083 8087
v 3.062500 1.062500 6.625000
f 8084 8087 8088
v 3.937500 1.062500 6.625000
f 8072 8071 8089
v 3.937500 1.062500 6.812500
f 8072 8089 8090
f 8083 8084 8071
f 8083 8071 8072
f 8088 8087 8090
f 8088 8090 8089
f 8071 8084 8088
f 8071 8088 8089
f 8083 8072 8090
f 8083 8090 8087
v 3.062500 1.937500 6.625000
v 3.062500 1.937500 6.812500
f 8091 8092 8086
f 8091 8086 8085
v 3.937500 1.937500 6.812500
v 3.937500 1.937500 6.625000
f 8093 8094 8074
f 8093 8074 8073
f 8092 8091 8094
f 8092 8094 8093
f 8085 8086 8073
f 8085 8073 8074
f 8094 8091 8085
f 8094 8085 8074
f 8092 8093 8073
f 8092 8073 8086
usemtl glass
v 3.062500 1.062500 6.687500
v 3.062500 1.062500 6.718750
v 3.062500 1.937500 6.718750
f 8095 8096 8097
v 3.062500 1.937500 6.687500
f 8095 8097 8098
v 3.937500 1.062500 6.718750
v 3.937500 1.062500 6.687500
v 3.937500 1.937500 6.687500
f 8099 8100 8101
v 3.937500 1.937500 6.718750
f 8099 8101 8102
f 8096 8095 8100
f 8096 8100 8099
f 8098 8097 8102
f 8098 8102 8101
f 8100 8095 8098
f 8100 8098 8101
f 8096 8099 8102
f 8096 8102 8097
o glass_4_1_0
usemtl steel
v 4.000000 1.000000 0.187500
v 4.000000 1.000000 0.375000
v 4.000000 2.000000 0.375000
f 8103 8104 8105
v 4.000000 2.000000 0.187500
f 8103 8105 8106
v 4.062500 1.000000 0.375000
v 4.062500 1.000000 0.187500
v 4.062500 2.000000 0.187500
f 8107 8108 8109
v 4.062500 2.000000 0.375000
f 8107 8109 8110
f 8104 8103 8108
f 8104 8108 8107
f 8106 8105 8110
f 8106 8110 8109
f 8108 8103 8106
f 8108 8106 8109
f 8104 8107 8110
f 8104 8110 8105
v 4.937500 1.000000 0.187500
v 4.937500 1.000000 0.375000
v 4.937500 2.000000 0.375000
f 8111 8112 8113
v 4.937500 2.000000 0.187500
f 8111 8113 8114
v 5.000000 1.000000 0.375000
v 5.000000 1.000000 0.187500
v 5.000000 2.000000 0.187500
f 8115 8116 8117
v 5.000000 2.000000 0.375000
f 8115 8117 8118
f 8112 8111 8116
f 8112 8116 8115
f 8114 8113 8118
f 8114 8118 8117
f 8116 8111 8114
f 8116 8114 8117
f 8112 8115 8118
f 8112 8118 8113
v 4.062500 1.062500 0.375000
f 8108 8107 8119
v 4.062500 1.062500 0.187500
f 8108 8119 8120
v 4.937500 1.062500 0.187500
f 8112 8111 8121
v 4.937500 1.062500 0.375000
f 8112 8121 8122
f 8107 8108 8111
f 8107 8111 8112
f 8120 8119 8122
f 8120 8122 8121
f 8111 8108 8120
f 8111 8120 8121
f 8107 8112 8122
f 8107 8122 8119
v 4.062500 1.937500 0.187500
v 4.062500 1.937500 0.375000
f 8123 8124 8110
f 8123 8110 8109
v 4.937500 1.937500 0.375000
v 4.937500 1.937500 0.187500
f 8125 8126 8114
f 8125 8114 8113
f 8124 8123 8126
f 8124 8126 8125
f 8109 8110 8113
f 8109 8113 8114
f 8126 8123 8109
f 8126 8109 8114
f 8124 8125 8113
f 8124 8113 8110
usemtl glass
v 4.062500 1.062500 0.281250
v 4.062500 1.062500 0.312500
v 4.062500 1.937500 0.312500
f 8127 8128 8129
v 4.062500 1.937500 0.281250
f 8127 8129 8130
v 4.937500 1.062500 0.312500
v 4.937500 1.062500 0.281250
v 4.937500 1.937500 0.281250
f 8131 8132 8133
v 4.937500 1.937500 0.312500
f 8131 8133 8134
f 8128 8127 8132
f 8128 8132 8131
f 8130 8129 8134
f 8130 8134 8133
f 8132 8127 8130
f 8132 8130 8133
f 8128 8131 8134
f 8128 8134 8129
